# Jezero_C terrain mesh (v2, with vertex normals)
# Generated by dtm_to_obj_v2.py
# Source DTM: /home/jatin-satyam/ros2_ws/src/midterm_project/worlds/jezero_c/dtm/jezero_c_heightmap_65.tif
# Extent: 64.0 x 64.0 m, elevation 0.0 to 3.080 m
# 65x65 vertex grid, 8192 triangles
mtllib jezero_terrain.mtl
o jezero_terrain

v -32.000000 32.000000 2.377686
v -31.000000 32.000000 2.377686
v -30.000000 32.000000 2.377686
v -29.000000 32.000000 2.377686
v -28.000000 32.000000 2.377686
v -27.000000 32.000000 2.377686
v -26.000000 32.000000 2.377686
v -25.000000 32.000000 2.377686
v -24.000000 32.000000 2.377686
v -23.000000 32.000000 2.377686
v -22.000000 32.000000 2.377686
v -21.000000 32.000000 2.377686
v -20.000000 32.000000 2.377686
v -19.000000 32.000000 2.321777
v -18.000000 32.000000 2.260986
v -17.000000 32.000000 2.199219
v -16.000000 32.000000 2.148682
v -15.000000 32.000000 2.123535
v -14.000000 32.000000 2.104736
v -13.000000 32.000000 2.094238
v -12.000000 32.000000 2.095459
v -11.000000 32.000000 2.093262
v -10.000000 32.000000 2.084717
v -9.000000 32.000000 2.077637
v -8.000000 32.000000 2.072021
v -7.000000 32.000000 2.073242
v -6.000000 32.000000 2.081299
v -5.000000 32.000000 2.087891
v -4.000000 32.000000 2.083740
v -3.000000 32.000000 2.073730
v -2.000000 32.000000 2.054932
v -1.000000 32.000000 2.026855
v 0.000000 32.000000 2.004639
v 1.000000 32.000000 1.988770
v 2.000000 32.000000 1.958740
v 3.000000 32.000000 1.923340
v 4.000000 32.000000 1.885010
v 5.000000 32.000000 1.842773
v 6.000000 32.000000 1.800537
v 7.000000 32.000000 1.765625
v 8.000000 32.000000 1.732666
v 9.000000 32.000000 1.682617
v 10.000000 32.000000 1.613525
v 11.000000 32.000000 1.545410
v 12.000000 32.000000 1.482666
v 13.000000 32.000000 1.420410
v 14.000000 32.000000 1.361572
v 15.000000 32.000000 1.291992
v 16.000000 32.000000 1.184326
v 17.000000 32.000000 1.042480
v 18.000000 32.000000 0.908447
v 19.000000 32.000000 0.768555
v 20.000000 32.000000 0.768555
v 21.000000 32.000000 0.768555
v 22.000000 32.000000 0.768555
v 23.000000 32.000000 0.768555
v 24.000000 32.000000 0.768555
v 25.000000 32.000000 0.768555
v 26.000000 32.000000 0.768555
v 27.000000 32.000000 0.768555
v 28.000000 32.000000 0.768555
v 29.000000 32.000000 0.768555
v 30.000000 32.000000 0.768555
v 31.000000 32.000000 0.768555
v 32.000000 32.000000 0.768555
v -32.000000 31.000000 2.377686
v -31.000000 31.000000 2.377686
v -30.000000 31.000000 2.377686
v -29.000000 31.000000 2.377686
v -28.000000 31.000000 2.377686
v -27.000000 31.000000 2.377686
v -26.000000 31.000000 2.377686
v -25.000000 31.000000 2.377686
v -24.000000 31.000000 2.377686
v -23.000000 31.000000 2.377686
v -22.000000 31.000000 2.377686
v -21.000000 31.000000 2.377686
v -20.000000 31.000000 2.377686
v -19.000000 31.000000 2.321777
v -18.000000 31.000000 2.260986
v -17.000000 31.000000 2.199219
v -16.000000 31.000000 2.148682
v -15.000000 31.000000 2.123535
v -14.000000 31.000000 2.104736
v -13.000000 31.000000 2.094238
v -12.000000 31.000000 2.095459
v -11.000000 31.000000 2.093262
v -10.000000 31.000000 2.084717
v -9.000000 31.000000 2.077637
v -8.000000 31.000000 2.072021
v -7.000000 31.000000 2.073242
v -6.000000 31.000000 2.081299
v -5.000000 31.000000 2.087891
v -4.000000 31.000000 2.083740
v -3.000000 31.000000 2.073730
v -2.000000 31.000000 2.054932
v -1.000000 31.000000 2.026855
v 0.000000 31.000000 2.004639
v 1.000000 31.000000 1.988770
v 2.000000 31.000000 1.958740
v 3.000000 31.000000 1.923340
v 4.000000 31.000000 1.885010
v 5.000000 31.000000 1.842773
v 6.000000 31.000000 1.800537
v 7.000000 31.000000 1.765625
v 8.000000 31.000000 1.732666
v 9.000000 31.000000 1.682617
v 10.000000 31.000000 1.613525
v 11.000000 31.000000 1.545410
v 12.000000 31.000000 1.482666
v 13.000000 31.000000 1.420410
v 14.000000 31.000000 1.361572
v 15.000000 31.000000 1.291992
v 16.000000 31.000000 1.184326
v 17.000000 31.000000 1.042480
v 18.000000 31.000000 0.908447
v 19.000000 31.000000 0.768555
v 20.000000 31.000000 0.768555
v 21.000000 31.000000 0.768555
v 22.000000 31.000000 0.768555
v 23.000000 31.000000 0.768555
v 24.000000 31.000000 0.768555
v 25.000000 31.000000 0.768555
v 26.000000 31.000000 0.768555
v 27.000000 31.000000 0.768555
v 28.000000 31.000000 0.768555
v 29.000000 31.000000 0.768555
v 30.000000 31.000000 0.768555
v 31.000000 31.000000 0.768555
v 32.000000 31.000000 0.768555
v -32.000000 30.000000 2.377686
v -31.000000 30.000000 2.377686
v -30.000000 30.000000 2.377686
v -29.000000 30.000000 2.377686
v -28.000000 30.000000 2.377686
v -27.000000 30.000000 2.377686
v -26.000000 30.000000 2.377686
v -25.000000 30.000000 2.377686
v -24.000000 30.000000 2.377686
v -23.000000 30.000000 2.377686
v -22.000000 30.000000 2.377686
v -21.000000 30.000000 2.377686
v -20.000000 30.000000 2.377686
v -19.000000 30.000000 2.321777
v -18.000000 30.000000 2.260986
v -17.000000 30.000000 2.199219
v -16.000000 30.000000 2.148682
v -15.000000 30.000000 2.123535
v -14.000000 30.000000 2.104736
v -13.000000 30.000000 2.094238
v -12.000000 30.000000 2.095459
v -11.000000 30.000000 2.093262
v -10.000000 30.000000 2.084717
v -9.000000 30.000000 2.077637
v -8.000000 30.000000 2.072021
v -7.000000 30.000000 2.073242
v -6.000000 30.000000 2.081299
v -5.000000 30.000000 2.087891
v -4.000000 30.000000 2.083740
v -3.000000 30.000000 2.073730
v -2.000000 30.000000 2.054932
v -1.000000 30.000000 2.026855
v 0.000000 30.000000 2.004639
v 1.000000 30.000000 1.988770
v 2.000000 30.000000 1.958740
v 3.000000 30.000000 1.923340
v 4.000000 30.000000 1.885010
v 5.000000 30.000000 1.842773
v 6.000000 30.000000 1.800537
v 7.000000 30.000000 1.765625
v 8.000000 30.000000 1.732666
v 9.000000 30.000000 1.682617
v 10.000000 30.000000 1.613525
v 11.000000 30.000000 1.545410
v 12.000000 30.000000 1.482666
v 13.000000 30.000000 1.420410
v 14.000000 30.000000 1.361572
v 15.000000 30.000000 1.291992
v 16.000000 30.000000 1.184326
v 17.000000 30.000000 1.042480
v 18.000000 30.000000 0.908447
v 19.000000 30.000000 0.768555
v 20.000000 30.000000 0.768555
v 21.000000 30.000000 0.768555
v 22.000000 30.000000 0.768555
v 23.000000 30.000000 0.768555
v 24.000000 30.000000 0.768555
v 25.000000 30.000000 0.768555
v 26.000000 30.000000 0.768555
v 27.000000 30.000000 0.768555
v 28.000000 30.000000 0.768555
v 29.000000 30.000000 0.768555
v 30.000000 30.000000 0.768555
v 31.000000 30.000000 0.768555
v 32.000000 30.000000 0.768555
v -32.000000 29.000000 2.377686
v -31.000000 29.000000 2.377686
v -30.000000 29.000000 2.377686
v -29.000000 29.000000 2.377686
v -28.000000 29.000000 2.377686
v -27.000000 29.000000 2.377686
v -26.000000 29.000000 2.377686
v -25.000000 29.000000 2.377686
v -24.000000 29.000000 2.377686
v -23.000000 29.000000 2.377686
v -22.000000 29.000000 2.377686
v -21.000000 29.000000 2.377686
v -20.000000 29.000000 2.377686
v -19.000000 29.000000 2.321777
v -18.000000 29.000000 2.260986
v -17.000000 29.000000 2.199219
v -16.000000 29.000000 2.148682
v -15.000000 29.000000 2.123535
v -14.000000 29.000000 2.104736
v -13.000000 29.000000 2.094238
v -12.000000 29.000000 2.095459
v -11.000000 29.000000 2.093262
v -10.000000 29.000000 2.084717
v -9.000000 29.000000 2.077637
v -8.000000 29.000000 2.072021
v -7.000000 29.000000 2.073242
v -6.000000 29.000000 2.081299
v -5.000000 29.000000 2.087891
v -4.000000 29.000000 2.083740
v -3.000000 29.000000 2.073730
v -2.000000 29.000000 2.054932
v -1.000000 29.000000 2.026855
v 0.000000 29.000000 2.004639
v 1.000000 29.000000 1.988770
v 2.000000 29.000000 1.958740
v 3.000000 29.000000 1.923340
v 4.000000 29.000000 1.885010
v 5.000000 29.000000 1.842773
v 6.000000 29.000000 1.800537
v 7.000000 29.000000 1.765625
v 8.000000 29.000000 1.732666
v 9.000000 29.000000 1.682617
v 10.000000 29.000000 1.613525
v 11.000000 29.000000 1.545410
v 12.000000 29.000000 1.482666
v 13.000000 29.000000 1.420410
v 14.000000 29.000000 1.361572
v 15.000000 29.000000 1.291992
v 16.000000 29.000000 1.184326
v 17.000000 29.000000 1.042480
v 18.000000 29.000000 0.908447
v 19.000000 29.000000 0.768555
v 20.000000 29.000000 0.768555
v 21.000000 29.000000 0.768555
v 22.000000 29.000000 0.768555
v 23.000000 29.000000 0.768555
v 24.000000 29.000000 0.768555
v 25.000000 29.000000 0.768555
v 26.000000 29.000000 0.768555
v 27.000000 29.000000 0.768555
v 28.000000 29.000000 0.768555
v 29.000000 29.000000 0.768555
v 30.000000 29.000000 0.768555
v 31.000000 29.000000 0.768555
v 32.000000 29.000000 0.768555
v -32.000000 28.000000 2.377686
v -31.000000 28.000000 2.377686
v -30.000000 28.000000 2.377686
v -29.000000 28.000000 2.377686
v -28.000000 28.000000 2.377686
v -27.000000 28.000000 2.377686
v -26.000000 28.000000 2.377686
v -25.000000 28.000000 2.377686
v -24.000000 28.000000 2.377686
v -23.000000 28.000000 2.377686
v -22.000000 28.000000 2.377686
v -21.000000 28.000000 2.377686
v -20.000000 28.000000 2.377686
v -19.000000 28.000000 2.321777
v -18.000000 28.000000 2.260986
v -17.000000 28.000000 2.199219
v -16.000000 28.000000 2.148682
v -15.000000 28.000000 2.123535
v -14.000000 28.000000 2.104736
v -13.000000 28.000000 2.094238
v -12.000000 28.000000 2.095459
v -11.000000 28.000000 2.093262
v -10.000000 28.000000 2.084717
v -9.000000 28.000000 2.077637
v -8.000000 28.000000 2.072021
v -7.000000 28.000000 2.073242
v -6.000000 28.000000 2.081299
v -5.000000 28.000000 2.087891
v -4.000000 28.000000 2.083740
v -3.000000 28.000000 2.073730
v -2.000000 28.000000 2.054932
v -1.000000 28.000000 2.026855
v 0.000000 28.000000 2.004639
v 1.000000 28.000000 1.988770
v 2.000000 28.000000 1.958740
v 3.000000 28.000000 1.923340
v 4.000000 28.000000 1.885010
v 5.000000 28.000000 1.842773
v 6.000000 28.000000 1.800537
v 7.000000 28.000000 1.765625
v 8.000000 28.000000 1.732666
v 9.000000 28.000000 1.682617
v 10.000000 28.000000 1.613525
v 11.000000 28.000000 1.545410
v 12.000000 28.000000 1.482666
v 13.000000 28.000000 1.420410
v 14.000000 28.000000 1.361572
v 15.000000 28.000000 1.291992
v 16.000000 28.000000 1.184326
v 17.000000 28.000000 1.042480
v 18.000000 28.000000 0.908447
v 19.000000 28.000000 0.768555
v 20.000000 28.000000 0.768555
v 21.000000 28.000000 0.768555
v 22.000000 28.000000 0.768555
v 23.000000 28.000000 0.768555
v 24.000000 28.000000 0.768555
v 25.000000 28.000000 0.768555
v 26.000000 28.000000 0.768555
v 27.000000 28.000000 0.768555
v 28.000000 28.000000 0.768555
v 29.000000 28.000000 0.768555
v 30.000000 28.000000 0.768555
v 31.000000 28.000000 0.768555
v 32.000000 28.000000 0.768555
v -32.000000 27.000000 2.377686
v -31.000000 27.000000 2.377686
v -30.000000 27.000000 2.377686
v -29.000000 27.000000 2.377686
v -28.000000 27.000000 2.377686
v -27.000000 27.000000 2.377686
v -26.000000 27.000000 2.377686
v -25.000000 27.000000 2.377686
v -24.000000 27.000000 2.377686
v -23.000000 27.000000 2.377686
v -22.000000 27.000000 2.377686
v -21.000000 27.000000 2.377686
v -20.000000 27.000000 2.377686
v -19.000000 27.000000 2.321777
v -18.000000 27.000000 2.260986
v -17.000000 27.000000 2.199219
v -16.000000 27.000000 2.148682
v -15.000000 27.000000 2.123535
v -14.000000 27.000000 2.104736
v -13.000000 27.000000 2.094238
v -12.000000 27.000000 2.095459
v -11.000000 27.000000 2.093262
v -10.000000 27.000000 2.084717
v -9.000000 27.000000 2.077637
v -8.000000 27.000000 2.072021
v -7.000000 27.000000 2.073242
v -6.000000 27.000000 2.081299
v -5.000000 27.000000 2.087891
v -4.000000 27.000000 2.083740
v -3.000000 27.000000 2.073730
v -2.000000 27.000000 2.054932
v -1.000000 27.000000 2.026855
v 0.000000 27.000000 2.004639
v 1.000000 27.000000 1.988770
v 2.000000 27.000000 1.958740
v 3.000000 27.000000 1.923340
v 4.000000 27.000000 1.885010
v 5.000000 27.000000 1.842773
v 6.000000 27.000000 1.800537
v 7.000000 27.000000 1.765625
v 8.000000 27.000000 1.732666
v 9.000000 27.000000 1.682617
v 10.000000 27.000000 1.613525
v 11.000000 27.000000 1.545410
v 12.000000 27.000000 1.482666
v 13.000000 27.000000 1.420410
v 14.000000 27.000000 1.361572
v 15.000000 27.000000 1.291992
v 16.000000 27.000000 1.184326
v 17.000000 27.000000 1.042480
v 18.000000 27.000000 0.908447
v 19.000000 27.000000 0.768555
v 20.000000 27.000000 0.768555
v 21.000000 27.000000 0.768555
v 22.000000 27.000000 0.768555
v 23.000000 27.000000 0.768555
v 24.000000 27.000000 0.768555
v 25.000000 27.000000 0.768555
v 26.000000 27.000000 0.768555
v 27.000000 27.000000 0.768555
v 28.000000 27.000000 0.768555
v 29.000000 27.000000 0.768555
v 30.000000 27.000000 0.768555
v 31.000000 27.000000 0.768555
v 32.000000 27.000000 0.768555
v -32.000000 26.000000 2.377686
v -31.000000 26.000000 2.377686
v -30.000000 26.000000 2.377686
v -29.000000 26.000000 2.377686
v -28.000000 26.000000 2.377686
v -27.000000 26.000000 2.377686
v -26.000000 26.000000 2.377686
v -25.000000 26.000000 2.377686
v -24.000000 26.000000 2.377686
v -23.000000 26.000000 2.377686
v -22.000000 26.000000 2.377686
v -21.000000 26.000000 2.377686
v -20.000000 26.000000 2.377686
v -19.000000 26.000000 2.321777
v -18.000000 26.000000 2.260986
v -17.000000 26.000000 2.199219
v -16.000000 26.000000 2.148682
v -15.000000 26.000000 2.123535
v -14.000000 26.000000 2.104736
v -13.000000 26.000000 2.094238
v -12.000000 26.000000 2.095459
v -11.000000 26.000000 2.093262
v -10.000000 26.000000 2.084717
v -9.000000 26.000000 2.077637
v -8.000000 26.000000 2.072021
v -7.000000 26.000000 2.073242
v -6.000000 26.000000 2.081299
v -5.000000 26.000000 2.087891
v -4.000000 26.000000 2.083740
v -3.000000 26.000000 2.073730
v -2.000000 26.000000 2.054932
v -1.000000 26.000000 2.026855
v 0.000000 26.000000 2.004639
v 1.000000 26.000000 1.988770
v 2.000000 26.000000 1.958740
v 3.000000 26.000000 1.923340
v 4.000000 26.000000 1.885010
v 5.000000 26.000000 1.842773
v 6.000000 26.000000 1.800537
v 7.000000 26.000000 1.765625
v 8.000000 26.000000 1.732666
v 9.000000 26.000000 1.682617
v 10.000000 26.000000 1.613525
v 11.000000 26.000000 1.545410
v 12.000000 26.000000 1.482666
v 13.000000 26.000000 1.420410
v 14.000000 26.000000 1.361572
v 15.000000 26.000000 1.291992
v 16.000000 26.000000 1.184326
v 17.000000 26.000000 1.042480
v 18.000000 26.000000 0.908447
v 19.000000 26.000000 0.768555
v 20.000000 26.000000 0.768555
v 21.000000 26.000000 0.768555
v 22.000000 26.000000 0.768555
v 23.000000 26.000000 0.768555
v 24.000000 26.000000 0.768555
v 25.000000 26.000000 0.768555
v 26.000000 26.000000 0.768555
v 27.000000 26.000000 0.768555
v 28.000000 26.000000 0.768555
v 29.000000 26.000000 0.768555
v 30.000000 26.000000 0.768555
v 31.000000 26.000000 0.768555
v 32.000000 26.000000 0.768555
v -32.000000 25.000000 2.377686
v -31.000000 25.000000 2.377686
v -30.000000 25.000000 2.377686
v -29.000000 25.000000 2.377686
v -28.000000 25.000000 2.377686
v -27.000000 25.000000 2.377686
v -26.000000 25.000000 2.377686
v -25.000000 25.000000 2.377686
v -24.000000 25.000000 2.377686
v -23.000000 25.000000 2.377686
v -22.000000 25.000000 2.377686
v -21.000000 25.000000 2.377686
v -20.000000 25.000000 2.377686
v -19.000000 25.000000 2.321777
v -18.000000 25.000000 2.260986
v -17.000000 25.000000 2.199219
v -16.000000 25.000000 2.148682
v -15.000000 25.000000 2.123535
v -14.000000 25.000000 2.104736
v -13.000000 25.000000 2.094238
v -12.000000 25.000000 2.095459
v -11.000000 25.000000 2.093262
v -10.000000 25.000000 2.084717
v -9.000000 25.000000 2.077637
v -8.000000 25.000000 2.072021
v -7.000000 25.000000 2.073242
v -6.000000 25.000000 2.081299
v -5.000000 25.000000 2.087891
v -4.000000 25.000000 2.083740
v -3.000000 25.000000 2.073730
v -2.000000 25.000000 2.054932
v -1.000000 25.000000 2.026855
v 0.000000 25.000000 2.004639
v 1.000000 25.000000 1.988770
v 2.000000 25.000000 1.958740
v 3.000000 25.000000 1.923340
v 4.000000 25.000000 1.885010
v 5.000000 25.000000 1.842773
v 6.000000 25.000000 1.800537
v 7.000000 25.000000 1.765625
v 8.000000 25.000000 1.732666
v 9.000000 25.000000 1.682617
v 10.000000 25.000000 1.613525
v 11.000000 25.000000 1.545410
v 12.000000 25.000000 1.482666
v 13.000000 25.000000 1.420410
v 14.000000 25.000000 1.361572
v 15.000000 25.000000 1.291992
v 16.000000 25.000000 1.184326
v 17.000000 25.000000 1.042480
v 18.000000 25.000000 0.908447
v 19.000000 25.000000 0.768555
v 20.000000 25.000000 0.768555
v 21.000000 25.000000 0.768555
v 22.000000 25.000000 0.768555
v 23.000000 25.000000 0.768555
v 24.000000 25.000000 0.768555
v 25.000000 25.000000 0.768555
v 26.000000 25.000000 0.768555
v 27.000000 25.000000 0.768555
v 28.000000 25.000000 0.768555
v 29.000000 25.000000 0.768555
v 30.000000 25.000000 0.768555
v 31.000000 25.000000 0.768555
v 32.000000 25.000000 0.768555
v -32.000000 24.000000 2.377686
v -31.000000 24.000000 2.377686
v -30.000000 24.000000 2.377686
v -29.000000 24.000000 2.377686
v -28.000000 24.000000 2.377686
v -27.000000 24.000000 2.377686
v -26.000000 24.000000 2.377686
v -25.000000 24.000000 2.377686
v -24.000000 24.000000 2.377686
v -23.000000 24.000000 2.377686
v -22.000000 24.000000 2.377686
v -21.000000 24.000000 2.377686
v -20.000000 24.000000 2.377686
v -19.000000 24.000000 2.321777
v -18.000000 24.000000 2.260986
v -17.000000 24.000000 2.199219
v -16.000000 24.000000 2.148682
v -15.000000 24.000000 2.123535
v -14.000000 24.000000 2.104736
v -13.000000 24.000000 2.094238
v -12.000000 24.000000 2.095459
v -11.000000 24.000000 2.093262
v -10.000000 24.000000 2.084717
v -9.000000 24.000000 2.077637
v -8.000000 24.000000 2.072021
v -7.000000 24.000000 2.073242
v -6.000000 24.000000 2.081299
v -5.000000 24.000000 2.087891
v -4.000000 24.000000 2.083740
v -3.000000 24.000000 2.073730
v -2.000000 24.000000 2.054932
v -1.000000 24.000000 2.026855
v 0.000000 24.000000 2.004639
v 1.000000 24.000000 1.988770
v 2.000000 24.000000 1.958740
v 3.000000 24.000000 1.923340
v 4.000000 24.000000 1.885010
v 5.000000 24.000000 1.842773
v 6.000000 24.000000 1.800537
v 7.000000 24.000000 1.765625
v 8.000000 24.000000 1.732666
v 9.000000 24.000000 1.682617
v 10.000000 24.000000 1.613525
v 11.000000 24.000000 1.545410
v 12.000000 24.000000 1.482666
v 13.000000 24.000000 1.420410
v 14.000000 24.000000 1.361572
v 15.000000 24.000000 1.291992
v 16.000000 24.000000 1.184326
v 17.000000 24.000000 1.042480
v 18.000000 24.000000 0.908447
v 19.000000 24.000000 0.768555
v 20.000000 24.000000 0.768555
v 21.000000 24.000000 0.768555
v 22.000000 24.000000 0.768555
v 23.000000 24.000000 0.768555
v 24.000000 24.000000 0.768555
v 25.000000 24.000000 0.768555
v 26.000000 24.000000 0.768555
v 27.000000 24.000000 0.768555
v 28.000000 24.000000 0.768555
v 29.000000 24.000000 0.768555
v 30.000000 24.000000 0.768555
v 31.000000 24.000000 0.768555
v 32.000000 24.000000 0.768555
v -32.000000 23.000000 2.377686
v -31.000000 23.000000 2.377686
v -30.000000 23.000000 2.377686
v -29.000000 23.000000 2.377686
v -28.000000 23.000000 2.377686
v -27.000000 23.000000 2.377686
v -26.000000 23.000000 2.377686
v -25.000000 23.000000 2.377686
v -24.000000 23.000000 2.377686
v -23.000000 23.000000 2.377686
v -22.000000 23.000000 2.377686
v -21.000000 23.000000 2.377686
v -20.000000 23.000000 2.377686
v -19.000000 23.000000 2.321777
v -18.000000 23.000000 2.260986
v -17.000000 23.000000 2.199219
v -16.000000 23.000000 2.148682
v -15.000000 23.000000 2.123535
v -14.000000 23.000000 2.104736
v -13.000000 23.000000 2.094238
v -12.000000 23.000000 2.095459
v -11.000000 23.000000 2.093262
v -10.000000 23.000000 2.084717
v -9.000000 23.000000 2.077637
v -8.000000 23.000000 2.072021
v -7.000000 23.000000 2.073242
v -6.000000 23.000000 2.081299
v -5.000000 23.000000 2.087891
v -4.000000 23.000000 2.083740
v -3.000000 23.000000 2.073730
v -2.000000 23.000000 2.054932
v -1.000000 23.000000 2.026855
v 0.000000 23.000000 2.004639
v 1.000000 23.000000 1.988770
v 2.000000 23.000000 1.958740
v 3.000000 23.000000 1.923340
v 4.000000 23.000000 1.885010
v 5.000000 23.000000 1.842773
v 6.000000 23.000000 1.800537
v 7.000000 23.000000 1.765625
v 8.000000 23.000000 1.732666
v 9.000000 23.000000 1.682617
v 10.000000 23.000000 1.613525
v 11.000000 23.000000 1.545410
v 12.000000 23.000000 1.482666
v 13.000000 23.000000 1.420410
v 14.000000 23.000000 1.361572
v 15.000000 23.000000 1.291992
v 16.000000 23.000000 1.184326
v 17.000000 23.000000 1.042480
v 18.000000 23.000000 0.908447
v 19.000000 23.000000 0.768555
v 20.000000 23.000000 0.768555
v 21.000000 23.000000 0.768555
v 22.000000 23.000000 0.768555
v 23.000000 23.000000 0.768555
v 24.000000 23.000000 0.768555
v 25.000000 23.000000 0.768555
v 26.000000 23.000000 0.768555
v 27.000000 23.000000 0.768555
v 28.000000 23.000000 0.768555
v 29.000000 23.000000 0.768555
v 30.000000 23.000000 0.768555
v 31.000000 23.000000 0.768555
v 32.000000 23.000000 0.768555
v -32.000000 22.000000 2.377686
v -31.000000 22.000000 2.377686
v -30.000000 22.000000 2.377686
v -29.000000 22.000000 2.377686
v -28.000000 22.000000 2.377686
v -27.000000 22.000000 2.377686
v -26.000000 22.000000 2.377686
v -25.000000 22.000000 2.377686
v -24.000000 22.000000 2.377686
v -23.000000 22.000000 2.377686
v -22.000000 22.000000 2.377686
v -21.000000 22.000000 2.377686
v -20.000000 22.000000 2.377686
v -19.000000 22.000000 2.321777
v -18.000000 22.000000 2.260986
v -17.000000 22.000000 2.199219
v -16.000000 22.000000 2.148682
v -15.000000 22.000000 2.123535
v -14.000000 22.000000 2.104736
v -13.000000 22.000000 2.094238
v -12.000000 22.000000 2.095459
v -11.000000 22.000000 2.093262
v -10.000000 22.000000 2.084717
v -9.000000 22.000000 2.077637
v -8.000000 22.000000 2.072021
v -7.000000 22.000000 2.073242
v -6.000000 22.000000 2.081299
v -5.000000 22.000000 2.087891
v -4.000000 22.000000 2.083740
v -3.000000 22.000000 2.073730
v -2.000000 22.000000 2.054932
v -1.000000 22.000000 2.026855
v 0.000000 22.000000 2.004639
v 1.000000 22.000000 1.988770
v 2.000000 22.000000 1.958740
v 3.000000 22.000000 1.923340
v 4.000000 22.000000 1.885010
v 5.000000 22.000000 1.842773
v 6.000000 22.000000 1.800537
v 7.000000 22.000000 1.765625
v 8.000000 22.000000 1.732666
v 9.000000 22.000000 1.682617
v 10.000000 22.000000 1.613525
v 11.000000 22.000000 1.545410
v 12.000000 22.000000 1.482666
v 13.000000 22.000000 1.420410
v 14.000000 22.000000 1.361572
v 15.000000 22.000000 1.291992
v 16.000000 22.000000 1.184326
v 17.000000 22.000000 1.042480
v 18.000000 22.000000 0.908447
v 19.000000 22.000000 0.768555
v 20.000000 22.000000 0.768555
v 21.000000 22.000000 0.768555
v 22.000000 22.000000 0.768555
v 23.000000 22.000000 0.768555
v 24.000000 22.000000 0.768555
v 25.000000 22.000000 0.768555
v 26.000000 22.000000 0.768555
v 27.000000 22.000000 0.768555
v 28.000000 22.000000 0.768555
v 29.000000 22.000000 0.768555
v 30.000000 22.000000 0.768555
v 31.000000 22.000000 0.768555
v 32.000000 22.000000 0.768555
v -32.000000 21.000000 2.377686
v -31.000000 21.000000 2.377686
v -30.000000 21.000000 2.377686
v -29.000000 21.000000 2.377686
v -28.000000 21.000000 2.377686
v -27.000000 21.000000 2.377686
v -26.000000 21.000000 2.377686
v -25.000000 21.000000 2.377686
v -24.000000 21.000000 2.377686
v -23.000000 21.000000 2.377686
v -22.000000 21.000000 2.377686
v -21.000000 21.000000 2.377686
v -20.000000 21.000000 2.377686
v -19.000000 21.000000 2.321777
v -18.000000 21.000000 2.260986
v -17.000000 21.000000 2.199219
v -16.000000 21.000000 2.148682
v -15.000000 21.000000 2.123535
v -14.000000 21.000000 2.104736
v -13.000000 21.000000 2.094238
v -12.000000 21.000000 2.095459
v -11.000000 21.000000 2.093262
v -10.000000 21.000000 2.084717
v -9.000000 21.000000 2.077637
v -8.000000 21.000000 2.072021
v -7.000000 21.000000 2.073242
v -6.000000 21.000000 2.081299
v -5.000000 21.000000 2.087891
v -4.000000 21.000000 2.083740
v -3.000000 21.000000 2.073730
v -2.000000 21.000000 2.054932
v -1.000000 21.000000 2.026855
v 0.000000 21.000000 2.004639
v 1.000000 21.000000 1.988770
v 2.000000 21.000000 1.958740
v 3.000000 21.000000 1.923340
v 4.000000 21.000000 1.885010
v 5.000000 21.000000 1.842773
v 6.000000 21.000000 1.800537
v 7.000000 21.000000 1.765625
v 8.000000 21.000000 1.732666
v 9.000000 21.000000 1.682617
v 10.000000 21.000000 1.613525
v 11.000000 21.000000 1.545410
v 12.000000 21.000000 1.482666
v 13.000000 21.000000 1.420410
v 14.000000 21.000000 1.361572
v 15.000000 21.000000 1.291992
v 16.000000 21.000000 1.184326
v 17.000000 21.000000 1.042480
v 18.000000 21.000000 0.908447
v 19.000000 21.000000 0.768555
v 20.000000 21.000000 0.768555
v 21.000000 21.000000 0.768555
v 22.000000 21.000000 0.768555
v 23.000000 21.000000 0.768555
v 24.000000 21.000000 0.768555
v 25.000000 21.000000 0.768555
v 26.000000 21.000000 0.768555
v 27.000000 21.000000 0.768555
v 28.000000 21.000000 0.768555
v 29.000000 21.000000 0.768555
v 30.000000 21.000000 0.768555
v 31.000000 21.000000 0.768555
v 32.000000 21.000000 0.768555
v -32.000000 20.000000 2.377686
v -31.000000 20.000000 2.377686
v -30.000000 20.000000 2.377686
v -29.000000 20.000000 2.377686
v -28.000000 20.000000 2.377686
v -27.000000 20.000000 2.377686
v -26.000000 20.000000 2.377686
v -25.000000 20.000000 2.377686
v -24.000000 20.000000 2.377686
v -23.000000 20.000000 2.377686
v -22.000000 20.000000 2.377686
v -21.000000 20.000000 2.377686
v -20.000000 20.000000 2.377686
v -19.000000 20.000000 2.321777
v -18.000000 20.000000 2.260986
v -17.000000 20.000000 2.199219
v -16.000000 20.000000 2.148682
v -15.000000 20.000000 2.123535
v -14.000000 20.000000 2.104736
v -13.000000 20.000000 2.094238
v -12.000000 20.000000 2.095459
v -11.000000 20.000000 2.093262
v -10.000000 20.000000 2.084717
v -9.000000 20.000000 2.077637
v -8.000000 20.000000 2.072021
v -7.000000 20.000000 2.073242
v -6.000000 20.000000 2.081299
v -5.000000 20.000000 2.087891
v -4.000000 20.000000 2.083740
v -3.000000 20.000000 2.073730
v -2.000000 20.000000 2.054932
v -1.000000 20.000000 2.026855
v 0.000000 20.000000 2.004639
v 1.000000 20.000000 1.988770
v 2.000000 20.000000 1.958740
v 3.000000 20.000000 1.923340
v 4.000000 20.000000 1.885010
v 5.000000 20.000000 1.842773
v 6.000000 20.000000 1.800537
v 7.000000 20.000000 1.765625
v 8.000000 20.000000 1.732666
v 9.000000 20.000000 1.682617
v 10.000000 20.000000 1.613525
v 11.000000 20.000000 1.545410
v 12.000000 20.000000 1.482666
v 13.000000 20.000000 1.420410
v 14.000000 20.000000 1.361572
v 15.000000 20.000000 1.291992
v 16.000000 20.000000 1.184326
v 17.000000 20.000000 1.042480
v 18.000000 20.000000 0.908447
v 19.000000 20.000000 0.768555
v 20.000000 20.000000 0.768555
v 21.000000 20.000000 0.768555
v 22.000000 20.000000 0.768555
v 23.000000 20.000000 0.768555
v 24.000000 20.000000 0.768555
v 25.000000 20.000000 0.768555
v 26.000000 20.000000 0.768555
v 27.000000 20.000000 0.768555
v 28.000000 20.000000 0.768555
v 29.000000 20.000000 0.768555
v 30.000000 20.000000 0.768555
v 31.000000 20.000000 0.768555
v 32.000000 20.000000 0.768555
v -32.000000 19.000000 2.381592
v -31.000000 19.000000 2.381592
v -30.000000 19.000000 2.381592
v -29.000000 19.000000 2.381592
v -28.000000 19.000000 2.381592
v -27.000000 19.000000 2.381592
v -26.000000 19.000000 2.381592
v -25.000000 19.000000 2.381592
v -24.000000 19.000000 2.381592
v -23.000000 19.000000 2.381592
v -22.000000 19.000000 2.381592
v -21.000000 19.000000 2.381592
v -20.000000 19.000000 2.381592
v -19.000000 19.000000 2.334473
v -18.000000 19.000000 2.281982
v -17.000000 19.000000 2.223633
v -16.000000 19.000000 2.172119
v -15.000000 19.000000 2.145996
v -14.000000 19.000000 2.124756
v -13.000000 19.000000 2.109375
v -12.000000 19.000000 2.107666
v -11.000000 19.000000 2.105469
v -10.000000 19.000000 2.100342
v -9.000000 19.000000 2.103027
v -8.000000 19.000000 2.113525
v -7.000000 19.000000 2.126953
v -6.000000 19.000000 2.140869
v -5.000000 19.000000 2.148438
v -4.000000 19.000000 2.141357
v -3.000000 19.000000 2.125488
v -2.000000 19.000000 2.105225
v -1.000000 19.000000 2.085938
v 0.000000 19.000000 2.069092
v 1.000000 19.000000 2.052246
v 2.000000 19.000000 2.017822
v 3.000000 19.000000 1.973633
v 4.000000 19.000000 1.928467
v 5.000000 19.000000 1.882812
v 6.000000 19.000000 1.841064
v 7.000000 19.000000 1.802246
v 8.000000 19.000000 1.760010
v 9.000000 19.000000 1.694336
v 10.000000 19.000000 1.607666
v 11.000000 19.000000 1.524902
v 12.000000 19.000000 1.449951
v 13.000000 19.000000 1.377441
v 14.000000 19.000000 1.317627
v 15.000000 19.000000 1.251465
v 16.000000 19.000000 1.148682
v 17.000000 19.000000 1.005371
v 18.000000 19.000000 0.870850
v 19.000000 19.000000 0.731934
v 20.000000 19.000000 0.731934
v 21.000000 19.000000 0.731934
v 22.000000 19.000000 0.731934
v 23.000000 19.000000 0.731934
v 24.000000 19.000000 0.731934
v 25.000000 19.000000 0.731934
v 26.000000 19.000000 0.731934
v 27.000000 19.000000 0.731934
v 28.000000 19.000000 0.731934
v 29.000000 19.000000 0.731934
v 30.000000 19.000000 0.731934
v 31.000000 19.000000 0.731934
v 32.000000 19.000000 0.731934
v -32.000000 18.000000 2.367432
v -31.000000 18.000000 2.367432
v -30.000000 18.000000 2.367432
v -29.000000 18.000000 2.367432
v -28.000000 18.000000 2.367432
v -27.000000 18.000000 2.367432
v -26.000000 18.000000 2.367432
v -25.000000 18.000000 2.367432
v -24.000000 18.000000 2.367432
v -23.000000 18.000000 2.367432
v -22.000000 18.000000 2.367432
v -21.000000 18.000000 2.367432
v -20.000000 18.000000 2.367432
v -19.000000 18.000000 2.331055
v -18.000000 18.000000 2.290283
v -17.000000 18.000000 2.239746
v -16.000000 18.000000 2.194580
v -15.000000 18.000000 2.160645
v -14.000000 18.000000 2.143311
v -13.000000 18.000000 2.138672
v -12.000000 18.000000 2.142334
v -11.000000 18.000000 2.143066
v -10.000000 18.000000 2.144775
v -9.000000 18.000000 2.160156
v -8.000000 18.000000 2.185303
v -7.000000 18.000000 2.208740
v -6.000000 18.000000 2.224609
v -5.000000 18.000000 2.227295
v -4.000000 18.000000 2.216309
v -3.000000 18.000000 2.191650
v -2.000000 18.000000 2.167480
v -1.000000 18.000000 2.152588
v 0.000000 18.000000 2.139648
v 1.000000 18.000000 2.124756
v 2.000000 18.000000 2.089844
v 3.000000 18.000000 2.043213
v 4.000000 18.000000 1.994629
v 5.000000 18.000000 1.943604
v 6.000000 18.000000 1.895508
v 7.000000 18.000000 1.850342
v 8.000000 18.000000 1.799805
v 9.000000 18.000000 1.725830
v 10.000000 18.000000 1.626465
v 11.000000 18.000000 1.524170
v 12.000000 18.000000 1.428711
v 13.000000 18.000000 1.344971
v 14.000000 18.000000 1.273926
v 15.000000 18.000000 1.201904
v 16.000000 18.000000 1.100098
v 17.000000 18.000000 0.956787
v 18.000000 18.000000 0.813965
v 19.000000 18.000000 0.678467
v 20.000000 18.000000 0.678467
v 21.000000 18.000000 0.678467
v 22.000000 18.000000 0.678467
v 23.000000 18.000000 0.678467
v 24.000000 18.000000 0.678467
v 25.000000 18.000000 0.678467
v 26.000000 18.000000 0.678467
v 27.000000 18.000000 0.678467
v 28.000000 18.000000 0.678467
v 29.000000 18.000000 0.678467
v 30.000000 18.000000 0.678467
v 31.000000 18.000000 0.678467
v 32.000000 18.000000 0.678467
v -32.000000 17.000000 2.326172
v -31.000000 17.000000 2.326172
v -30.000000 17.000000 2.326172
v -29.000000 17.000000 2.326172
v -28.000000 17.000000 2.326172
v -27.000000 17.000000 2.326172
v -26.000000 17.000000 2.326172
v -25.000000 17.000000 2.326172
v -24.000000 17.000000 2.326172
v -23.000000 17.000000 2.326172
v -22.000000 17.000000 2.326172
v -21.000000 17.000000 2.326172
v -20.000000 17.000000 2.326172
v -19.000000 17.000000 2.301025
v -18.000000 17.000000 2.274902
v -17.000000 17.000000 2.241943
v -16.000000 17.000000 2.209473
v -15.000000 17.000000 2.182373
v -14.000000 17.000000 2.170410
v -13.000000 17.000000 2.171631
v -12.000000 17.000000 2.187012
v -11.000000 17.000000 2.208252
v -10.000000 17.000000 2.235352
v -9.000000 17.000000 2.271729
v -8.000000 17.000000 2.307129
v -7.000000 17.000000 2.331787
v -6.000000 17.000000 2.343262
v -5.000000 17.000000 2.338623
v -4.000000 17.000000 2.319336
v -3.000000 17.000000 2.291748
v -2.000000 17.000000 2.265625
v -1.000000 17.000000 2.250244
v 0.000000 17.000000 2.239258
v 1.000000 17.000000 2.226318
v 2.000000 17.000000 2.192383
v 3.000000 17.000000 2.141357
v 4.000000 17.000000 2.077148
v 5.000000 17.000000 2.013428
v 6.000000 17.000000 1.948730
v 7.000000 17.000000 1.889404
v 8.000000 17.000000 1.829102
v 9.000000 17.000000 1.747803
v 10.000000 17.000000 1.641113
v 11.000000 17.000000 1.524658
v 12.000000 17.000000 1.411133
v 13.000000 17.000000 1.309326
v 14.000000 17.000000 1.215820
v 15.000000 17.000000 1.122314
v 16.000000 17.000000 1.013672
v 17.000000 17.000000 0.885010
v 18.000000 17.000000 0.755859
v 19.000000 17.000000 0.637939
v 20.000000 17.000000 0.637939
v 21.000000 17.000000 0.637939
v 22.000000 17.000000 0.637939
v 23.000000 17.000000 0.637939
v 24.000000 17.000000 0.637939
v 25.000000 17.000000 0.637939
v 26.000000 17.000000 0.637939
v 27.000000 17.000000 0.637939
v 28.000000 17.000000 0.637939
v 29.000000 17.000000 0.637939
v 30.000000 17.000000 0.637939
v 31.000000 17.000000 0.637939
v 32.000000 17.000000 0.637939
v -32.000000 16.000000 2.267090
v -31.000000 16.000000 2.267090
v -30.000000 16.000000 2.267090
v -29.000000 16.000000 2.267090
v -28.000000 16.000000 2.267090
v -27.000000 16.000000 2.267090
v -26.000000 16.000000 2.267090
v -25.000000 16.000000 2.267090
v -24.000000 16.000000 2.267090
v -23.000000 16.000000 2.267090
v -22.000000 16.000000 2.267090
v -21.000000 16.000000 2.267090
v -20.000000 16.000000 2.267090
v -19.000000 16.000000 2.249756
v -18.000000 16.000000 2.233887
v -17.000000 16.000000 2.215576
v -16.000000 16.000000 2.199707
v -15.000000 16.000000 2.190674
v -14.000000 16.000000 2.194336
v -13.000000 16.000000 2.212158
v -12.000000 16.000000 2.245117
v -11.000000 16.000000 2.288818
v -10.000000 16.000000 2.341797
v -9.000000 16.000000 2.404053
v -8.000000 16.000000 2.461914
v -7.000000 16.000000 2.502686
v -6.000000 16.000000 2.515137
v -5.000000 16.000000 2.499756
v -4.000000 16.000000 2.468262
v -3.000000 16.000000 2.435791
v -2.000000 16.000000 2.427734
v -1.000000 16.000000 2.398193
v 0.000000 16.000000 2.385254
v 1.000000 16.000000 2.372314
v 2.000000 16.000000 2.333496
v 3.000000 16.000000 2.277588
v 4.000000 16.000000 2.203613
v 5.000000 16.000000 2.139893
v 6.000000 16.000000 2.075684
v 7.000000 16.000000 1.990479
v 8.000000 16.000000 1.880859
v 9.000000 16.000000 1.763428
v 10.000000 16.000000 1.645508
v 11.000000 16.000000 1.518311
v 12.000000 16.000000 1.382812
v 13.000000 16.000000 1.246826
v 14.000000 16.000000 1.117676
v 15.000000 16.000000 1.001221
v 16.000000 16.000000 0.888672
v 17.000000 16.000000 0.776611
v 18.000000 16.000000 0.660156
v 19.000000 16.000000 0.571533
v 20.000000 16.000000 0.571533
v 21.000000 16.000000 0.571533
v 22.000000 16.000000 0.571533
v 23.000000 16.000000 0.571533
v 24.000000 16.000000 0.571533
v 25.000000 16.000000 0.571533
v 26.000000 16.000000 0.571533
v 27.000000 16.000000 0.571533
v 28.000000 16.000000 0.571533
v 29.000000 16.000000 0.571533
v 30.000000 16.000000 0.571533
v 31.000000 16.000000 0.571533
v 32.000000 16.000000 0.571533
v -32.000000 15.000000 2.205566
v -31.000000 15.000000 2.205566
v -30.000000 15.000000 2.205566
v -29.000000 15.000000 2.205566
v -28.000000 15.000000 2.205566
v -27.000000 15.000000 2.205566
v -26.000000 15.000000 2.205566
v -25.000000 15.000000 2.205566
v -24.000000 15.000000 2.205566
v -23.000000 15.000000 2.205566
v -22.000000 15.000000 2.205566
v -21.000000 15.000000 2.205566
v -20.000000 15.000000 2.205566
v -19.000000 15.000000 2.195068
v -18.000000 15.000000 2.190430
v -17.000000 15.000000 2.185791
v -16.000000 15.000000 2.183594
v -15.000000 15.000000 2.189209
v -14.000000 15.000000 2.207520
v -13.000000 15.000000 2.241943
v -12.000000 15.000000 2.294434
v -11.000000 15.000000 2.364014
v -10.000000 15.000000 2.450195
v -9.000000 15.000000 2.542236
v -8.000000 15.000000 2.624512
v -7.000000 15.000000 2.668701
v -6.000000 15.000000 2.664062
v -5.000000 15.000000 2.672119
v -4.000000 15.000000 2.652344
v -3.000000 15.000000 2.611084
v -2.000000 15.000000 2.586914
v -1.000000 15.000000 2.567627
v 0.000000 15.000000 2.567383
v 1.000000 15.000000 2.568604
v 2.000000 15.000000 2.526367
v 3.000000 15.000000 2.455322
v 4.000000 15.000000 2.354980
v 5.000000 15.000000 2.264893
v 6.000000 15.000000 2.184570
v 7.000000 15.000000 2.088135
v 8.000000 15.000000 1.961426
v 9.000000 15.000000 1.808350
v 10.000000 15.000000 1.648438
v 11.000000 15.000000 1.497314
v 12.000000 15.000000 1.344727
v 13.000000 15.000000 1.186279
v 14.000000 15.000000 1.031250
v 15.000000 15.000000 0.891357
v 16.000000 15.000000 0.767578
v 17.000000 15.000000 0.658936
v 18.000000 15.000000 0.558105
v 19.000000 15.000000 0.487549
v 20.000000 15.000000 0.487549
v 21.000000 15.000000 0.487549
v 22.000000 15.000000 0.487549
v 23.000000 15.000000 0.487549
v 24.000000 15.000000 0.487549
v 25.000000 15.000000 0.487549
v 26.000000 15.000000 0.487549
v 27.000000 15.000000 0.487549
v 28.000000 15.000000 0.487549
v 29.000000 15.000000 0.487549
v 30.000000 15.000000 0.487549
v 31.000000 15.000000 0.487549
v 32.000000 15.000000 0.487549
v -32.000000 14.000000 2.168945
v -31.000000 14.000000 2.168945
v -30.000000 14.000000 2.168945
v -29.000000 14.000000 2.168945
v -28.000000 14.000000 2.168945
v -27.000000 14.000000 2.168945
v -26.000000 14.000000 2.168945
v -25.000000 14.000000 2.168945
v -24.000000 14.000000 2.168945
v -23.000000 14.000000 2.168945
v -22.000000 14.000000 2.168945
v -21.000000 14.000000 2.168945
v -20.000000 14.000000 2.168945
v -19.000000 14.000000 2.160889
v -18.000000 14.000000 2.162109
v -17.000000 14.000000 2.165283
v -16.000000 14.000000 2.171387
v -15.000000 14.000000 2.188232
v -14.000000 14.000000 2.219238
v -13.000000 14.000000 2.267822
v -12.000000 14.000000 2.336426
v -11.000000 14.000000 2.424561
v -10.000000 14.000000 2.528320
v -9.000000 14.000000 2.635986
v -8.000000 14.000000 2.733887
v -7.000000 14.000000 2.806885
v -6.000000 14.000000 2.840332
v -5.000000 14.000000 2.835693
v -4.000000 14.000000 2.800293
v -3.000000 14.000000 2.760010
v -2.000000 14.000000 2.731934
v -1.000000 14.000000 2.721436
v 0.000000 14.000000 2.725098
v 1.000000 14.000000 2.724854
v 2.000000 14.000000 2.689453
v 3.000000 14.000000 2.622314
v 4.000000 14.000000 2.536865
v 5.000000 14.000000 2.444336
v 6.000000 14.000000 2.328369
v 7.000000 14.000000 2.187012
v 8.000000 14.000000 2.017334
v 9.000000 14.000000 1.809082
v 10.000000 14.000000 1.600830
v 11.000000 14.000000 1.437012
v 12.000000 14.000000 1.284912
v 13.000000 14.000000 1.117188
v 14.000000 14.000000 0.954346
v 15.000000 14.000000 0.806152
v 16.000000 14.000000 0.673096
v 17.000000 14.000000 0.568848
v 18.000000 14.000000 0.484131
v 19.000000 14.000000 0.420410
v 20.000000 14.000000 0.420410
v 21.000000 14.000000 0.420410
v 22.000000 14.000000 0.420410
v 23.000000 14.000000 0.420410
v 24.000000 14.000000 0.420410
v 25.000000 14.000000 0.420410
v 26.000000 14.000000 0.420410
v 27.000000 14.000000 0.420410
v 28.000000 14.000000 0.420410
v 29.000000 14.000000 0.420410
v 30.000000 14.000000 0.420410
v 31.000000 14.000000 0.420410
v 32.000000 14.000000 0.420410
v -32.000000 13.000000 2.169678
v -31.000000 13.000000 2.169678
v -30.000000 13.000000 2.169678
v -29.000000 13.000000 2.169678
v -28.000000 13.000000 2.169678
v -27.000000 13.000000 2.169678
v -26.000000 13.000000 2.169678
v -25.000000 13.000000 2.169678
v -24.000000 13.000000 2.169678
v -23.000000 13.000000 2.169678
v -22.000000 13.000000 2.169678
v -21.000000 13.000000 2.169678
v -20.000000 13.000000 2.169678
v -19.000000 13.000000 2.159180
v -18.000000 13.000000 2.157471
v -17.000000 13.000000 2.161621
v -16.000000 13.000000 2.172119
v -15.000000 13.000000 2.192871
v -14.000000 13.000000 2.229248
v -13.000000 13.000000 2.285645
v -12.000000 13.000000 2.361084
v -11.000000 13.000000 2.457520
v -10.000000 13.000000 2.567139
v -9.000000 13.000000 2.675781
v -8.000000 13.000000 2.771729
v -7.000000 13.000000 2.847656
v -6.000000 13.000000 2.890381
v -5.000000 13.000000 2.888672
v -4.000000 13.000000 2.858643
v -3.000000 13.000000 2.827637
v -2.000000 13.000000 2.804443
v -1.000000 13.000000 2.794922
v 0.000000 13.000000 2.796631
v 1.000000 13.000000 2.790039
v 2.000000 13.000000 2.762939
v 3.000000 13.000000 2.710449
v 4.000000 13.000000 2.634521
v 5.000000 13.000000 2.543945
v 6.000000 13.000000 2.415771
v 7.000000 13.000000 2.219727
v 8.000000 13.000000 1.993408
v 9.000000 13.000000 1.738281
v 10.000000 13.000000 1.494873
v 11.000000 13.000000 1.328613
v 12.000000 13.000000 1.190186
v 13.000000 13.000000 1.038086
v 14.000000 13.000000 0.889404
v 15.000000 13.000000 0.751953
v 16.000000 13.000000 0.627197
v 17.000000 13.000000 0.536133
v 18.000000 13.000000 0.463135
v 19.000000 13.000000 0.399902
v 20.000000 13.000000 0.399902
v 21.000000 13.000000 0.399902
v 22.000000 13.000000 0.399902
v 23.000000 13.000000 0.399902
v 24.000000 13.000000 0.399902
v 25.000000 13.000000 0.399902
v 26.000000 13.000000 0.399902
v 27.000000 13.000000 0.399902
v 28.000000 13.000000 0.399902
v 29.000000 13.000000 0.399902
v 30.000000 13.000000 0.399902
v 31.000000 13.000000 0.399902
v 32.000000 13.000000 0.399902
v -32.000000 12.000000 2.190674
v -31.000000 12.000000 2.190674
v -30.000000 12.000000 2.190674
v -29.000000 12.000000 2.190674
v -28.000000 12.000000 2.190674
v -27.000000 12.000000 2.190674
v -26.000000 12.000000 2.190674
v -25.000000 12.000000 2.190674
v -24.000000 12.000000 2.190674
v -23.000000 12.000000 2.190674
v -22.000000 12.000000 2.190674
v -21.000000 12.000000 2.190674
v -20.000000 12.000000 2.190674
v -19.000000 12.000000 2.178711
v -18.000000 12.000000 2.173584
v -17.000000 12.000000 2.175781
v -16.000000 12.000000 2.184814
v -15.000000 12.000000 2.204102
v -14.000000 12.000000 2.241455
v -13.000000 12.000000 2.298828
v -12.000000 12.000000 2.374268
v -11.000000 12.000000 2.469238
v -10.000000 12.000000 2.578369
v -9.000000 12.000000 2.686523
v -8.000000 12.000000 2.782471
v -7.000000 12.000000 2.859375
v -6.000000 12.000000 2.907471
v -5.000000 12.000000 2.914551
v -4.000000 12.000000 2.889893
v -3.000000 12.000000 2.866211
v -2.000000 12.000000 2.847900
v -1.000000 12.000000 2.833496
v 0.000000 12.000000 2.826904
v 1.000000 12.000000 2.814453
v 2.000000 12.000000 2.781982
v 3.000000 12.000000 2.719238
v 4.000000 12.000000 2.632080
v 5.000000 12.000000 2.527832
v 6.000000 12.000000 2.403564
v 7.000000 12.000000 2.180176
v 8.000000 12.000000 1.909424
v 9.000000 12.000000 1.633301
v 10.000000 12.000000 1.376221
v 11.000000 12.000000 1.203125
v 12.000000 12.000000 1.079346
v 13.000000 12.000000 0.950195
v 14.000000 12.000000 0.822510
v 15.000000 12.000000 0.708496
v 16.000000 12.000000 0.603760
v 17.000000 12.000000 0.528320
v 18.000000 12.000000 0.462158
v 19.000000 12.000000 0.397949
v 20.000000 12.000000 0.397949
v 21.000000 12.000000 0.397949
v 22.000000 12.000000 0.397949
v 23.000000 12.000000 0.397949
v 24.000000 12.000000 0.397949
v 25.000000 12.000000 0.397949
v 26.000000 12.000000 0.397949
v 27.000000 12.000000 0.397949
v 28.000000 12.000000 0.397949
v 29.000000 12.000000 0.397949
v 30.000000 12.000000 0.397949
v 31.000000 12.000000 0.397949
v 32.000000 12.000000 0.397949
v -32.000000 11.000000 2.212158
v -31.000000 11.000000 2.212158
v -30.000000 11.000000 2.212158
v -29.000000 11.000000 2.212158
v -28.000000 11.000000 2.212158
v -27.000000 11.000000 2.212158
v -26.000000 11.000000 2.212158
v -25.000000 11.000000 2.212158
v -24.000000 11.000000 2.212158
v -23.000000 11.000000 2.212158
v -22.000000 11.000000 2.212158
v -21.000000 11.000000 2.212158
v -20.000000 11.000000 2.212158
v -19.000000 11.000000 2.206055
v -18.000000 11.000000 2.204346
v -17.000000 11.000000 2.205078
v -16.000000 11.000000 2.210205
v -15.000000 11.000000 2.224609
v -14.000000 11.000000 2.258545
v -13.000000 11.000000 2.312012
v -12.000000 11.000000 2.381592
v -11.000000 11.000000 2.469727
v -10.000000 11.000000 2.572510
v -9.000000 11.000000 2.678223
v -8.000000 11.000000 2.775635
v -7.000000 11.000000 2.858887
v -6.000000 11.000000 2.922119
v -5.000000 11.000000 2.953125
v -4.000000 11.000000 2.953369
v -3.000000 11.000000 2.934570
v -2.000000 11.000000 2.908447
v -1.000000 11.000000 2.877441
v 0.000000 11.000000 2.851807
v 1.000000 11.000000 2.822754
v 2.000000 11.000000 2.773682
v 3.000000 11.000000 2.698730
v 4.000000 11.000000 2.600342
v 5.000000 11.000000 2.484375
v 6.000000 11.000000 2.320557
v 7.000000 11.000000 2.072754
v 8.000000 11.000000 1.799561
v 9.000000 11.000000 1.525391
v 10.000000 11.000000 1.270752
v 11.000000 11.000000 1.096191
v 12.000000 11.000000 0.978271
v 13.000000 11.000000 0.869141
v 14.000000 11.000000 0.765869
v 15.000000 11.000000 0.678223
v 16.000000 11.000000 0.597412
v 17.000000 11.000000 0.535156
v 18.000000 11.000000 0.470459
v 19.000000 11.000000 0.405273
v 20.000000 11.000000 0.405273
v 21.000000 11.000000 0.405273
v 22.000000 11.000000 0.405273
v 23.000000 11.000000 0.405273
v 24.000000 11.000000 0.405273
v 25.000000 11.000000 0.405273
v 26.000000 11.000000 0.405273
v 27.000000 11.000000 0.405273
v 28.000000 11.000000 0.405273
v 29.000000 11.000000 0.405273
v 30.000000 11.000000 0.405273
v 31.000000 11.000000 0.405273
v 32.000000 11.000000 0.405273
v -32.000000 10.000000 2.223877
v -31.000000 10.000000 2.223877
v -30.000000 10.000000 2.223877
v -29.000000 10.000000 2.223877
v -28.000000 10.000000 2.223877
v -27.000000 10.000000 2.223877
v -26.000000 10.000000 2.223877
v -25.000000 10.000000 2.223877
v -24.000000 10.000000 2.223877
v -23.000000 10.000000 2.223877
v -22.000000 10.000000 2.223877
v -21.000000 10.000000 2.223877
v -20.000000 10.000000 2.223877
v -19.000000 10.000000 2.225098
v -18.000000 10.000000 2.228760
v -17.000000 10.000000 2.232422
v -16.000000 10.000000 2.239014
v -15.000000 10.000000 2.253906
v -14.000000 10.000000 2.285889
v -13.000000 10.000000 2.335938
v -12.000000 10.000000 2.399658
v -11.000000 10.000000 2.477051
v -10.000000 10.000000 2.567139
v -9.000000 10.000000 2.663574
v -8.000000 10.000000 2.760010
v -7.000000 10.000000 2.852051
v -6.000000 10.000000 2.932373
v -5.000000 10.000000 2.987793
v -4.000000 10.000000 3.007080
v -3.000000 10.000000 2.979980
v -2.000000 10.000000 2.969971
v -1.000000 10.000000 2.948242
v 0.000000 10.000000 2.897705
v 1.000000 10.000000 2.823242
v 2.000000 10.000000 2.734131
v 3.000000 10.000000 2.633301
v 4.000000 10.000000 2.516846
v 5.000000 10.000000 2.374023
v 6.000000 10.000000 2.183838
v 7.000000 10.000000 1.938965
v 8.000000 10.000000 1.675049
v 9.000000 10.000000 1.397461
v 10.000000 10.000000 1.153076
v 11.000000 10.000000 1.003906
v 12.000000 10.000000 0.898193
v 13.000000 10.000000 0.801758
v 14.000000 10.000000 0.718506
v 15.000000 10.000000 0.651367
v 16.000000 10.000000 0.591064
v 17.000000 10.000000 0.542480
v 18.000000 10.000000 0.484863
v 19.000000 10.000000 0.420166
v 20.000000 10.000000 0.420166
v 21.000000 10.000000 0.420166
v 22.000000 10.000000 0.420166
v 23.000000 10.000000 0.420166
v 24.000000 10.000000 0.420166
v 25.000000 10.000000 0.420166
v 26.000000 10.000000 0.420166
v 27.000000 10.000000 0.420166
v 28.000000 10.000000 0.420166
v 29.000000 10.000000 0.420166
v 30.000000 10.000000 0.420166
v 31.000000 10.000000 0.420166
v 32.000000 10.000000 0.420166
v -32.000000 9.000000 2.215820
v -31.000000 9.000000 2.215820
v -30.000000 9.000000 2.215820
v -29.000000 9.000000 2.215820
v -28.000000 9.000000 2.215820
v -27.000000 9.000000 2.215820
v -26.000000 9.000000 2.215820
v -25.000000 9.000000 2.215820
v -24.000000 9.000000 2.215820
v -23.000000 9.000000 2.215820
v -22.000000 9.000000 2.215820
v -21.000000 9.000000 2.215820
v -20.000000 9.000000 2.215820
v -19.000000 9.000000 2.225830
v -18.000000 9.000000 2.241211
v -17.000000 9.000000 2.253662
v -16.000000 9.000000 2.266602
v -15.000000 9.000000 2.282471
v -14.000000 9.000000 2.315430
v -13.000000 9.000000 2.369873
v -12.000000 9.000000 2.436035
v -11.000000 9.000000 2.507080
v -10.000000 9.000000 2.583008
v -9.000000 9.000000 2.665283
v -8.000000 9.000000 2.752441
v -7.000000 9.000000 2.845459
v -6.000000 9.000000 2.938477
v -5.000000 9.000000 3.017822
v -4.000000 9.000000 3.062500
v -3.000000 9.000000 3.027588
v -2.000000 9.000000 2.991699
v -1.000000 9.000000 2.987549
v 0.000000 9.000000 2.930176
v 1.000000 9.000000 2.812744
v 2.000000 9.000000 2.670898
v 3.000000 9.000000 2.530029
v 4.000000 9.000000 2.380371
v 5.000000 9.000000 2.210205
v 6.000000 9.000000 2.014160
v 7.000000 9.000000 1.781494
v 8.000000 9.000000 1.520996
v 9.000000 9.000000 1.261475
v 10.000000 9.000000 1.058105
v 11.000000 9.000000 0.930908
v 12.000000 9.000000 0.832520
v 13.000000 9.000000 0.746338
v 14.000000 9.000000 0.675781
v 15.000000 9.000000 0.620361
v 16.000000 9.000000 0.572266
v 17.000000 9.000000 0.531982
v 18.000000 9.000000 0.483398
v 19.000000 9.000000 0.422607
v 20.000000 9.000000 0.422607
v 21.000000 9.000000 0.422607
v 22.000000 9.000000 0.422607
v 23.000000 9.000000 0.422607
v 24.000000 9.000000 0.422607
v 25.000000 9.000000 0.422607
v 26.000000 9.000000 0.422607
v 27.000000 9.000000 0.422607
v 28.000000 9.000000 0.422607
v 29.000000 9.000000 0.422607
v 30.000000 9.000000 0.422607
v 31.000000 9.000000 0.422607
v 32.000000 9.000000 0.422607
v -32.000000 8.000000 2.212402
v -31.000000 8.000000 2.212402
v -30.000000 8.000000 2.212402
v -29.000000 8.000000 2.212402
v -28.000000 8.000000 2.212402
v -27.000000 8.000000 2.212402
v -26.000000 8.000000 2.212402
v -25.000000 8.000000 2.212402
v -24.000000 8.000000 2.212402
v -23.000000 8.000000 2.212402
v -22.000000 8.000000 2.212402
v -21.000000 8.000000 2.212402
v -20.000000 8.000000 2.212402
v -19.000000 8.000000 2.228760
v -18.000000 8.000000 2.253906
v -17.000000 8.000000 2.276123
v -16.000000 8.000000 2.296875
v -15.000000 8.000000 2.316162
v -14.000000 8.000000 2.360840
v -13.000000 8.000000 2.427979
v -12.000000 8.000000 2.500488
v -11.000000 8.000000 2.567627
v -10.000000 8.000000 2.630371
v -9.000000 8.000000 2.694092
v -8.000000 8.000000 2.762207
v -7.000000 8.000000 2.842041
v -6.000000 8.000000 2.933594
v -5.000000 8.000000 3.013428
v -4.000000 8.000000 3.040527
v -3.000000 8.000000 3.033936
v -2.000000 8.000000 3.015625
v -1.000000 8.000000 3.020752
v 0.000000 8.000000 2.937012
v 1.000000 8.000000 2.764893
v 2.000000 8.000000 2.552734
v 3.000000 8.000000 2.366455
v 4.000000 8.000000 2.199707
v 5.000000 8.000000 2.016357
v 6.000000 8.000000 1.807129
v 7.000000 8.000000 1.574463
v 8.000000 8.000000 1.337402
v 9.000000 8.000000 1.123779
v 10.000000 8.000000 0.961426
v 11.000000 8.000000 0.850342
v 12.000000 8.000000 0.763672
v 13.000000 8.000000 0.689209
v 14.000000 8.000000 0.628906
v 15.000000 8.000000 0.579834
v 16.000000 8.000000 0.535645
v 17.000000 8.000000 0.499756
v 18.000000 8.000000 0.456055
v 19.000000 8.000000 0.397217
v 20.000000 8.000000 0.397217
v 21.000000 8.000000 0.397217
v 22.000000 8.000000 0.397217
v 23.000000 8.000000 0.397217
v 24.000000 8.000000 0.397217
v 25.000000 8.000000 0.397217
v 26.000000 8.000000 0.397217
v 27.000000 8.000000 0.397217
v 28.000000 8.000000 0.397217
v 29.000000 8.000000 0.397217
v 30.000000 8.000000 0.397217
v 31.000000 8.000000 0.397217
v 32.000000 8.000000 0.397217
v -32.000000 7.000000 2.213379
v -31.000000 7.000000 2.213379
v -30.000000 7.000000 2.213379
v -29.000000 7.000000 2.213379
v -28.000000 7.000000 2.213379
v -27.000000 7.000000 2.213379
v -26.000000 7.000000 2.213379
v -25.000000 7.000000 2.213379
v -24.000000 7.000000 2.213379
v -23.000000 7.000000 2.213379
v -22.000000 7.000000 2.213379
v -21.000000 7.000000 2.213379
v -20.000000 7.000000 2.213379
v -19.000000 7.000000 2.234131
v -18.000000 7.000000 2.264648
v -17.000000 7.000000 2.296143
v -16.000000 7.000000 2.324707
v -15.000000 7.000000 2.349365
v -14.000000 7.000000 2.413086
v -13.000000 7.000000 2.502197
v -12.000000 7.000000 2.589355
v -11.000000 7.000000 2.660400
v -10.000000 7.000000 2.709961
v -9.000000 7.000000 2.745850
v -8.000000 7.000000 2.783203
v -7.000000 7.000000 2.837158
v -6.000000 7.000000 2.909668
v -5.000000 7.000000 2.990967
v -4.000000 7.000000 3.051270
v -3.000000 7.000000 3.080322
v -2.000000 7.000000 3.079102
v -1.000000 7.000000 3.041748
v 0.000000 7.000000 2.917969
v 1.000000 7.000000 2.695068
v 2.000000 7.000000 2.457520
v 3.000000 7.000000 2.213623
v 4.000000 7.000000 2.006836
v 5.000000 7.000000 1.807861
v 6.000000 7.000000 1.590820
v 7.000000 7.000000 1.365479
v 8.000000 7.000000 1.161621
v 9.000000 7.000000 0.995850
v 10.000000 7.000000 0.868164
v 11.000000 7.000000 0.771240
v 12.000000 7.000000 0.692871
v 13.000000 7.000000 0.630127
v 14.000000 7.000000 0.582520
v 15.000000 7.000000 0.545166
v 16.000000 7.000000 0.507812
v 17.000000 7.000000 0.473389
v 18.000000 7.000000 0.429199
v 19.000000 7.000000 0.372803
v 20.000000 7.000000 0.372803
v 21.000000 7.000000 0.372803
v 22.000000 7.000000 0.372803
v 23.000000 7.000000 0.372803
v 24.000000 7.000000 0.372803
v 25.000000 7.000000 0.372803
v 26.000000 7.000000 0.372803
v 27.000000 7.000000 0.372803
v 28.000000 7.000000 0.372803
v 29.000000 7.000000 0.372803
v 30.000000 7.000000 0.372803
v 31.000000 7.000000 0.372803
v 32.000000 7.000000 0.372803
v -32.000000 6.000000 2.215332
v -31.000000 6.000000 2.215332
v -30.000000 6.000000 2.215332
v -29.000000 6.000000 2.215332
v -28.000000 6.000000 2.215332
v -27.000000 6.000000 2.215332
v -26.000000 6.000000 2.215332
v -25.000000 6.000000 2.215332
v -24.000000 6.000000 2.215332
v -23.000000 6.000000 2.215332
v -22.000000 6.000000 2.215332
v -21.000000 6.000000 2.215332
v -20.000000 6.000000 2.215332
v -19.000000 6.000000 2.243896
v -18.000000 6.000000 2.278320
v -17.000000 6.000000 2.312744
v -16.000000 6.000000 2.347168
v -15.000000 6.000000 2.385010
v -14.000000 6.000000 2.464844
v -13.000000 6.000000 2.563721
v -12.000000 6.000000 2.660156
v -11.000000 6.000000 2.739502
v -10.000000 6.000000 2.776855
v -9.000000 6.000000 2.778076
v -8.000000 6.000000 2.784180
v -7.000000 6.000000 2.818115
v -6.000000 6.000000 2.877441
v -5.000000 6.000000 2.948975
v -4.000000 6.000000 3.005859
v -3.000000 6.000000 3.031982
v -2.000000 6.000000 3.035156
v -1.000000 6.000000 3.006592
v 0.000000 6.000000 2.820801
v 1.000000 6.000000 2.559814
v 2.000000 6.000000 2.323242
v 3.000000 6.000000 2.051025
v 4.000000 6.000000 1.815918
v 5.000000 6.000000 1.614014
v 6.000000 6.000000 1.422852
v 7.000000 6.000000 1.237549
v 8.000000 6.000000 1.067871
v 9.000000 6.000000 0.922607
v 10.000000 6.000000 0.803223
v 11.000000 6.000000 0.707764
v 12.000000 6.000000 0.633789
v 13.000000 6.000000 0.579834
v 14.000000 6.000000 0.541016
v 15.000000 6.000000 0.510986
v 16.000000 6.000000 0.481934
v 17.000000 6.000000 0.453369
v 18.000000 6.000000 0.411621
v 19.000000 6.000000 0.365967
v 20.000000 6.000000 0.365967
v 21.000000 6.000000 0.365967
v 22.000000 6.000000 0.365967
v 23.000000 6.000000 0.365967
v 24.000000 6.000000 0.365967
v 25.000000 6.000000 0.365967
v 26.000000 6.000000 0.365967
v 27.000000 6.000000 0.365967
v 28.000000 6.000000 0.365967
v 29.000000 6.000000 0.365967
v 30.000000 6.000000 0.365967
v 31.000000 6.000000 0.365967
v 32.000000 6.000000 0.365967
v -32.000000 5.000000 2.216309
v -31.000000 5.000000 2.216309
v -30.000000 5.000000 2.216309
v -29.000000 5.000000 2.216309
v -28.000000 5.000000 2.216309
v -27.000000 5.000000 2.216309
v -26.000000 5.000000 2.216309
v -25.000000 5.000000 2.216309
v -24.000000 5.000000 2.216309
v -23.000000 5.000000 2.216309
v -22.000000 5.000000 2.216309
v -21.000000 5.000000 2.216309
v -20.000000 5.000000 2.216309
v -19.000000 5.000000 2.249756
v -18.000000 5.000000 2.282471
v -17.000000 5.000000 2.315918
v -16.000000 5.000000 2.353271
v -15.000000 5.000000 2.396484
v -14.000000 5.000000 2.476318
v -13.000000 5.000000 2.573730
v -12.000000 5.000000 2.674072
v -11.000000 5.000000 2.749512
v -10.000000 5.000000 2.773682
v -9.000000 5.000000 2.762695
v -8.000000 5.000000 2.754150
v -7.000000 5.000000 2.774414
v -6.000000 5.000000 2.823975
v -5.000000 5.000000 2.887695
v -4.000000 5.000000 2.941162
v -3.000000 5.000000 2.959473
v -2.000000 5.000000 2.962158
v -1.000000 5.000000 2.926758
v 0.000000 5.000000 2.884033
v 1.000000 5.000000 2.536133
v 2.000000 5.000000 2.218018
v 3.000000 5.000000 1.900879
v 4.000000 5.000000 1.643799
v 5.000000 5.000000 1.453125
v 6.000000 5.000000 1.290771
v 7.000000 5.000000 1.137695
v 8.000000 5.000000 0.994873
v 9.000000 5.000000 0.864746
v 10.000000 5.000000 0.749756
v 11.000000 5.000000 0.656250
v 12.000000 5.000000 0.586670
v 13.000000 5.000000 0.537109
v 14.000000 5.000000 0.500244
v 15.000000 5.000000 0.470703
v 16.000000 5.000000 0.447998
v 17.000000 5.000000 0.426270
v 18.000000 5.000000 0.397217
v 19.000000 5.000000 0.361328
v 20.000000 5.000000 0.361328
v 21.000000 5.000000 0.361328
v 22.000000 5.000000 0.361328
v 23.000000 5.000000 0.361328
v 24.000000 5.000000 0.361328
v 25.000000 5.000000 0.361328
v 26.000000 5.000000 0.361328
v 27.000000 5.000000 0.361328
v 28.000000 5.000000 0.361328
v 29.000000 5.000000 0.361328
v 30.000000 5.000000 0.361328
v 31.000000 5.000000 0.361328
v 32.000000 5.000000 0.361328
v -32.000000 4.000000 2.214111
v -31.000000 4.000000 2.214111
v -30.000000 4.000000 2.214111
v -29.000000 4.000000 2.214111
v -28.000000 4.000000 2.214111
v -27.000000 4.000000 2.214111
v -26.000000 4.000000 2.214111
v -25.000000 4.000000 2.214111
v -24.000000 4.000000 2.214111
v -23.000000 4.000000 2.214111
v -22.000000 4.000000 2.214111
v -21.000000 4.000000 2.214111
v -20.000000 4.000000 2.214111
v -19.000000 4.000000 2.248047
v -18.000000 4.000000 2.277588
v -17.000000 4.000000 2.309082
v -16.000000 4.000000 2.349854
v -15.000000 4.000000 2.394531
v -14.000000 4.000000 2.463135
v -13.000000 4.000000 2.544922
v -12.000000 4.000000 2.625244
v -11.000000 4.000000 2.679688
v -10.000000 4.000000 2.692139
v -9.000000 4.000000 2.675293
v -8.000000 4.000000 2.658936
v -7.000000 4.000000 2.663086
v -6.000000 4.000000 2.691162
v -5.000000 4.000000 2.733398
v -4.000000 4.000000 2.753174
v -3.000000 4.000000 2.710938
v -2.000000 4.000000 2.664795
v -1.000000 4.000000 2.602539
v 0.000000 4.000000 2.485596
v 1.000000 4.000000 2.241699
v 2.000000 4.000000 1.984131
v 3.000000 4.000000 1.716797
v 4.000000 4.000000 1.500244
v 5.000000 4.000000 1.336426
v 6.000000 4.000000 1.195557
v 7.000000 4.000000 1.063477
v 8.000000 4.000000 0.938721
v 9.000000 4.000000 0.822754
v 10.000000 4.000000 0.717529
v 11.000000 4.000000 0.628906
v 12.000000 4.000000 0.562744
v 13.000000 4.000000 0.512695
v 14.000000 4.000000 0.468506
v 15.000000 4.000000 0.426270
v 16.000000 4.000000 0.402100
v 17.000000 4.000000 0.386230
v 18.000000 4.000000 0.367432
v 19.000000 4.000000 0.340820
v 20.000000 4.000000 0.340820
v 21.000000 4.000000 0.340820
v 22.000000 4.000000 0.340820
v 23.000000 4.000000 0.340820
v 24.000000 4.000000 0.340820
v 25.000000 4.000000 0.340820
v 26.000000 4.000000 0.340820
v 27.000000 4.000000 0.340820
v 28.000000 4.000000 0.340820
v 29.000000 4.000000 0.340820
v 30.000000 4.000000 0.340820
v 31.000000 4.000000 0.340820
v 32.000000 4.000000 0.340820
v -32.000000 3.000000 2.181885
v -31.000000 3.000000 2.181885
v -30.000000 3.000000 2.181885
v -29.000000 3.000000 2.181885
v -28.000000 3.000000 2.181885
v -27.000000 3.000000 2.181885
v -26.000000 3.000000 2.181885
v -25.000000 3.000000 2.181885
v -24.000000 3.000000 2.181885
v -23.000000 3.000000 2.181885
v -22.000000 3.000000 2.181885
v -21.000000 3.000000 2.181885
v -20.000000 3.000000 2.181885
v -19.000000 3.000000 2.216309
v -18.000000 3.000000 2.247314
v -17.000000 3.000000 2.281738
v -16.000000 3.000000 2.322021
v -15.000000 3.000000 2.366211
v -14.000000 3.000000 2.427490
v -13.000000 3.000000 2.492676
v -12.000000 3.000000 2.545166
v -11.000000 3.000000 2.574219
v -10.000000 3.000000 2.574951
v -9.000000 3.000000 2.555176
v -8.000000 3.000000 2.531006
v -7.000000 3.000000 2.514160
v -6.000000 3.000000 2.505127
v -5.000000 3.000000 2.502930
v -4.000000 3.000000 2.496338
v -3.000000 3.000000 2.459473
v -2.000000 3.000000 2.408936
v -1.000000 3.000000 2.338867
v 0.000000 3.000000 2.210693
v 1.000000 3.000000 2.007324
v 2.000000 3.000000 1.775146
v 3.000000 3.000000 1.550781
v 4.000000 3.000000 1.368408
v 5.000000 3.000000 1.222656
v 6.000000 3.000000 1.095459
v 7.000000 3.000000 0.981934
v 8.000000 3.000000 0.879639
v 9.000000 3.000000 0.786133
v 10.000000 3.000000 0.696533
v 11.000000 3.000000 0.614258
v 12.000000 3.000000 0.544678
v 13.000000 3.000000 0.478516
v 14.000000 3.000000 0.417725
v 15.000000 3.000000 0.359863
v 16.000000 3.000000 0.335693
v 17.000000 3.000000 0.329102
v 18.000000 3.000000 0.321533
v 19.000000 3.000000 0.313965
v 20.000000 3.000000 0.313965
v 21.000000 3.000000 0.313965
v 22.000000 3.000000 0.313965
v 23.000000 3.000000 0.313965
v 24.000000 3.000000 0.313965
v 25.000000 3.000000 0.313965
v 26.000000 3.000000 0.313965
v 27.000000 3.000000 0.313965
v 28.000000 3.000000 0.313965
v 29.000000 3.000000 0.313965
v 30.000000 3.000000 0.313965
v 31.000000 3.000000 0.313965
v 32.000000 3.000000 0.313965
v -32.000000 2.000000 2.115479
v -31.000000 2.000000 2.115479
v -30.000000 2.000000 2.115479
v -29.000000 2.000000 2.115479
v -28.000000 2.000000 2.115479
v -27.000000 2.000000 2.115479
v -26.000000 2.000000 2.115479
v -25.000000 2.000000 2.115479
v -24.000000 2.000000 2.115479
v -23.000000 2.000000 2.115479
v -22.000000 2.000000 2.115479
v -21.000000 2.000000 2.115479
v -20.000000 2.000000 2.115479
v -19.000000 2.000000 2.148438
v -18.000000 2.000000 2.184326
v -17.000000 2.000000 2.224609
v -16.000000 2.000000 2.267822
v -15.000000 2.000000 2.314453
v -14.000000 2.000000 2.367432
v -13.000000 2.000000 2.416016
v -12.000000 2.000000 2.449463
v -11.000000 2.000000 2.463867
v -10.000000 2.000000 2.453857
v -9.000000 2.000000 2.423340
v -8.000000 2.000000 2.384521
v -7.000000 2.000000 2.342773
v -6.000000 2.000000 2.292236
v -5.000000 2.000000 2.235840
v -4.000000 2.000000 2.187256
v -3.000000 2.000000 2.144043
v -2.000000 2.000000 2.064209
v -1.000000 2.000000 1.951660
v 0.000000 2.000000 1.831787
v 1.000000 2.000000 1.716309
v 2.000000 2.000000 1.562256
v 3.000000 2.000000 1.396973
v 4.000000 2.000000 1.242432
v 5.000000 2.000000 1.107910
v 6.000000 2.000000 0.992920
v 7.000000 2.000000 0.895020
v 8.000000 2.000000 0.808838
v 9.000000 2.000000 0.732910
v 10.000000 2.000000 0.661865
v 11.000000 2.000000 0.591309
v 12.000000 2.000000 0.516846
v 13.000000 2.000000 0.435547
v 14.000000 2.000000 0.368408
v 15.000000 2.000000 0.297852
v 16.000000 2.000000 0.265381
v 17.000000 2.000000 0.253906
v 18.000000 2.000000 0.249268
v 19.000000 2.000000 0.259766
v 20.000000 2.000000 0.259766
v 21.000000 2.000000 0.259766
v 22.000000 2.000000 0.259766
v 23.000000 2.000000 0.259766
v 24.000000 2.000000 0.259766
v 25.000000 2.000000 0.259766
v 26.000000 2.000000 0.259766
v 27.000000 2.000000 0.259766
v 28.000000 2.000000 0.259766
v 29.000000 2.000000 0.259766
v 30.000000 2.000000 0.259766
v 31.000000 2.000000 0.259766
v 32.000000 2.000000 0.259766
v -32.000000 1.000000 2.032959
v -31.000000 1.000000 2.032959
v -30.000000 1.000000 2.032959
v -29.000000 1.000000 2.032959
v -28.000000 1.000000 2.032959
v -27.000000 1.000000 2.032959
v -26.000000 1.000000 2.032959
v -25.000000 1.000000 2.032959
v -24.000000 1.000000 2.032959
v -23.000000 1.000000 2.032959
v -22.000000 1.000000 2.032959
v -21.000000 1.000000 2.032959
v -20.000000 1.000000 2.032959
v -19.000000 1.000000 2.060547
v -18.000000 1.000000 2.102783
v -17.000000 1.000000 2.153320
v -16.000000 1.000000 2.202393
v -15.000000 1.000000 2.250000
v -14.000000 1.000000 2.294678
v -13.000000 1.000000 2.327148
v -12.000000 1.000000 2.343018
v -11.000000 1.000000 2.339355
v -10.000000 1.000000 2.317871
v -9.000000 1.000000 2.283447
v -8.000000 1.000000 2.239746
v -7.000000 1.000000 2.186768
v -6.000000 1.000000 2.119629
v -5.000000 1.000000 2.044678
v -4.000000 1.000000 1.966797
v -3.000000 1.000000 1.888428
v -2.000000 1.000000 1.814941
v -1.000000 1.000000 1.746338
v 0.000000 1.000000 1.663574
v 1.000000 1.000000 1.555908
v 2.000000 1.000000 1.415527
v 3.000000 1.000000 1.271240
v 4.000000 1.000000 1.128906
v 5.000000 1.000000 1.000244
v 6.000000 1.000000 0.895996
v 7.000000 1.000000 0.811768
v 8.000000 1.000000 0.740234
v 9.000000 1.000000 0.677490
v 10.000000 1.000000 0.620605
v 11.000000 1.000000 0.562256
v 12.000000 1.000000 0.485352
v 13.000000 1.000000 0.386963
v 14.000000 1.000000 0.306152
v 15.000000 1.000000 0.219482
v 16.000000 1.000000 0.176270
v 17.000000 1.000000 0.167236
v 18.000000 1.000000 0.179688
v 19.000000 1.000000 0.198975
v 20.000000 1.000000 0.198975
v 21.000000 1.000000 0.198975
v 22.000000 1.000000 0.198975
v 23.000000 1.000000 0.198975
v 24.000000 1.000000 0.198975
v 25.000000 1.000000 0.198975
v 26.000000 1.000000 0.198975
v 27.000000 1.000000 0.198975
v 28.000000 1.000000 0.198975
v 29.000000 1.000000 0.198975
v 30.000000 1.000000 0.198975
v 31.000000 1.000000 0.198975
v 32.000000 1.000000 0.198975
v -32.000000 0.000000 1.962402
v -31.000000 0.000000 1.962402
v -30.000000 0.000000 1.962402
v -29.000000 0.000000 1.962402
v -28.000000 0.000000 1.962402
v -27.000000 0.000000 1.962402
v -26.000000 0.000000 1.962402
v -25.000000 0.000000 1.962402
v -24.000000 0.000000 1.962402
v -23.000000 0.000000 1.962402
v -22.000000 0.000000 1.962402
v -21.000000 0.000000 1.962402
v -20.000000 0.000000 1.962402
v -19.000000 0.000000 1.987549
v -18.000000 0.000000 2.035156
v -17.000000 0.000000 2.094482
v -16.000000 0.000000 2.150879
v -15.000000 0.000000 2.198975
v -14.000000 0.000000 2.231445
v -13.000000 0.000000 2.242432
v -12.000000 0.000000 2.236328
v -11.000000 0.000000 2.217041
v -10.000000 0.000000 2.186035
v -9.000000 0.000000 2.147705
v -8.000000 0.000000 2.101562
v -7.000000 0.000000 2.045166
v -6.000000 0.000000 1.976562
v -5.000000 0.000000 1.904541
v -4.000000 0.000000 1.825684
v -3.000000 0.000000 1.736572
v -2.000000 0.000000 1.649414
v -1.000000 0.000000 1.570557
v 0.000000 0.000000 1.489258
v 1.000000 0.000000 1.395264
v 2.000000 0.000000 1.281738
v 3.000000 0.000000 1.159424
v 4.000000 0.000000 1.032227
v 5.000000 0.000000 0.912354
v 6.000000 0.000000 0.816406
v 7.000000 0.000000 0.742920
v 8.000000 0.000000 0.681641
v 9.000000 0.000000 0.628662
v 10.000000 0.000000 0.580078
v 11.000000 0.000000 0.525146
v 12.000000 0.000000 0.444824
v 13.000000 0.000000 0.341064
v 14.000000 0.000000 0.255371
v 15.000000 0.000000 0.173096
v 16.000000 0.000000 0.128906
v 17.000000 0.000000 0.116943
v 18.000000 0.000000 0.132812
v 19.000000 0.000000 0.162354
v 20.000000 0.000000 0.162354
v 21.000000 0.000000 0.162354
v 22.000000 0.000000 0.162354
v 23.000000 0.000000 0.162354
v 24.000000 0.000000 0.162354
v 25.000000 0.000000 0.162354
v 26.000000 0.000000 0.162354
v 27.000000 0.000000 0.162354
v 28.000000 0.000000 0.162354
v 29.000000 0.000000 0.162354
v 30.000000 0.000000 0.162354
v 31.000000 0.000000 0.162354
v 32.000000 0.000000 0.162354
v -32.000000 -1.000000 1.920410
v -31.000000 -1.000000 1.920410
v -30.000000 -1.000000 1.920410
v -29.000000 -1.000000 1.920410
v -28.000000 -1.000000 1.920410
v -27.000000 -1.000000 1.920410
v -26.000000 -1.000000 1.920410
v -25.000000 -1.000000 1.920410
v -24.000000 -1.000000 1.920410
v -23.000000 -1.000000 1.920410
v -22.000000 -1.000000 1.920410
v -21.000000 -1.000000 1.920410
v -20.000000 -1.000000 1.920410
v -19.000000 -1.000000 1.941162
v -18.000000 -1.000000 1.989258
v -17.000000 -1.000000 2.049072
v -16.000000 -1.000000 2.106445
v -15.000000 -1.000000 2.153076
v -14.000000 -1.000000 2.178223
v -13.000000 -1.000000 2.174561
v -12.000000 -1.000000 2.148438
v -11.000000 -1.000000 2.109131
v -10.000000 -1.000000 2.061035
v -9.000000 -1.000000 2.007080
v -8.000000 -1.000000 1.950195
v -7.000000 -1.000000 1.889404
v -6.000000 -1.000000 1.825195
v -5.000000 -1.000000 1.761963
v -4.000000 -1.000000 1.692383
v -3.000000 -1.000000 1.609131
v -2.000000 -1.000000 1.513672
v -1.000000 -1.000000 1.415771
v 0.000000 -1.000000 1.322754
v 1.000000 -1.000000 1.230225
v 2.000000 -1.000000 1.141113
v 3.000000 -1.000000 1.047119
v 4.000000 -1.000000 0.944824
v 5.000000 -1.000000 0.841553
v 6.000000 -1.000000 0.754883
v 7.000000 -1.000000 0.689697
v 8.000000 -1.000000 0.637695
v 9.000000 -1.000000 0.593506
v 10.000000 -1.000000 0.551758
v 11.000000 -1.000000 0.500732
v 12.000000 -1.000000 0.428223
v 13.000000 -1.000000 0.336670
v 14.000000 -1.000000 0.248535
v 15.000000 -1.000000 0.162842
v 16.000000 -1.000000 0.118164
v 17.000000 -1.000000 0.114990
v 18.000000 -1.000000 0.135742
v 19.000000 -1.000000 0.178467
v 20.000000 -1.000000 0.178467
v 21.000000 -1.000000 0.178467
v 22.000000 -1.000000 0.178467
v 23.000000 -1.000000 0.178467
v 24.000000 -1.000000 0.178467
v 25.000000 -1.000000 0.178467
v 26.000000 -1.000000 0.178467
v 27.000000 -1.000000 0.178467
v 28.000000 -1.000000 0.178467
v 29.000000 -1.000000 0.178467
v 30.000000 -1.000000 0.178467
v 31.000000 -1.000000 0.178467
v 32.000000 -1.000000 0.178467
v -32.000000 -2.000000 1.887207
v -31.000000 -2.000000 1.887207
v -30.000000 -2.000000 1.887207
v -29.000000 -2.000000 1.887207
v -28.000000 -2.000000 1.887207
v -27.000000 -2.000000 1.887207
v -26.000000 -2.000000 1.887207
v -25.000000 -2.000000 1.887207
v -24.000000 -2.000000 1.887207
v -23.000000 -2.000000 1.887207
v -22.000000 -2.000000 1.887207
v -21.000000 -2.000000 1.887207
v -20.000000 -2.000000 1.887207
v -19.000000 -2.000000 1.904541
v -18.000000 -2.000000 1.951660
v -17.000000 -2.000000 2.010986
v -16.000000 -2.000000 2.064941
v -15.000000 -2.000000 2.106689
v -14.000000 -2.000000 2.126953
v -13.000000 -2.000000 2.114014
v -12.000000 -2.000000 2.073730
v -11.000000 -2.000000 2.017822
v -10.000000 -2.000000 1.950684
v -9.000000 -2.000000 1.873291
v -8.000000 -2.000000 1.792969
v -7.000000 -2.000000 1.718506
v -6.000000 -2.000000 1.653809
v -5.000000 -2.000000 1.596436
v -4.000000 -2.000000 1.538086
v -3.000000 -2.000000 1.469482
v -2.000000 -2.000000 1.387207
v -1.000000 -2.000000 1.299072
v 0.000000 -2.000000 1.211914
v 1.000000 -2.000000 1.133545
v 2.000000 -2.000000 1.063477
v 3.000000 -2.000000 0.990967
v 4.000000 -2.000000 0.907715
v 5.000000 -2.000000 0.816650
v 6.000000 -2.000000 0.732422
v 7.000000 -2.000000 0.664307
v 8.000000 -2.000000 0.612305
v 9.000000 -2.000000 0.572998
v 10.000000 -2.000000 0.537109
v 11.000000 -2.000000 0.489990
v 12.000000 -2.000000 0.422363
v 13.000000 -2.000000 0.340088
v 14.000000 -2.000000 0.262207
v 15.000000 -2.000000 0.199463
v 16.000000 -2.000000 0.170410
v 17.000000 -2.000000 0.177490
v 18.000000 -2.000000 0.205078
v 19.000000 -2.000000 0.252686
v 20.000000 -2.000000 0.252686
v 21.000000 -2.000000 0.252686
v 22.000000 -2.000000 0.252686
v 23.000000 -2.000000 0.252686
v 24.000000 -2.000000 0.252686
v 25.000000 -2.000000 0.252686
v 26.000000 -2.000000 0.252686
v 27.000000 -2.000000 0.252686
v 28.000000 -2.000000 0.252686
v 29.000000 -2.000000 0.252686
v 30.000000 -2.000000 0.252686
v 31.000000 -2.000000 0.252686
v 32.000000 -2.000000 0.252686
v -32.000000 -3.000000 1.854980
v -31.000000 -3.000000 1.854980
v -30.000000 -3.000000 1.854980
v -29.000000 -3.000000 1.854980
v -28.000000 -3.000000 1.854980
v -27.000000 -3.000000 1.854980
v -26.000000 -3.000000 1.854980
v -25.000000 -3.000000 1.854980
v -24.000000 -3.000000 1.854980
v -23.000000 -3.000000 1.854980
v -22.000000 -3.000000 1.854980
v -21.000000 -3.000000 1.854980
v -20.000000 -3.000000 1.854980
v -19.000000 -3.000000 1.871338
v -18.000000 -3.000000 1.913574
v -17.000000 -3.000000 1.965088
v -16.000000 -3.000000 2.012207
v -15.000000 -3.000000 2.047119
v -14.000000 -3.000000 2.063965
v -13.000000 -3.000000 2.053955
v -12.000000 -3.000000 2.015137
v -11.000000 -3.000000 1.952881
v -10.000000 -3.000000 1.868164
v -9.000000 -3.000000 1.764404
v -8.000000 -3.000000 1.657227
v -7.000000 -3.000000 1.562256
v -6.000000 -3.000000 1.483398
v -5.000000 -3.000000 1.420166
v -4.000000 -3.000000 1.367676
v -3.000000 -3.000000 1.317139
v -2.000000 -3.000000 1.260498
v -1.000000 -3.000000 1.200195
v 0.000000 -3.000000 1.139404
v 1.000000 -3.000000 1.082031
v 2.000000 -3.000000 1.027100
v 3.000000 -3.000000 0.969727
v 4.000000 -3.000000 0.900635
v 5.000000 -3.000000 0.819336
v 6.000000 -3.000000 0.736084
v 7.000000 -3.000000 0.667480
v 8.000000 -3.000000 0.614502
v 9.000000 -3.000000 0.573242
v 10.000000 -3.000000 0.538818
v 11.000000 -3.000000 0.497559
v 12.000000 -3.000000 0.436768
v 13.000000 -3.000000 0.362793
v 14.000000 -3.000000 0.299561
v 15.000000 -3.000000 0.254395
v 16.000000 -3.000000 0.233154
v 17.000000 -3.000000 0.237793
v 18.000000 -3.000000 0.264404
v 19.000000 -3.000000 0.310547
v 20.000000 -3.000000 0.310547
v 21.000000 -3.000000 0.310547
v 22.000000 -3.000000 0.310547
v 23.000000 -3.000000 0.310547
v 24.000000 -3.000000 0.310547
v 25.000000 -3.000000 0.310547
v 26.000000 -3.000000 0.310547
v 27.000000 -3.000000 0.310547
v 28.000000 -3.000000 0.310547
v 29.000000 -3.000000 0.310547
v 30.000000 -3.000000 0.310547
v 31.000000 -3.000000 0.310547
v 32.000000 -3.000000 0.310547
v -32.000000 -4.000000 1.808838
v -31.000000 -4.000000 1.808838
v -30.000000 -4.000000 1.808838
v -29.000000 -4.000000 1.808838
v -28.000000 -4.000000 1.808838
v -27.000000 -4.000000 1.808838
v -26.000000 -4.000000 1.808838
v -25.000000 -4.000000 1.808838
v -24.000000 -4.000000 1.808838
v -23.000000 -4.000000 1.808838
v -22.000000 -4.000000 1.808838
v -21.000000 -4.000000 1.808838
v -20.000000 -4.000000 1.808838
v -19.000000 -4.000000 1.829102
v -18.000000 -4.000000 1.866943
v -17.000000 -4.000000 1.910156
v -16.000000 -4.000000 1.947998
v -15.000000 -4.000000 1.973633
v -14.000000 -4.000000 1.983643
v -13.000000 -4.000000 1.973633
v -12.000000 -4.000000 1.941650
v -11.000000 -4.000000 1.883301
v -10.000000 -4.000000 1.793213
v -9.000000 -4.000000 1.676758
v -8.000000 -4.000000 1.553955
v -7.000000 -4.000000 1.442871
v -6.000000 -4.000000 1.348877
v -5.000000 -4.000000 1.278320
v -4.000000 -4.000000 1.225342
v -3.000000 -4.000000 1.182129
v -2.000000 -4.000000 1.142822
v -1.000000 -4.000000 1.105957
v 0.000000 -4.000000 1.067139
v 1.000000 -4.000000 1.023926
v 2.000000 -4.000000 0.983154
v 3.000000 -4.000000 0.941895
v 4.000000 -4.000000 0.888428
v 5.000000 -4.000000 0.820312
v 6.000000 -4.000000 0.741943
v 7.000000 -4.000000 0.669434
v 8.000000 -4.000000 0.614990
v 9.000000 -4.000000 0.578613
v 10.000000 -4.000000 0.552002
v 11.000000 -4.000000 0.518555
v 12.000000 -4.000000 0.463135
v 13.000000 -4.000000 0.392090
v 14.000000 -4.000000 0.329834
v 15.000000 -4.000000 0.283691
v 16.000000 -4.000000 0.257080
v 17.000000 -4.000000 0.260254
v 18.000000 -4.000000 0.292236
v 19.000000 -4.000000 0.337402
v 20.000000 -4.000000 0.337402
v 21.000000 -4.000000 0.337402
v 22.000000 -4.000000 0.337402
v 23.000000 -4.000000 0.337402
v 24.000000 -4.000000 0.337402
v 25.000000 -4.000000 0.337402
v 26.000000 -4.000000 0.337402
v 27.000000 -4.000000 0.337402
v 28.000000 -4.000000 0.337402
v 29.000000 -4.000000 0.337402
v 30.000000 -4.000000 0.337402
v 31.000000 -4.000000 0.337402
v 32.000000 -4.000000 0.337402
v -32.000000 -5.000000 1.746338
v -31.000000 -5.000000 1.746338
v -30.000000 -5.000000 1.746338
v -29.000000 -5.000000 1.746338
v -28.000000 -5.000000 1.746338
v -27.000000 -5.000000 1.746338
v -26.000000 -5.000000 1.746338
v -25.000000 -5.000000 1.746338
v -24.000000 -5.000000 1.746338
v -23.000000 -5.000000 1.746338
v -22.000000 -5.000000 1.746338
v -21.000000 -5.000000 1.746338
v -20.000000 -5.000000 1.746338
v -19.000000 -5.000000 1.759277
v -18.000000 -5.000000 1.784912
v -17.000000 -5.000000 1.818359
v -16.000000 -5.000000 1.851318
v -15.000000 -5.000000 1.874512
v -14.000000 -5.000000 1.881104
v -13.000000 -5.000000 1.872070
v -12.000000 -5.000000 1.847412
v -11.000000 -5.000000 1.802734
v -10.000000 -5.000000 1.719482
v -9.000000 -5.000000 1.594727
v -8.000000 -5.000000 1.460693
v -7.000000 -5.000000 1.337891
v -6.000000 -5.000000 1.228271
v -5.000000 -5.000000 1.149414
v -4.000000 -5.000000 1.094971
v -3.000000 -5.000000 1.054199
v -2.000000 -5.000000 1.024170
v -1.000000 -5.000000 1.002441
v 0.000000 -5.000000 0.976807
v 1.000000 -5.000000 0.945312
v 2.000000 -5.000000 0.917236
v 3.000000 -5.000000 0.886719
v 4.000000 -5.000000 0.845947
v 5.000000 -5.000000 0.792969
v 6.000000 -5.000000 0.728271
v 7.000000 -5.000000 0.665039
v 8.000000 -5.000000 0.615967
v 9.000000 -5.000000 0.586914
v 10.000000 -5.000000 0.554932
v 11.000000 -5.000000 0.502930
v 12.000000 -5.000000 0.457275
v 13.000000 -5.000000 0.419922
v 14.000000 -5.000000 0.364014
v 15.000000 -5.000000 0.312012
v 16.000000 -5.000000 0.281494
v 17.000000 -5.000000 0.280762
v 18.000000 -5.000000 0.308838
v 19.000000 -5.000000 0.348145
v 20.000000 -5.000000 0.348145
v 21.000000 -5.000000 0.348145
v 22.000000 -5.000000 0.348145
v 23.000000 -5.000000 0.348145
v 24.000000 -5.000000 0.348145
v 25.000000 -5.000000 0.348145
v 26.000000 -5.000000 0.348145
v 27.000000 -5.000000 0.348145
v 28.000000 -5.000000 0.348145
v 29.000000 -5.000000 0.348145
v 30.000000 -5.000000 0.348145
v 31.000000 -5.000000 0.348145
v 32.000000 -5.000000 0.348145
v -32.000000 -6.000000 1.639404
v -31.000000 -6.000000 1.639404
v -30.000000 -6.000000 1.639404
v -29.000000 -6.000000 1.639404
v -28.000000 -6.000000 1.639404
v -27.000000 -6.000000 1.639404
v -26.000000 -6.000000 1.639404
v -25.000000 -6.000000 1.639404
v -24.000000 -6.000000 1.639404
v -23.000000 -6.000000 1.639404
v -22.000000 -6.000000 1.639404
v -21.000000 -6.000000 1.639404
v -20.000000 -6.000000 1.639404
v -19.000000 -6.000000 1.647461
v -18.000000 -6.000000 1.664307
v -17.000000 -6.000000 1.694824
v -16.000000 -6.000000 1.729248
v -15.000000 -6.000000 1.751953
v -14.000000 -6.000000 1.760986
v -13.000000 -6.000000 1.758301
v -12.000000 -6.000000 1.740479
v -11.000000 -6.000000 1.709473
v -10.000000 -6.000000 1.635498
v -9.000000 -6.000000 1.509277
v -8.000000 -6.000000 1.371826
v -7.000000 -6.000000 1.250488
v -6.000000 -6.000000 1.144287
v -5.000000 -6.000000 1.046387
v -4.000000 -6.000000 0.976318
v -3.000000 -6.000000 0.933105
v -2.000000 -6.000000 0.899658
v -1.000000 -6.000000 0.882812
v 0.000000 -6.000000 0.867920
v 1.000000 -6.000000 0.849121
v 2.000000 -6.000000 0.827881
v 3.000000 -6.000000 0.803223
v 4.000000 -6.000000 0.776611
v 5.000000 -6.000000 0.740723
v 6.000000 -6.000000 0.691650
v 7.000000 -6.000000 0.640137
v 8.000000 -6.000000 0.601807
v 9.000000 -6.000000 0.570801
v 10.000000 -6.000000 0.534912
v 11.000000 -6.000000 0.493652
v 12.000000 -6.000000 0.451416
v 13.000000 -6.000000 0.412109
v 14.000000 -6.000000 0.378662
v 15.000000 -6.000000 0.330566
v 16.000000 -6.000000 0.292725
v 17.000000 -6.000000 0.285645
v 18.000000 -6.000000 0.307861
v 19.000000 -6.000000 0.344727
v 20.000000 -6.000000 0.344727
v 21.000000 -6.000000 0.344727
v 22.000000 -6.000000 0.344727
v 23.000000 -6.000000 0.344727
v 24.000000 -6.000000 0.344727
v 25.000000 -6.000000 0.344727
v 26.000000 -6.000000 0.344727
v 27.000000 -6.000000 0.344727
v 28.000000 -6.000000 0.344727
v 29.000000 -6.000000 0.344727
v 30.000000 -6.000000 0.344727
v 31.000000 -6.000000 0.344727
v 32.000000 -6.000000 0.344727
v -32.000000 -7.000000 1.521240
v -31.000000 -7.000000 1.521240
v -30.000000 -7.000000 1.521240
v -29.000000 -7.000000 1.521240
v -28.000000 -7.000000 1.521240
v -27.000000 -7.000000 1.521240
v -26.000000 -7.000000 1.521240
v -25.000000 -7.000000 1.521240
v -24.000000 -7.000000 1.521240
v -23.000000 -7.000000 1.521240
v -22.000000 -7.000000 1.521240
v -21.000000 -7.000000 1.521240
v -20.000000 -7.000000 1.521240
v -19.000000 -7.000000 1.520508
v -18.000000 -7.000000 1.526123
v -17.000000 -7.000000 1.552734
v -16.000000 -7.000000 1.586670
v -15.000000 -7.000000 1.614746
v -14.000000 -7.000000 1.638428
v -13.000000 -7.000000 1.646973
v -12.000000 -7.000000 1.635010
v -11.000000 -7.000000 1.606934
v -10.000000 -7.000000 1.540283
v -9.000000 -7.000000 1.423340
v -8.000000 -7.000000 1.284912
v -7.000000 -7.000000 1.160156
v -6.000000 -7.000000 1.055420
v -5.000000 -7.000000 0.953613
v -4.000000 -7.000000 0.869873
v -3.000000 -7.000000 0.809082
v -2.000000 -7.000000 0.766357
v -1.000000 -7.000000 0.743164
v 0.000000 -7.000000 0.734131
v 1.000000 -7.000000 0.729980
v 2.000000 -7.000000 0.721436
v 3.000000 -7.000000 0.707031
v 4.000000 -7.000000 0.688232
v 5.000000 -7.000000 0.664551
v 6.000000 -7.000000 0.630615
v 7.000000 -7.000000 0.593262
v 8.000000 -7.000000 0.563232
v 9.000000 -7.000000 0.547119
v 10.000000 -7.000000 0.526367
v 11.000000 -7.000000 0.485596
v 12.000000 -7.000000 0.441406
v 13.000000 -7.000000 0.400146
v 14.000000 -7.000000 0.364746
v 15.000000 -7.000000 0.311768
v 16.000000 -7.000000 0.278809
v 17.000000 -7.000000 0.271729
v 18.000000 -7.000000 0.290527
v 19.000000 -7.000000 0.331299
v 20.000000 -7.000000 0.331299
v 21.000000 -7.000000 0.331299
v 22.000000 -7.000000 0.331299
v 23.000000 -7.000000 0.331299
v 24.000000 -7.000000 0.331299
v 25.000000 -7.000000 0.331299
v 26.000000 -7.000000 0.331299
v 27.000000 -7.000000 0.331299
v 28.000000 -7.000000 0.331299
v 29.000000 -7.000000 0.331299
v 30.000000 -7.000000 0.331299
v 31.000000 -7.000000 0.331299
v 32.000000 -7.000000 0.331299
v -32.000000 -8.000000 1.395508
v -31.000000 -8.000000 1.395508
v -30.000000 -8.000000 1.395508
v -29.000000 -8.000000 1.395508
v -28.000000 -8.000000 1.395508
v -27.000000 -8.000000 1.395508
v -26.000000 -8.000000 1.395508
v -25.000000 -8.000000 1.395508
v -24.000000 -8.000000 1.395508
v -23.000000 -8.000000 1.395508
v -22.000000 -8.000000 1.395508
v -21.000000 -8.000000 1.395508
v -20.000000 -8.000000 1.395508
v -19.000000 -8.000000 1.390869
v -18.000000 -8.000000 1.397949
v -17.000000 -8.000000 1.421631
v -16.000000 -8.000000 1.449707
v -15.000000 -8.000000 1.473389
v -14.000000 -8.000000 1.494141
v -13.000000 -8.000000 1.504639
v -12.000000 -8.000000 1.498047
v -11.000000 -8.000000 1.474365
v -10.000000 -8.000000 1.420898
v -9.000000 -8.000000 1.324463
v -8.000000 -8.000000 1.196777
v -7.000000 -8.000000 1.067139
v -6.000000 -8.000000 0.958496
v -5.000000 -8.000000 0.871338
v -4.000000 -8.000000 0.787109
v -3.000000 -8.000000 0.710693
v -2.000000 -8.000000 0.646973
v -1.000000 -8.000000 0.604248
v 0.000000 -8.000000 0.584473
v 1.000000 -8.000000 0.583252
v 2.000000 -8.000000 0.587402
v 3.000000 -8.000000 0.590088
v 4.000000 -8.000000 0.587402
v 5.000000 -8.000000 0.573975
v 6.000000 -8.000000 0.549316
v 7.000000 -8.000000 0.522217
v 8.000000 -8.000000 0.500000
v 9.000000 -8.000000 0.485107
v 10.000000 -8.000000 0.470703
v 11.000000 -8.000000 0.451416
v 12.000000 -8.000000 0.426758
v 13.000000 -8.000000 0.383057
v 14.000000 -8.000000 0.321289
v 15.000000 -8.000000 0.265381
v 16.000000 -8.000000 0.238281
v 17.000000 -8.000000 0.230225
v 18.000000 -8.000000 0.258789
v 19.000000 -8.000000 0.311768
v 20.000000 -8.000000 0.311768
v 21.000000 -8.000000 0.311768
v 22.000000 -8.000000 0.311768
v 23.000000 -8.000000 0.311768
v 24.000000 -8.000000 0.311768
v 25.000000 -8.000000 0.311768
v 26.000000 -8.000000 0.311768
v 27.000000 -8.000000 0.311768
v 28.000000 -8.000000 0.311768
v 29.000000 -8.000000 0.311768
v 30.000000 -8.000000 0.311768
v 31.000000 -8.000000 0.311768
v 32.000000 -8.000000 0.311768
v -32.000000 -9.000000 1.308594
v -31.000000 -9.000000 1.308594
v -30.000000 -9.000000 1.308594
v -29.000000 -9.000000 1.308594
v -28.000000 -9.000000 1.308594
v -27.000000 -9.000000 1.308594
v -26.000000 -9.000000 1.308594
v -25.000000 -9.000000 1.308594
v -24.000000 -9.000000 1.308594
v -23.000000 -9.000000 1.308594
v -22.000000 -9.000000 1.308594
v -21.000000 -9.000000 1.308594
v -20.000000 -9.000000 1.308594
v -19.000000 -9.000000 1.295166
v -18.000000 -9.000000 1.292969
v -17.000000 -9.000000 1.302490
v -16.000000 -9.000000 1.315430
v -15.000000 -9.000000 1.330322
v -14.000000 -9.000000 1.346680
v -13.000000 -9.000000 1.353271
v -12.000000 -9.000000 1.342773
v -11.000000 -9.000000 1.315674
v -10.000000 -9.000000 1.270020
v -9.000000 -9.000000 1.194092
v -8.000000 -9.000000 1.088867
v -7.000000 -9.000000 0.978760
v -6.000000 -9.000000 0.881348
v -5.000000 -9.000000 0.794189
v -4.000000 -9.000000 0.701660
v -3.000000 -9.000000 0.623291
v -2.000000 -9.000000 0.555176
v -1.000000 -9.000000 0.496338
v 0.000000 -9.000000 0.463867
v 1.000000 -9.000000 0.457764
v 2.000000 -9.000000 0.461914
v 3.000000 -9.000000 0.469482
v 4.000000 -9.000000 0.474609
v 5.000000 -9.000000 0.469482
v 6.000000 -9.000000 0.456055
v 7.000000 -9.000000 0.442627
v 8.000000 -9.000000 0.434570
v 9.000000 -9.000000 0.427979
v 10.000000 -9.000000 0.416992
v 11.000000 -9.000000 0.403076
v 12.000000 -9.000000 0.383789
v 13.000000 -9.000000 0.341553
v 14.000000 -9.000000 0.283691
v 15.000000 -9.000000 0.238037
v 16.000000 -9.000000 0.208496
v 17.000000 -9.000000 0.205322
v 18.000000 -9.000000 0.239746
v 19.000000 -9.000000 0.289795
v 20.000000 -9.000000 0.289795
v 21.000000 -9.000000 0.289795
v 22.000000 -9.000000 0.289795
v 23.000000 -9.000000 0.289795
v 24.000000 -9.000000 0.289795
v 25.000000 -9.000000 0.289795
v 26.000000 -9.000000 0.289795
v 27.000000 -9.000000 0.289795
v 28.000000 -9.000000 0.289795
v 29.000000 -9.000000 0.289795
v 30.000000 -9.000000 0.289795
v 31.000000 -9.000000 0.289795
v 32.000000 -9.000000 0.289795
v -32.000000 -10.000000 1.226562
v -31.000000 -10.000000 1.226562
v -30.000000 -10.000000 1.226562
v -29.000000 -10.000000 1.226562
v -28.000000 -10.000000 1.226562
v -27.000000 -10.000000 1.226562
v -26.000000 -10.000000 1.226562
v -25.000000 -10.000000 1.226562
v -24.000000 -10.000000 1.226562
v -23.000000 -10.000000 1.226562
v -22.000000 -10.000000 1.226562
v -21.000000 -10.000000 1.226562
v -20.000000 -10.000000 1.226562
v -19.000000 -10.000000 1.201904
v -18.000000 -10.000000 1.183105
v -17.000000 -10.000000 1.176514
v -16.000000 -10.000000 1.176758
v -15.000000 -10.000000 1.178467
v -14.000000 -10.000000 1.178223
v -13.000000 -10.000000 1.172607
v -12.000000 -10.000000 1.155762
v -11.000000 -10.000000 1.130615
v -10.000000 -10.000000 1.099121
v -9.000000 -10.000000 1.053467
v -8.000000 -10.000000 0.987793
v -7.000000 -10.000000 0.907471
v -6.000000 -10.000000 0.826660
v -5.000000 -10.000000 0.741455
v -4.000000 -10.000000 0.653809
v -3.000000 -10.000000 0.579834
v -2.000000 -10.000000 0.512207
v -1.000000 -10.000000 0.445557
v 0.000000 -10.000000 0.396484
v 1.000000 -10.000000 0.369873
v 2.000000 -10.000000 0.357422
v 3.000000 -10.000000 0.355225
v 4.000000 -10.000000 0.355469
v 5.000000 -10.000000 0.352783
v 6.000000 -10.000000 0.349609
v 7.000000 -10.000000 0.353271
v 8.000000 -10.000000 0.363281
v 9.000000 -10.000000 0.369873
v 10.000000 -10.000000 0.366211
v 11.000000 -10.000000 0.358154
v 12.000000 -10.000000 0.341309
v 13.000000 -10.000000 0.304932
v 14.000000 -10.000000 0.259766
v 15.000000 -10.000000 0.223389
v 16.000000 -10.000000 0.197754
v 17.000000 -10.000000 0.194580
v 18.000000 -10.000000 0.220703
v 19.000000 -10.000000 0.264404
v 20.000000 -10.000000 0.264404
v 21.000000 -10.000000 0.264404
v 22.000000 -10.000000 0.264404
v 23.000000 -10.000000 0.264404
v 24.000000 -10.000000 0.264404
v 25.000000 -10.000000 0.264404
v 26.000000 -10.000000 0.264404
v 27.000000 -10.000000 0.264404
v 28.000000 -10.000000 0.264404
v 29.000000 -10.000000 0.264404
v 30.000000 -10.000000 0.264404
v 31.000000 -10.000000 0.264404
v 32.000000 -10.000000 0.264404
v -32.000000 -11.000000 1.162109
v -31.000000 -11.000000 1.162109
v -30.000000 -11.000000 1.162109
v -29.000000 -11.000000 1.162109
v -28.000000 -11.000000 1.162109
v -27.000000 -11.000000 1.162109
v -26.000000 -11.000000 1.162109
v -25.000000 -11.000000 1.162109
v -24.000000 -11.000000 1.162109
v -23.000000 -11.000000 1.162109
v -22.000000 -11.000000 1.162109
v -21.000000 -11.000000 1.162109
v -20.000000 -11.000000 1.162109
v -19.000000 -11.000000 1.117920
v -18.000000 -11.000000 1.080566
v -17.000000 -11.000000 1.059326
v -16.000000 -11.000000 1.052246
v -15.000000 -11.000000 1.052002
v -14.000000 -11.000000 1.052734
v -13.000000 -11.000000 1.051025
v -12.000000 -11.000000 1.039062
v -11.000000 -11.000000 1.022705
v -10.000000 -11.000000 1.009277
v -9.000000 -11.000000 0.988525
v -8.000000 -11.000000 0.946289
v -7.000000 -11.000000 0.886963
v -6.000000 -11.000000 0.817383
v -5.000000 -11.000000 0.735596
v -4.000000 -11.000000 0.650879
v -3.000000 -11.000000 0.575928
v -2.000000 -11.000000 0.507812
v -1.000000 -11.000000 0.441162
v 0.000000 -11.000000 0.380859
v 1.000000 -11.000000 0.331299
v 2.000000 -11.000000 0.291504
v 3.000000 -11.000000 0.267334
v 4.000000 -11.000000 0.252930
v 5.000000 -11.000000 0.247803
v 6.000000 -11.000000 0.252930
v 7.000000 -11.000000 0.268799
v 8.000000 -11.000000 0.291016
v 9.000000 -11.000000 0.307373
v 10.000000 -11.000000 0.311035
v 11.000000 -11.000000 0.305908
v 12.000000 -11.000000 0.290039
v 13.000000 -11.000000 0.260986
v 14.000000 -11.000000 0.231934
v 15.000000 -11.000000 0.215088
v 16.000000 -11.000000 0.206055
v 17.000000 -11.000000 0.210693
v 18.000000 -11.000000 0.233398
v 19.000000 -11.000000 0.264404
v 20.000000 -11.000000 0.264404
v 21.000000 -11.000000 0.264404
v 22.000000 -11.000000 0.264404
v 23.000000 -11.000000 0.264404
v 24.000000 -11.000000 0.264404
v 25.000000 -11.000000 0.264404
v 26.000000 -11.000000 0.264404
v 27.000000 -11.000000 0.264404
v 28.000000 -11.000000 0.264404
v 29.000000 -11.000000 0.264404
v 30.000000 -11.000000 0.264404
v 31.000000 -11.000000 0.264404
v 32.000000 -11.000000 0.264404
v -32.000000 -12.000000 1.111084
v -31.000000 -12.000000 1.111084
v -30.000000 -12.000000 1.111084
v -29.000000 -12.000000 1.111084
v -28.000000 -12.000000 1.111084
v -27.000000 -12.000000 1.111084
v -26.000000 -12.000000 1.111084
v -25.000000 -12.000000 1.111084
v -24.000000 -12.000000 1.111084
v -23.000000 -12.000000 1.111084
v -22.000000 -12.000000 1.111084
v -21.000000 -12.000000 1.111084
v -20.000000 -12.000000 1.111084
v -19.000000 -12.000000 1.053711
v -18.000000 -12.000000 1.005127
v -17.000000 -12.000000 0.973633
v -16.000000 -12.000000 0.960693
v -15.000000 -12.000000 0.960938
v -14.000000 -12.000000 0.969482
v -13.000000 -12.000000 0.975586
v -12.000000 -12.000000 0.973389
v -11.000000 -12.000000 0.965820
v -10.000000 -12.000000 0.960693
v -9.000000 -12.000000 0.948242
v -8.000000 -12.000000 0.916260
v -7.000000 -12.000000 0.869141
v -6.000000 -12.000000 0.813721
v -5.000000 -12.000000 0.746582
v -4.000000 -12.000000 0.673096
v -3.000000 -12.000000 0.601074
v -2.000000 -12.000000 0.527588
v -1.000000 -12.000000 0.456055
v 0.000000 -12.000000 0.385986
v 1.000000 -12.000000 0.322266
v 2.000000 -12.000000 0.264404
v 3.000000 -12.000000 0.221191
v 4.000000 -12.000000 0.191162
v 5.000000 -12.000000 0.176758
v 6.000000 -12.000000 0.182373
v 7.000000 -12.000000 0.204590
v 8.000000 -12.000000 0.232666
v 9.000000 -12.000000 0.251465
v 10.000000 -12.000000 0.257568
v 11.000000 -12.000000 0.253418
v 12.000000 -12.000000 0.237549
v 13.000000 -12.000000 0.219238
v 14.000000 -12.000000 0.209717
v 15.000000 -12.000000 0.213867
v 16.000000 -12.000000 0.223877
v 17.000000 -12.000000 0.243652
v 18.000000 -12.000000 0.269775
v 19.000000 -12.000000 0.292969
v 20.000000 -12.000000 0.292969
v 21.000000 -12.000000 0.292969
v 22.000000 -12.000000 0.292969
v 23.000000 -12.000000 0.292969
v 24.000000 -12.000000 0.292969
v 25.000000 -12.000000 0.292969
v 26.000000 -12.000000 0.292969
v 27.000000 -12.000000 0.292969
v 28.000000 -12.000000 0.292969
v 29.000000 -12.000000 0.292969
v 30.000000 -12.000000 0.292969
v 31.000000 -12.000000 0.292969
v 32.000000 -12.000000 0.292969
v -32.000000 -13.000000 1.067627
v -31.000000 -13.000000 1.067627
v -30.000000 -13.000000 1.067627
v -29.000000 -13.000000 1.067627
v -28.000000 -13.000000 1.067627
v -27.000000 -13.000000 1.067627
v -26.000000 -13.000000 1.067627
v -25.000000 -13.000000 1.067627
v -24.000000 -13.000000 1.067627
v -23.000000 -13.000000 1.067627
v -22.000000 -13.000000 1.067627
v -21.000000 -13.000000 1.067627
v -20.000000 -13.000000 1.067627
v -19.000000 -13.000000 0.998535
v -18.000000 -13.000000 0.939209
v -17.000000 -13.000000 0.898926
v -16.000000 -13.000000 0.883057
v -15.000000 -13.000000 0.888184
v -14.000000 -13.000000 0.906494
v -13.000000 -13.000000 0.920898
v -12.000000 -13.000000 0.921143
v -11.000000 -13.000000 0.914062
v -10.000000 -13.000000 0.906982
v -9.000000 -13.000000 0.893555
v -8.000000 -13.000000 0.867920
v -7.000000 -13.000000 0.834961
v -6.000000 -13.000000 0.798584
v -5.000000 -13.000000 0.749512
v -4.000000 -13.000000 0.689697
v -3.000000 -13.000000 0.622559
v -2.000000 -13.000000 0.545654
v -1.000000 -13.000000 0.470215
v 0.000000 -13.000000 0.390869
v 1.000000 -13.000000 0.320312
v 2.000000 -13.000000 0.258057
v 3.000000 -13.000000 0.210938
v 4.000000 -13.000000 0.173584
v 5.000000 -13.000000 0.153320
v 6.000000 -13.000000 0.152100
v 7.000000 -13.000000 0.166504
v 8.000000 -13.000000 0.185303
v 9.000000 -13.000000 0.198242
v 10.000000 -13.000000 0.203857
v 11.000000 -13.000000 0.202637
v 12.000000 -13.000000 0.194092
v 13.000000 -13.000000 0.191406
v 14.000000 -13.000000 0.201416
v 15.000000 -13.000000 0.226562
v 16.000000 -13.000000 0.254150
v 17.000000 -13.000000 0.287598
v 18.000000 -13.000000 0.314209
v 19.000000 -13.000000 0.331543
v 20.000000 -13.000000 0.331543
v 21.000000 -13.000000 0.331543
v 22.000000 -13.000000 0.331543
v 23.000000 -13.000000 0.331543
v 24.000000 -13.000000 0.331543
v 25.000000 -13.000000 0.331543
v 26.000000 -13.000000 0.331543
v 27.000000 -13.000000 0.331543
v 28.000000 -13.000000 0.331543
v 29.000000 -13.000000 0.331543
v 30.000000 -13.000000 0.331543
v 31.000000 -13.000000 0.331543
v 32.000000 -13.000000 0.331543
v -32.000000 -14.000000 1.020752
v -31.000000 -14.000000 1.020752
v -30.000000 -14.000000 1.020752
v -29.000000 -14.000000 1.020752
v -28.000000 -14.000000 1.020752
v -27.000000 -14.000000 1.020752
v -26.000000 -14.000000 1.020752
v -25.000000 -14.000000 1.020752
v -24.000000 -14.000000 1.020752
v -23.000000 -14.000000 1.020752
v -22.000000 -14.000000 1.020752
v -21.000000 -14.000000 1.020752
v -20.000000 -14.000000 1.020752
v -19.000000 -14.000000 0.945801
v -18.000000 -14.000000 0.882568
v -17.000000 -14.000000 0.838867
v -16.000000 -14.000000 0.820557
v -15.000000 -14.000000 0.824707
v -14.000000 -14.000000 0.845459
v -13.000000 -14.000000 0.862305
v -12.000000 -14.000000 0.863037
v -11.000000 -14.000000 0.854980
v -10.000000 -14.000000 0.845947
v -9.000000 -14.000000 0.830078
v -8.000000 -14.000000 0.806885
v -7.000000 -14.000000 0.783691
v -6.000000 -14.000000 0.760498
v -5.000000 -14.000000 0.729980
v -4.000000 -14.000000 0.687744
v -3.000000 -14.000000 0.631836
v -2.000000 -14.000000 0.560303
v -1.000000 -14.000000 0.485840
v 0.000000 -14.000000 0.396240
v 1.000000 -14.000000 0.318848
v 2.000000 -14.000000 0.255615
v 3.000000 -14.000000 0.208008
v 4.000000 -14.000000 0.166260
v 5.000000 -14.000000 0.140137
v 6.000000 -14.000000 0.131104
v 7.000000 -14.000000 0.138184
v 8.000000 -14.000000 0.151611
v 9.000000 -14.000000 0.160156
v 10.000000 -14.000000 0.163330
v 11.000000 -14.000000 0.164062
v 12.000000 -14.000000 0.162354
v 13.000000 -14.000000 0.170410
v 14.000000 -14.000000 0.193604
v 15.000000 -14.000000 0.229980
v 16.000000 -14.000000 0.268799
v 17.000000 -14.000000 0.311035
v 18.000000 -14.000000 0.337646
v 19.000000 -14.000000 0.351562
v 20.000000 -14.000000 0.351562
v 21.000000 -14.000000 0.351562
v 22.000000 -14.000000 0.351562
v 23.000000 -14.000000 0.351562
v 24.000000 -14.000000 0.351562
v 25.000000 -14.000000 0.351562
v 26.000000 -14.000000 0.351562
v 27.000000 -14.000000 0.351562
v 28.000000 -14.000000 0.351562
v 29.000000 -14.000000 0.351562
v 30.000000 -14.000000 0.351562
v 31.000000 -14.000000 0.351562
v 32.000000 -14.000000 0.351562
v -32.000000 -15.000000 0.993408
v -31.000000 -15.000000 0.993408
v -30.000000 -15.000000 0.993408
v -29.000000 -15.000000 0.993408
v -28.000000 -15.000000 0.993408
v -27.000000 -15.000000 0.993408
v -26.000000 -15.000000 0.993408
v -25.000000 -15.000000 0.993408
v -24.000000 -15.000000 0.993408
v -23.000000 -15.000000 0.993408
v -22.000000 -15.000000 0.993408
v -21.000000 -15.000000 0.993408
v -20.000000 -15.000000 0.993408
v -19.000000 -15.000000 0.918457
v -18.000000 -15.000000 0.851318
v -17.000000 -15.000000 0.800781
v -16.000000 -15.000000 0.773682
v -15.000000 -15.000000 0.771484
v -14.000000 -15.000000 0.792236
v -13.000000 -15.000000 0.810059
v -12.000000 -15.000000 0.809326
v -11.000000 -15.000000 0.799805
v -10.000000 -15.000000 0.787354
v -9.000000 -15.000000 0.767578
v -8.000000 -15.000000 0.744873
v -7.000000 -15.000000 0.727539
v -6.000000 -15.000000 0.712158
v -5.000000 -15.000000 0.689453
v -4.000000 -15.000000 0.656006
v -3.000000 -15.000000 0.612305
v -2.000000 -15.000000 0.552979
v -1.000000 -15.000000 0.482910
v 0.000000 -15.000000 0.396729
v 1.000000 -15.000000 0.320312
v 2.000000 -15.000000 0.254150
v 3.000000 -15.000000 0.200684
v 4.000000 -15.000000 0.152588
v 5.000000 -15.000000 0.121094
v 6.000000 -15.000000 0.108154
v 7.000000 -15.000000 0.112793
v 8.000000 -15.000000 0.125244
v 9.000000 -15.000000 0.134277
v 10.000000 -15.000000 0.137451
v 11.000000 -15.000000 0.142090
v 12.000000 -15.000000 0.149170
v 13.000000 -15.000000 0.154785
v 14.000000 -15.000000 0.177490
v 15.000000 -15.000000 0.220215
v 16.000000 -15.000000 0.266846
v 17.000000 -15.000000 0.290527
v 18.000000 -15.000000 0.330811
v 19.000000 -15.000000 0.355957
v 20.000000 -15.000000 0.355957
v 21.000000 -15.000000 0.355957
v 22.000000 -15.000000 0.355957
v 23.000000 -15.000000 0.355957
v 24.000000 -15.000000 0.355957
v 25.000000 -15.000000 0.355957
v 26.000000 -15.000000 0.355957
v 27.000000 -15.000000 0.355957
v 28.000000 -15.000000 0.355957
v 29.000000 -15.000000 0.355957
v 30.000000 -15.000000 0.355957
v 31.000000 -15.000000 0.355957
v 32.000000 -15.000000 0.355957
v -32.000000 -16.000000 0.984375
v -31.000000 -16.000000 0.984375
v -30.000000 -16.000000 0.984375
v -29.000000 -16.000000 0.984375
v -28.000000 -16.000000 0.984375
v -27.000000 -16.000000 0.984375
v -26.000000 -16.000000 0.984375
v -25.000000 -16.000000 0.984375
v -24.000000 -16.000000 0.984375
v -23.000000 -16.000000 0.984375
v -22.000000 -16.000000 0.984375
v -21.000000 -16.000000 0.984375
v -20.000000 -16.000000 0.984375
v -19.000000 -16.000000 0.909912
v -18.000000 -16.000000 0.842285
v -17.000000 -16.000000 0.786377
v -16.000000 -16.000000 0.748535
v -15.000000 -16.000000 0.732666
v -14.000000 -16.000000 0.746582
v -13.000000 -16.000000 0.761963
v -12.000000 -16.000000 0.758301
v -11.000000 -16.000000 0.745361
v -10.000000 -16.000000 0.729980
v -9.000000 -16.000000 0.706787
v -8.000000 -16.000000 0.680664
v -7.000000 -16.000000 0.662842
v -6.000000 -16.000000 0.651855
v -5.000000 -16.000000 0.635498
v -4.000000 -16.000000 0.609863
v -3.000000 -16.000000 0.576904
v -2.000000 -16.000000 0.531250
v -1.000000 -16.000000 0.470459
v 0.000000 -16.000000 0.391602
v 1.000000 -16.000000 0.318115
v 2.000000 -16.000000 0.249023
v 3.000000 -16.000000 0.188232
v 4.000000 -16.000000 0.133789
v 5.000000 -16.000000 0.097900
v 6.000000 -16.000000 0.081055
v 7.000000 -16.000000 0.085205
v 8.000000 -16.000000 0.102051
v 9.000000 -16.000000 0.118896
v 10.000000 -16.000000 0.128906
v 11.000000 -16.000000 0.131592
v 12.000000 -16.000000 0.131836
v 13.000000 -16.000000 0.135986
v 14.000000 -16.000000 0.153320
v 15.000000 -16.000000 0.188721
v 16.000000 -16.000000 0.237793
v 17.000000 -16.000000 0.280518
v 18.000000 -16.000000 0.312500
v 19.000000 -16.000000 0.331787
v 20.000000 -16.000000 0.331787
v 21.000000 -16.000000 0.331787
v 22.000000 -16.000000 0.331787
v 23.000000 -16.000000 0.331787
v 24.000000 -16.000000 0.331787
v 25.000000 -16.000000 0.331787
v 26.000000 -16.000000 0.331787
v 27.000000 -16.000000 0.331787
v 28.000000 -16.000000 0.331787
v 29.000000 -16.000000 0.331787
v 30.000000 -16.000000 0.331787
v 31.000000 -16.000000 0.331787
v 32.000000 -16.000000 0.331787
v -32.000000 -17.000000 0.976562
v -31.000000 -17.000000 0.976562
v -30.000000 -17.000000 0.976562
v -29.000000 -17.000000 0.976562
v -28.000000 -17.000000 0.976562
v -27.000000 -17.000000 0.976562
v -26.000000 -17.000000 0.976562
v -25.000000 -17.000000 0.976562
v -24.000000 -17.000000 0.976562
v -23.000000 -17.000000 0.976562
v -22.000000 -17.000000 0.976562
v -21.000000 -17.000000 0.976562
v -20.000000 -17.000000 0.976562
v -19.000000 -17.000000 0.906982
v -18.000000 -17.000000 0.841309
v -17.000000 -17.000000 0.784424
v -16.000000 -17.000000 0.737793
v -15.000000 -17.000000 0.712646
v -14.000000 -17.000000 0.717285
v -13.000000 -17.000000 0.723877
v -12.000000 -17.000000 0.711426
v -11.000000 -17.000000 0.691650
v -10.000000 -17.000000 0.673828
v -9.000000 -17.000000 0.649170
v -8.000000 -17.000000 0.617188
v -7.000000 -17.000000 0.593994
v -6.000000 -17.000000 0.581055
v -5.000000 -17.000000 0.566162
v -4.000000 -17.000000 0.545410
v -3.000000 -17.000000 0.520264
v -2.000000 -17.000000 0.488770
v -1.000000 -17.000000 0.443604
v 0.000000 -17.000000 0.374023
v 1.000000 -17.000000 0.304443
v 2.000000 -17.000000 0.234375
v 3.000000 -17.000000 0.168213
v 4.000000 -17.000000 0.107910
v 5.000000 -17.000000 0.067627
v 6.000000 -17.000000 0.047852
v 7.000000 -17.000000 0.052002
v 8.000000 -17.000000 0.074219
v 9.000000 -17.000000 0.100830
v 10.000000 -17.000000 0.120117
v 11.000000 -17.000000 0.128174
v 12.000000 -17.000000 0.128418
v 13.000000 -17.000000 0.128174
v 14.000000 -17.000000 0.135254
v 15.000000 -17.000000 0.160400
v 16.000000 -17.000000 0.203125
v 17.000000 -17.000000 0.250732
v 18.000000 -17.000000 0.283203
v 19.000000 -17.000000 0.301025
v 20.000000 -17.000000 0.301025
v 21.000000 -17.000000 0.301025
v 22.000000 -17.000000 0.301025
v 23.000000 -17.000000 0.301025
v 24.000000 -17.000000 0.301025
v 25.000000 -17.000000 0.301025
v 26.000000 -17.000000 0.301025
v 27.000000 -17.000000 0.301025
v 28.000000 -17.000000 0.301025
v 29.000000 -17.000000 0.301025
v 30.000000 -17.000000 0.301025
v 31.000000 -17.000000 0.301025
v 32.000000 -17.000000 0.301025
v -32.000000 -18.000000 0.944824
v -31.000000 -18.000000 0.944824
v -30.000000 -18.000000 0.944824
v -29.000000 -18.000000 0.944824
v -28.000000 -18.000000 0.944824
v -27.000000 -18.000000 0.944824
v -26.000000 -18.000000 0.944824
v -25.000000 -18.000000 0.944824
v -24.000000 -18.000000 0.944824
v -23.000000 -18.000000 0.944824
v -22.000000 -18.000000 0.944824
v -21.000000 -18.000000 0.944824
v -20.000000 -18.000000 0.944824
v -19.000000 -18.000000 0.878662
v -18.000000 -18.000000 0.819336
v -17.000000 -18.000000 0.770264
v -16.000000 -18.000000 0.731445
v -15.000000 -18.000000 0.710693
v -14.000000 -18.000000 0.709473
v -13.000000 -18.000000 0.705322
v -12.000000 -18.000000 0.684082
v -11.000000 -18.000000 0.654053
v -10.000000 -18.000000 0.625977
v -9.000000 -18.000000 0.591553
v -8.000000 -18.000000 0.548828
v -7.000000 -18.000000 0.513916
v -6.000000 -18.000000 0.495117
v -5.000000 -18.000000 0.480225
v -4.000000 -18.000000 0.461426
v -3.000000 -18.000000 0.443115
v -2.000000 -18.000000 0.427734
v -1.000000 -18.000000 0.400635
v 0.000000 -18.000000 0.351074
v 1.000000 -18.000000 0.291260
v 2.000000 -18.000000 0.225098
v 3.000000 -18.000000 0.154053
v 4.000000 -18.000000 0.086426
v 5.000000 -18.000000 0.040771
v 6.000000 -18.000000 0.017578
v 7.000000 -18.000000 0.019287
v 8.000000 -18.000000 0.043457
v 9.000000 -18.000000 0.077881
v 10.000000 -18.000000 0.106934
v 11.000000 -18.000000 0.124756
v 12.000000 -18.000000 0.131348
v 13.000000 -18.000000 0.126709
v 14.000000 -18.000000 0.122559
v 15.000000 -18.000000 0.135498
v 16.000000 -18.000000 0.168457
v 17.000000 -18.000000 0.213623
v 18.000000 -18.000000 0.249023
v 19.000000 -18.000000 0.268799
v 20.000000 -18.000000 0.268799
v 21.000000 -18.000000 0.268799
v 22.000000 -18.000000 0.268799
v 23.000000 -18.000000 0.268799
v 24.000000 -18.000000 0.268799
v 25.000000 -18.000000 0.268799
v 26.000000 -18.000000 0.268799
v 27.000000 -18.000000 0.268799
v 28.000000 -18.000000 0.268799
v 29.000000 -18.000000 0.268799
v 30.000000 -18.000000 0.268799
v 31.000000 -18.000000 0.268799
v 32.000000 -18.000000 0.268799
v -32.000000 -19.000000 0.911621
v -31.000000 -19.000000 0.911621
v -30.000000 -19.000000 0.911621
v -29.000000 -19.000000 0.911621
v -28.000000 -19.000000 0.911621
v -27.000000 -19.000000 0.911621
v -26.000000 -19.000000 0.911621
v -25.000000 -19.000000 0.911621
v -24.000000 -19.000000 0.911621
v -23.000000 -19.000000 0.911621
v -22.000000 -19.000000 0.911621
v -21.000000 -19.000000 0.911621
v -20.000000 -19.000000 0.911621
v -19.000000 -19.000000 0.853271
v -18.000000 -19.000000 0.801758
v -17.000000 -19.000000 0.759033
v -16.000000 -19.000000 0.732910
v -15.000000 -19.000000 0.725342
v -14.000000 -19.000000 0.727051
v -13.000000 -19.000000 0.717529
v -12.000000 -19.000000 0.687012
v -11.000000 -19.000000 0.645264
v -10.000000 -19.000000 0.601562
v -9.000000 -19.000000 0.552002
v -8.000000 -19.000000 0.495605
v -7.000000 -19.000000 0.446045
v -6.000000 -19.000000 0.413574
v -5.000000 -19.000000 0.391357
v -4.000000 -19.000000 0.370605
v -3.000000 -19.000000 0.356201
v -2.000000 -19.000000 0.348145
v -1.000000 -19.000000 0.330322
v 0.000000 -19.000000 0.296875
v 1.000000 -19.000000 0.250244
v 2.000000 -19.000000 0.193359
v 3.000000 -19.000000 0.128662
v 4.000000 -19.000000 0.066895
v 5.000000 -19.000000 0.023193
v 6.000000 -19.000000 0.000000
v 7.000000 -19.000000 0.001221
v 8.000000 -19.000000 0.026855
v 9.000000 -19.000000 0.066162
v 10.000000 -19.000000 0.101562
v 11.000000 -19.000000 0.123291
v 12.000000 -19.000000 0.130371
v 13.000000 -19.000000 0.121826
v 14.000000 -19.000000 0.108887
v 15.000000 -19.000000 0.114502
v 16.000000 -19.000000 0.136719
v 17.000000 -19.000000 0.173096
v 18.000000 -19.000000 0.206055
v 19.000000 -19.000000 0.230225
v 20.000000 -19.000000 0.230225
v 21.000000 -19.000000 0.230225
v 22.000000 -19.000000 0.230225
v 23.000000 -19.000000 0.230225
v 24.000000 -19.000000 0.230225
v 25.000000 -19.000000 0.230225
v 26.000000 -19.000000 0.230225
v 27.000000 -19.000000 0.230225
v 28.000000 -19.000000 0.230225
v 29.000000 -19.000000 0.230225
v 30.000000 -19.000000 0.230225
v 31.000000 -19.000000 0.230225
v 32.000000 -19.000000 0.230225
v -32.000000 -20.000000 0.911621
v -31.000000 -20.000000 0.911621
v -30.000000 -20.000000 0.911621
v -29.000000 -20.000000 0.911621
v -28.000000 -20.000000 0.911621
v -27.000000 -20.000000 0.911621
v -26.000000 -20.000000 0.911621
v -25.000000 -20.000000 0.911621
v -24.000000 -20.000000 0.911621
v -23.000000 -20.000000 0.911621
v -22.000000 -20.000000 0.911621
v -21.000000 -20.000000 0.911621
v -20.000000 -20.000000 0.911621
v -19.000000 -20.000000 0.853271
v -18.000000 -20.000000 0.801758
v -17.000000 -20.000000 0.759033
v -16.000000 -20.000000 0.732910
v -15.000000 -20.000000 0.725342
v -14.000000 -20.000000 0.727051
v -13.000000 -20.000000 0.717529
v -12.000000 -20.000000 0.687012
v -11.000000 -20.000000 0.645264
v -10.000000 -20.000000 0.601562
v -9.000000 -20.000000 0.552002
v -8.000000 -20.000000 0.495605
v -7.000000 -20.000000 0.446045
v -6.000000 -20.000000 0.413574
v -5.000000 -20.000000 0.391357
v -4.000000 -20.000000 0.370605
v -3.000000 -20.000000 0.356201
v -2.000000 -20.000000 0.348145
v -1.000000 -20.000000 0.330322
v 0.000000 -20.000000 0.296875
v 1.000000 -20.000000 0.250244
v 2.000000 -20.000000 0.193359
v 3.000000 -20.000000 0.128662
v 4.000000 -20.000000 0.066895
v 5.000000 -20.000000 0.023193
v 6.000000 -20.000000 0.000000
v 7.000000 -20.000000 0.001221
v 8.000000 -20.000000 0.026855
v 9.000000 -20.000000 0.066162
v 10.000000 -20.000000 0.101562
v 11.000000 -20.000000 0.123291
v 12.000000 -20.000000 0.130371
v 13.000000 -20.000000 0.121826
v 14.000000 -20.000000 0.108887
v 15.000000 -20.000000 0.114502
v 16.000000 -20.000000 0.136719
v 17.000000 -20.000000 0.173096
v 18.000000 -20.000000 0.206055
v 19.000000 -20.000000 0.230225
v 20.000000 -20.000000 0.230225
v 21.000000 -20.000000 0.230225
v 22.000000 -20.000000 0.230225
v 23.000000 -20.000000 0.230225
v 24.000000 -20.000000 0.230225
v 25.000000 -20.000000 0.230225
v 26.000000 -20.000000 0.230225
v 27.000000 -20.000000 0.230225
v 28.000000 -20.000000 0.230225
v 29.000000 -20.000000 0.230225
v 30.000000 -20.000000 0.230225
v 31.000000 -20.000000 0.230225
v 32.000000 -20.000000 0.230225
v -32.000000 -21.000000 0.911621
v -31.000000 -21.000000 0.911621
v -30.000000 -21.000000 0.911621
v -29.000000 -21.000000 0.911621
v -28.000000 -21.000000 0.911621
v -27.000000 -21.000000 0.911621
v -26.000000 -21.000000 0.911621
v -25.000000 -21.000000 0.911621
v -24.000000 -21.000000 0.911621
v -23.000000 -21.000000 0.911621
v -22.000000 -21.000000 0.911621
v -21.000000 -21.000000 0.911621
v -20.000000 -21.000000 0.911621
v -19.000000 -21.000000 0.853271
v -18.000000 -21.000000 0.801758
v -17.000000 -21.000000 0.759033
v -16.000000 -21.000000 0.732910
v -15.000000 -21.000000 0.725342
v -14.000000 -21.000000 0.727051
v -13.000000 -21.000000 0.717529
v -12.000000 -21.000000 0.687012
v -11.000000 -21.000000 0.645264
v -10.000000 -21.000000 0.601562
v -9.000000 -21.000000 0.552002
v -8.000000 -21.000000 0.495605
v -7.000000 -21.000000 0.446045
v -6.000000 -21.000000 0.413574
v -5.000000 -21.000000 0.391357
v -4.000000 -21.000000 0.370605
v -3.000000 -21.000000 0.356201
v -2.000000 -21.000000 0.348145
v -1.000000 -21.000000 0.330322
v 0.000000 -21.000000 0.296875
v 1.000000 -21.000000 0.250244
v 2.000000 -21.000000 0.193359
v 3.000000 -21.000000 0.128662
v 4.000000 -21.000000 0.066895
v 5.000000 -21.000000 0.023193
v 6.000000 -21.000000 0.000000
v 7.000000 -21.000000 0.001221
v 8.000000 -21.000000 0.026855
v 9.000000 -21.000000 0.066162
v 10.000000 -21.000000 0.101562
v 11.000000 -21.000000 0.123291
v 12.000000 -21.000000 0.130371
v 13.000000 -21.000000 0.121826
v 14.000000 -21.000000 0.108887
v 15.000000 -21.000000 0.114502
v 16.000000 -21.000000 0.136719
v 17.000000 -21.000000 0.173096
v 18.000000 -21.000000 0.206055
v 19.000000 -21.000000 0.230225
v 20.000000 -21.000000 0.230225
v 21.000000 -21.000000 0.230225
v 22.000000 -21.000000 0.230225
v 23.000000 -21.000000 0.230225
v 24.000000 -21.000000 0.230225
v 25.000000 -21.000000 0.230225
v 26.000000 -21.000000 0.230225
v 27.000000 -21.000000 0.230225
v 28.000000 -21.000000 0.230225
v 29.000000 -21.000000 0.230225
v 30.000000 -21.000000 0.230225
v 31.000000 -21.000000 0.230225
v 32.000000 -21.000000 0.230225
v -32.000000 -22.000000 0.911621
v -31.000000 -22.000000 0.911621
v -30.000000 -22.000000 0.911621
v -29.000000 -22.000000 0.911621
v -28.000000 -22.000000 0.911621
v -27.000000 -22.000000 0.911621
v -26.000000 -22.000000 0.911621
v -25.000000 -22.000000 0.911621
v -24.000000 -22.000000 0.911621
v -23.000000 -22.000000 0.911621
v -22.000000 -22.000000 0.911621
v -21.000000 -22.000000 0.911621
v -20.000000 -22.000000 0.911621
v -19.000000 -22.000000 0.853271
v -18.000000 -22.000000 0.801758
v -17.000000 -22.000000 0.759033
v -16.000000 -22.000000 0.732910
v -15.000000 -22.000000 0.725342
v -14.000000 -22.000000 0.727051
v -13.000000 -22.000000 0.717529
v -12.000000 -22.000000 0.687012
v -11.000000 -22.000000 0.645264
v -10.000000 -22.000000 0.601562
v -9.000000 -22.000000 0.552002
v -8.000000 -22.000000 0.495605
v -7.000000 -22.000000 0.446045
v -6.000000 -22.000000 0.413574
v -5.000000 -22.000000 0.391357
v -4.000000 -22.000000 0.370605
v -3.000000 -22.000000 0.356201
v -2.000000 -22.000000 0.348145
v -1.000000 -22.000000 0.330322
v 0.000000 -22.000000 0.296875
v 1.000000 -22.000000 0.250244
v 2.000000 -22.000000 0.193359
v 3.000000 -22.000000 0.128662
v 4.000000 -22.000000 0.066895
v 5.000000 -22.000000 0.023193
v 6.000000 -22.000000 0.000000
v 7.000000 -22.000000 0.001221
v 8.000000 -22.000000 0.026855
v 9.000000 -22.000000 0.066162
v 10.000000 -22.000000 0.101562
v 11.000000 -22.000000 0.123291
v 12.000000 -22.000000 0.130371
v 13.000000 -22.000000 0.121826
v 14.000000 -22.000000 0.108887
v 15.000000 -22.000000 0.114502
v 16.000000 -22.000000 0.136719
v 17.000000 -22.000000 0.173096
v 18.000000 -22.000000 0.206055
v 19.000000 -22.000000 0.230225
v 20.000000 -22.000000 0.230225
v 21.000000 -22.000000 0.230225
v 22.000000 -22.000000 0.230225
v 23.000000 -22.000000 0.230225
v 24.000000 -22.000000 0.230225
v 25.000000 -22.000000 0.230225
v 26.000000 -22.000000 0.230225
v 27.000000 -22.000000 0.230225
v 28.000000 -22.000000 0.230225
v 29.000000 -22.000000 0.230225
v 30.000000 -22.000000 0.230225
v 31.000000 -22.000000 0.230225
v 32.000000 -22.000000 0.230225
v -32.000000 -23.000000 0.911621
v -31.000000 -23.000000 0.911621
v -30.000000 -23.000000 0.911621
v -29.000000 -23.000000 0.911621
v -28.000000 -23.000000 0.911621
v -27.000000 -23.000000 0.911621
v -26.000000 -23.000000 0.911621
v -25.000000 -23.000000 0.911621
v -24.000000 -23.000000 0.911621
v -23.000000 -23.000000 0.911621
v -22.000000 -23.000000 0.911621
v -21.000000 -23.000000 0.911621
v -20.000000 -23.000000 0.911621
v -19.000000 -23.000000 0.853271
v -18.000000 -23.000000 0.801758
v -17.000000 -23.000000 0.759033
v -16.000000 -23.000000 0.732910
v -15.000000 -23.000000 0.725342
v -14.000000 -23.000000 0.727051
v -13.000000 -23.000000 0.717529
v -12.000000 -23.000000 0.687012
v -11.000000 -23.000000 0.645264
v -10.000000 -23.000000 0.601562
v -9.000000 -23.000000 0.552002
v -8.000000 -23.000000 0.495605
v -7.000000 -23.000000 0.446045
v -6.000000 -23.000000 0.413574
v -5.000000 -23.000000 0.391357
v -4.000000 -23.000000 0.370605
v -3.000000 -23.000000 0.356201
v -2.000000 -23.000000 0.348145
v -1.000000 -23.000000 0.330322
v 0.000000 -23.000000 0.296875
v 1.000000 -23.000000 0.250244
v 2.000000 -23.000000 0.193359
v 3.000000 -23.000000 0.128662
v 4.000000 -23.000000 0.066895
v 5.000000 -23.000000 0.023193
v 6.000000 -23.000000 0.000000
v 7.000000 -23.000000 0.001221
v 8.000000 -23.000000 0.026855
v 9.000000 -23.000000 0.066162
v 10.000000 -23.000000 0.101562
v 11.000000 -23.000000 0.123291
v 12.000000 -23.000000 0.130371
v 13.000000 -23.000000 0.121826
v 14.000000 -23.000000 0.108887
v 15.000000 -23.000000 0.114502
v 16.000000 -23.000000 0.136719
v 17.000000 -23.000000 0.173096
v 18.000000 -23.000000 0.206055
v 19.000000 -23.000000 0.230225
v 20.000000 -23.000000 0.230225
v 21.000000 -23.000000 0.230225
v 22.000000 -23.000000 0.230225
v 23.000000 -23.000000 0.230225
v 24.000000 -23.000000 0.230225
v 25.000000 -23.000000 0.230225
v 26.000000 -23.000000 0.230225
v 27.000000 -23.000000 0.230225
v 28.000000 -23.000000 0.230225
v 29.000000 -23.000000 0.230225
v 30.000000 -23.000000 0.230225
v 31.000000 -23.000000 0.230225
v 32.000000 -23.000000 0.230225
v -32.000000 -24.000000 0.911621
v -31.000000 -24.000000 0.911621
v -30.000000 -24.000000 0.911621
v -29.000000 -24.000000 0.911621
v -28.000000 -24.000000 0.911621
v -27.000000 -24.000000 0.911621
v -26.000000 -24.000000 0.911621
v -25.000000 -24.000000 0.911621
v -24.000000 -24.000000 0.911621
v -23.000000 -24.000000 0.911621
v -22.000000 -24.000000 0.911621
v -21.000000 -24.000000 0.911621
v -20.000000 -24.000000 0.911621
v -19.000000 -24.000000 0.853271
v -18.000000 -24.000000 0.801758
v -17.000000 -24.000000 0.759033
v -16.000000 -24.000000 0.732910
v -15.000000 -24.000000 0.725342
v -14.000000 -24.000000 0.727051
v -13.000000 -24.000000 0.717529
v -12.000000 -24.000000 0.687012
v -11.000000 -24.000000 0.645264
v -10.000000 -24.000000 0.601562
v -9.000000 -24.000000 0.552002
v -8.000000 -24.000000 0.495605
v -7.000000 -24.000000 0.446045
v -6.000000 -24.000000 0.413574
v -5.000000 -24.000000 0.391357
v -4.000000 -24.000000 0.370605
v -3.000000 -24.000000 0.356201
v -2.000000 -24.000000 0.348145
v -1.000000 -24.000000 0.330322
v 0.000000 -24.000000 0.296875
v 1.000000 -24.000000 0.250244
v 2.000000 -24.000000 0.193359
v 3.000000 -24.000000 0.128662
v 4.000000 -24.000000 0.066895
v 5.000000 -24.000000 0.023193
v 6.000000 -24.000000 0.000000
v 7.000000 -24.000000 0.001221
v 8.000000 -24.000000 0.026855
v 9.000000 -24.000000 0.066162
v 10.000000 -24.000000 0.101562
v 11.000000 -24.000000 0.123291
v 12.000000 -24.000000 0.130371
v 13.000000 -24.000000 0.121826
v 14.000000 -24.000000 0.108887
v 15.000000 -24.000000 0.114502
v 16.000000 -24.000000 0.136719
v 17.000000 -24.000000 0.173096
v 18.000000 -24.000000 0.206055
v 19.000000 -24.000000 0.230225
v 20.000000 -24.000000 0.230225
v 21.000000 -24.000000 0.230225
v 22.000000 -24.000000 0.230225
v 23.000000 -24.000000 0.230225
v 24.000000 -24.000000 0.230225
v 25.000000 -24.000000 0.230225
v 26.000000 -24.000000 0.230225
v 27.000000 -24.000000 0.230225
v 28.000000 -24.000000 0.230225
v 29.000000 -24.000000 0.230225
v 30.000000 -24.000000 0.230225
v 31.000000 -24.000000 0.230225
v 32.000000 -24.000000 0.230225
v -32.000000 -25.000000 0.911621
v -31.000000 -25.000000 0.911621
v -30.000000 -25.000000 0.911621
v -29.000000 -25.000000 0.911621
v -28.000000 -25.000000 0.911621
v -27.000000 -25.000000 0.911621
v -26.000000 -25.000000 0.911621
v -25.000000 -25.000000 0.911621
v -24.000000 -25.000000 0.911621
v -23.000000 -25.000000 0.911621
v -22.000000 -25.000000 0.911621
v -21.000000 -25.000000 0.911621
v -20.000000 -25.000000 0.911621
v -19.000000 -25.000000 0.853271
v -18.000000 -25.000000 0.801758
v -17.000000 -25.000000 0.759033
v -16.000000 -25.000000 0.732910
v -15.000000 -25.000000 0.725342
v -14.000000 -25.000000 0.727051
v -13.000000 -25.000000 0.717529
v -12.000000 -25.000000 0.687012
v -11.000000 -25.000000 0.645264
v -10.000000 -25.000000 0.601562
v -9.000000 -25.000000 0.552002
v -8.000000 -25.000000 0.495605
v -7.000000 -25.000000 0.446045
v -6.000000 -25.000000 0.413574
v -5.000000 -25.000000 0.391357
v -4.000000 -25.000000 0.370605
v -3.000000 -25.000000 0.356201
v -2.000000 -25.000000 0.348145
v -1.000000 -25.000000 0.330322
v 0.000000 -25.000000 0.296875
v 1.000000 -25.000000 0.250244
v 2.000000 -25.000000 0.193359
v 3.000000 -25.000000 0.128662
v 4.000000 -25.000000 0.066895
v 5.000000 -25.000000 0.023193
v 6.000000 -25.000000 0.000000
v 7.000000 -25.000000 0.001221
v 8.000000 -25.000000 0.026855
v 9.000000 -25.000000 0.066162
v 10.000000 -25.000000 0.101562
v 11.000000 -25.000000 0.123291
v 12.000000 -25.000000 0.130371
v 13.000000 -25.000000 0.121826
v 14.000000 -25.000000 0.108887
v 15.000000 -25.000000 0.114502
v 16.000000 -25.000000 0.136719
v 17.000000 -25.000000 0.173096
v 18.000000 -25.000000 0.206055
v 19.000000 -25.000000 0.230225
v 20.000000 -25.000000 0.230225
v 21.000000 -25.000000 0.230225
v 22.000000 -25.000000 0.230225
v 23.000000 -25.000000 0.230225
v 24.000000 -25.000000 0.230225
v 25.000000 -25.000000 0.230225
v 26.000000 -25.000000 0.230225
v 27.000000 -25.000000 0.230225
v 28.000000 -25.000000 0.230225
v 29.000000 -25.000000 0.230225
v 30.000000 -25.000000 0.230225
v 31.000000 -25.000000 0.230225
v 32.000000 -25.000000 0.230225
v -32.000000 -26.000000 0.911621
v -31.000000 -26.000000 0.911621
v -30.000000 -26.000000 0.911621
v -29.000000 -26.000000 0.911621
v -28.000000 -26.000000 0.911621
v -27.000000 -26.000000 0.911621
v -26.000000 -26.000000 0.911621
v -25.000000 -26.000000 0.911621
v -24.000000 -26.000000 0.911621
v -23.000000 -26.000000 0.911621
v -22.000000 -26.000000 0.911621
v -21.000000 -26.000000 0.911621
v -20.000000 -26.000000 0.911621
v -19.000000 -26.000000 0.853271
v -18.000000 -26.000000 0.801758
v -17.000000 -26.000000 0.759033
v -16.000000 -26.000000 0.732910
v -15.000000 -26.000000 0.725342
v -14.000000 -26.000000 0.727051
v -13.000000 -26.000000 0.717529
v -12.000000 -26.000000 0.687012
v -11.000000 -26.000000 0.645264
v -10.000000 -26.000000 0.601562
v -9.000000 -26.000000 0.552002
v -8.000000 -26.000000 0.495605
v -7.000000 -26.000000 0.446045
v -6.000000 -26.000000 0.413574
v -5.000000 -26.000000 0.391357
v -4.000000 -26.000000 0.370605
v -3.000000 -26.000000 0.356201
v -2.000000 -26.000000 0.348145
v -1.000000 -26.000000 0.330322
v 0.000000 -26.000000 0.296875
v 1.000000 -26.000000 0.250244
v 2.000000 -26.000000 0.193359
v 3.000000 -26.000000 0.128662
v 4.000000 -26.000000 0.066895
v 5.000000 -26.000000 0.023193
v 6.000000 -26.000000 0.000000
v 7.000000 -26.000000 0.001221
v 8.000000 -26.000000 0.026855
v 9.000000 -26.000000 0.066162
v 10.000000 -26.000000 0.101562
v 11.000000 -26.000000 0.123291
v 12.000000 -26.000000 0.130371
v 13.000000 -26.000000 0.121826
v 14.000000 -26.000000 0.108887
v 15.000000 -26.000000 0.114502
v 16.000000 -26.000000 0.136719
v 17.000000 -26.000000 0.173096
v 18.000000 -26.000000 0.206055
v 19.000000 -26.000000 0.230225
v 20.000000 -26.000000 0.230225
v 21.000000 -26.000000 0.230225
v 22.000000 -26.000000 0.230225
v 23.000000 -26.000000 0.230225
v 24.000000 -26.000000 0.230225
v 25.000000 -26.000000 0.230225
v 26.000000 -26.000000 0.230225
v 27.000000 -26.000000 0.230225
v 28.000000 -26.000000 0.230225
v 29.000000 -26.000000 0.230225
v 30.000000 -26.000000 0.230225
v 31.000000 -26.000000 0.230225
v 32.000000 -26.000000 0.230225
v -32.000000 -27.000000 0.911621
v -31.000000 -27.000000 0.911621
v -30.000000 -27.000000 0.911621
v -29.000000 -27.000000 0.911621
v -28.000000 -27.000000 0.911621
v -27.000000 -27.000000 0.911621
v -26.000000 -27.000000 0.911621
v -25.000000 -27.000000 0.911621
v -24.000000 -27.000000 0.911621
v -23.000000 -27.000000 0.911621
v -22.000000 -27.000000 0.911621
v -21.000000 -27.000000 0.911621
v -20.000000 -27.000000 0.911621
v -19.000000 -27.000000 0.853271
v -18.000000 -27.000000 0.801758
v -17.000000 -27.000000 0.759033
v -16.000000 -27.000000 0.732910
v -15.000000 -27.000000 0.725342
v -14.000000 -27.000000 0.727051
v -13.000000 -27.000000 0.717529
v -12.000000 -27.000000 0.687012
v -11.000000 -27.000000 0.645264
v -10.000000 -27.000000 0.601562
v -9.000000 -27.000000 0.552002
v -8.000000 -27.000000 0.495605
v -7.000000 -27.000000 0.446045
v -6.000000 -27.000000 0.413574
v -5.000000 -27.000000 0.391357
v -4.000000 -27.000000 0.370605
v -3.000000 -27.000000 0.356201
v -2.000000 -27.000000 0.348145
v -1.000000 -27.000000 0.330322
v 0.000000 -27.000000 0.296875
v 1.000000 -27.000000 0.250244
v 2.000000 -27.000000 0.193359
v 3.000000 -27.000000 0.128662
v 4.000000 -27.000000 0.066895
v 5.000000 -27.000000 0.023193
v 6.000000 -27.000000 0.000000
v 7.000000 -27.000000 0.001221
v 8.000000 -27.000000 0.026855
v 9.000000 -27.000000 0.066162
v 10.000000 -27.000000 0.101562
v 11.000000 -27.000000 0.123291
v 12.000000 -27.000000 0.130371
v 13.000000 -27.000000 0.121826
v 14.000000 -27.000000 0.108887
v 15.000000 -27.000000 0.114502
v 16.000000 -27.000000 0.136719
v 17.000000 -27.000000 0.173096
v 18.000000 -27.000000 0.206055
v 19.000000 -27.000000 0.230225
v 20.000000 -27.000000 0.230225
v 21.000000 -27.000000 0.230225
v 22.000000 -27.000000 0.230225
v 23.000000 -27.000000 0.230225
v 24.000000 -27.000000 0.230225
v 25.000000 -27.000000 0.230225
v 26.000000 -27.000000 0.230225
v 27.000000 -27.000000 0.230225
v 28.000000 -27.000000 0.230225
v 29.000000 -27.000000 0.230225
v 30.000000 -27.000000 0.230225
v 31.000000 -27.000000 0.230225
v 32.000000 -27.000000 0.230225
v -32.000000 -28.000000 0.911621
v -31.000000 -28.000000 0.911621
v -30.000000 -28.000000 0.911621
v -29.000000 -28.000000 0.911621
v -28.000000 -28.000000 0.911621
v -27.000000 -28.000000 0.911621
v -26.000000 -28.000000 0.911621
v -25.000000 -28.000000 0.911621
v -24.000000 -28.000000 0.911621
v -23.000000 -28.000000 0.911621
v -22.000000 -28.000000 0.911621
v -21.000000 -28.000000 0.911621
v -20.000000 -28.000000 0.911621
v -19.000000 -28.000000 0.853271
v -18.000000 -28.000000 0.801758
v -17.000000 -28.000000 0.759033
v -16.000000 -28.000000 0.732910
v -15.000000 -28.000000 0.725342
v -14.000000 -28.000000 0.727051
v -13.000000 -28.000000 0.717529
v -12.000000 -28.000000 0.687012
v -11.000000 -28.000000 0.645264
v -10.000000 -28.000000 0.601562
v -9.000000 -28.000000 0.552002
v -8.000000 -28.000000 0.495605
v -7.000000 -28.000000 0.446045
v -6.000000 -28.000000 0.413574
v -5.000000 -28.000000 0.391357
v -4.000000 -28.000000 0.370605
v -3.000000 -28.000000 0.356201
v -2.000000 -28.000000 0.348145
v -1.000000 -28.000000 0.330322
v 0.000000 -28.000000 0.296875
v 1.000000 -28.000000 0.250244
v 2.000000 -28.000000 0.193359
v 3.000000 -28.000000 0.128662
v 4.000000 -28.000000 0.066895
v 5.000000 -28.000000 0.023193
v 6.000000 -28.000000 0.000000
v 7.000000 -28.000000 0.001221
v 8.000000 -28.000000 0.026855
v 9.000000 -28.000000 0.066162
v 10.000000 -28.000000 0.101562
v 11.000000 -28.000000 0.123291
v 12.000000 -28.000000 0.130371
v 13.000000 -28.000000 0.121826
v 14.000000 -28.000000 0.108887
v 15.000000 -28.000000 0.114502
v 16.000000 -28.000000 0.136719
v 17.000000 -28.000000 0.173096
v 18.000000 -28.000000 0.206055
v 19.000000 -28.000000 0.230225
v 20.000000 -28.000000 0.230225
v 21.000000 -28.000000 0.230225
v 22.000000 -28.000000 0.230225
v 23.000000 -28.000000 0.230225
v 24.000000 -28.000000 0.230225
v 25.000000 -28.000000 0.230225
v 26.000000 -28.000000 0.230225
v 27.000000 -28.000000 0.230225
v 28.000000 -28.000000 0.230225
v 29.000000 -28.000000 0.230225
v 30.000000 -28.000000 0.230225
v 31.000000 -28.000000 0.230225
v 32.000000 -28.000000 0.230225
v -32.000000 -29.000000 0.911621
v -31.000000 -29.000000 0.911621
v -30.000000 -29.000000 0.911621
v -29.000000 -29.000000 0.911621
v -28.000000 -29.000000 0.911621
v -27.000000 -29.000000 0.911621
v -26.000000 -29.000000 0.911621
v -25.000000 -29.000000 0.911621
v -24.000000 -29.000000 0.911621
v -23.000000 -29.000000 0.911621
v -22.000000 -29.000000 0.911621
v -21.000000 -29.000000 0.911621
v -20.000000 -29.000000 0.911621
v -19.000000 -29.000000 0.853271
v -18.000000 -29.000000 0.801758
v -17.000000 -29.000000 0.759033
v -16.000000 -29.000000 0.732910
v -15.000000 -29.000000 0.725342
v -14.000000 -29.000000 0.727051
v -13.000000 -29.000000 0.717529
v -12.000000 -29.000000 0.687012
v -11.000000 -29.000000 0.645264
v -10.000000 -29.000000 0.601562
v -9.000000 -29.000000 0.552002
v -8.000000 -29.000000 0.495605
v -7.000000 -29.000000 0.446045
v -6.000000 -29.000000 0.413574
v -5.000000 -29.000000 0.391357
v -4.000000 -29.000000 0.370605
v -3.000000 -29.000000 0.356201
v -2.000000 -29.000000 0.348145
v -1.000000 -29.000000 0.330322
v 0.000000 -29.000000 0.296875
v 1.000000 -29.000000 0.250244
v 2.000000 -29.000000 0.193359
v 3.000000 -29.000000 0.128662
v 4.000000 -29.000000 0.066895
v 5.000000 -29.000000 0.023193
v 6.000000 -29.000000 0.000000
v 7.000000 -29.000000 0.001221
v 8.000000 -29.000000 0.026855
v 9.000000 -29.000000 0.066162
v 10.000000 -29.000000 0.101562
v 11.000000 -29.000000 0.123291
v 12.000000 -29.000000 0.130371
v 13.000000 -29.000000 0.121826
v 14.000000 -29.000000 0.108887
v 15.000000 -29.000000 0.114502
v 16.000000 -29.000000 0.136719
v 17.000000 -29.000000 0.173096
v 18.000000 -29.000000 0.206055
v 19.000000 -29.000000 0.230225
v 20.000000 -29.000000 0.230225
v 21.000000 -29.000000 0.230225
v 22.000000 -29.000000 0.230225
v 23.000000 -29.000000 0.230225
v 24.000000 -29.000000 0.230225
v 25.000000 -29.000000 0.230225
v 26.000000 -29.000000 0.230225
v 27.000000 -29.000000 0.230225
v 28.000000 -29.000000 0.230225
v 29.000000 -29.000000 0.230225
v 30.000000 -29.000000 0.230225
v 31.000000 -29.000000 0.230225
v 32.000000 -29.000000 0.230225
v -32.000000 -30.000000 0.911621
v -31.000000 -30.000000 0.911621
v -30.000000 -30.000000 0.911621
v -29.000000 -30.000000 0.911621
v -28.000000 -30.000000 0.911621
v -27.000000 -30.000000 0.911621
v -26.000000 -30.000000 0.911621
v -25.000000 -30.000000 0.911621
v -24.000000 -30.000000 0.911621
v -23.000000 -30.000000 0.911621
v -22.000000 -30.000000 0.911621
v -21.000000 -30.000000 0.911621
v -20.000000 -30.000000 0.911621
v -19.000000 -30.000000 0.853271
v -18.000000 -30.000000 0.801758
v -17.000000 -30.000000 0.759033
v -16.000000 -30.000000 0.732910
v -15.000000 -30.000000 0.725342
v -14.000000 -30.000000 0.727051
v -13.000000 -30.000000 0.717529
v -12.000000 -30.000000 0.687012
v -11.000000 -30.000000 0.645264
v -10.000000 -30.000000 0.601562
v -9.000000 -30.000000 0.552002
v -8.000000 -30.000000 0.495605
v -7.000000 -30.000000 0.446045
v -6.000000 -30.000000 0.413574
v -5.000000 -30.000000 0.391357
v -4.000000 -30.000000 0.370605
v -3.000000 -30.000000 0.356201
v -2.000000 -30.000000 0.348145
v -1.000000 -30.000000 0.330322
v 0.000000 -30.000000 0.296875
v 1.000000 -30.000000 0.250244
v 2.000000 -30.000000 0.193359
v 3.000000 -30.000000 0.128662
v 4.000000 -30.000000 0.066895
v 5.000000 -30.000000 0.023193
v 6.000000 -30.000000 0.000000
v 7.000000 -30.000000 0.001221
v 8.000000 -30.000000 0.026855
v 9.000000 -30.000000 0.066162
v 10.000000 -30.000000 0.101562
v 11.000000 -30.000000 0.123291
v 12.000000 -30.000000 0.130371
v 13.000000 -30.000000 0.121826
v 14.000000 -30.000000 0.108887
v 15.000000 -30.000000 0.114502
v 16.000000 -30.000000 0.136719
v 17.000000 -30.000000 0.173096
v 18.000000 -30.000000 0.206055
v 19.000000 -30.000000 0.230225
v 20.000000 -30.000000 0.230225
v 21.000000 -30.000000 0.230225
v 22.000000 -30.000000 0.230225
v 23.000000 -30.000000 0.230225
v 24.000000 -30.000000 0.230225
v 25.000000 -30.000000 0.230225
v 26.000000 -30.000000 0.230225
v 27.000000 -30.000000 0.230225
v 28.000000 -30.000000 0.230225
v 29.000000 -30.000000 0.230225
v 30.000000 -30.000000 0.230225
v 31.000000 -30.000000 0.230225
v 32.000000 -30.000000 0.230225
v -32.000000 -31.000000 0.911621
v -31.000000 -31.000000 0.911621
v -30.000000 -31.000000 0.911621
v -29.000000 -31.000000 0.911621
v -28.000000 -31.000000 0.911621
v -27.000000 -31.000000 0.911621
v -26.000000 -31.000000 0.911621
v -25.000000 -31.000000 0.911621
v -24.000000 -31.000000 0.911621
v -23.000000 -31.000000 0.911621
v -22.000000 -31.000000 0.911621
v -21.000000 -31.000000 0.911621
v -20.000000 -31.000000 0.911621
v -19.000000 -31.000000 0.853271
v -18.000000 -31.000000 0.801758
v -17.000000 -31.000000 0.759033
v -16.000000 -31.000000 0.732910
v -15.000000 -31.000000 0.725342
v -14.000000 -31.000000 0.727051
v -13.000000 -31.000000 0.717529
v -12.000000 -31.000000 0.687012
v -11.000000 -31.000000 0.645264
v -10.000000 -31.000000 0.601562
v -9.000000 -31.000000 0.552002
v -8.000000 -31.000000 0.495605
v -7.000000 -31.000000 0.446045
v -6.000000 -31.000000 0.413574
v -5.000000 -31.000000 0.391357
v -4.000000 -31.000000 0.370605
v -3.000000 -31.000000 0.356201
v -2.000000 -31.000000 0.348145
v -1.000000 -31.000000 0.330322
v 0.000000 -31.000000 0.296875
v 1.000000 -31.000000 0.250244
v 2.000000 -31.000000 0.193359
v 3.000000 -31.000000 0.128662
v 4.000000 -31.000000 0.066895
v 5.000000 -31.000000 0.023193
v 6.000000 -31.000000 0.000000
v 7.000000 -31.000000 0.001221
v 8.000000 -31.000000 0.026855
v 9.000000 -31.000000 0.066162
v 10.000000 -31.000000 0.101562
v 11.000000 -31.000000 0.123291
v 12.000000 -31.000000 0.130371
v 13.000000 -31.000000 0.121826
v 14.000000 -31.000000 0.108887
v 15.000000 -31.000000 0.114502
v 16.000000 -31.000000 0.136719
v 17.000000 -31.000000 0.173096
v 18.000000 -31.000000 0.206055
v 19.000000 -31.000000 0.230225
v 20.000000 -31.000000 0.230225
v 21.000000 -31.000000 0.230225
v 22.000000 -31.000000 0.230225
v 23.000000 -31.000000 0.230225
v 24.000000 -31.000000 0.230225
v 25.000000 -31.000000 0.230225
v 26.000000 -31.000000 0.230225
v 27.000000 -31.000000 0.230225
v 28.000000 -31.000000 0.230225
v 29.000000 -31.000000 0.230225
v 30.000000 -31.000000 0.230225
v 31.000000 -31.000000 0.230225
v 32.000000 -31.000000 0.230225
v -32.000000 -32.000000 0.911621
v -31.000000 -32.000000 0.911621
v -30.000000 -32.000000 0.911621
v -29.000000 -32.000000 0.911621
v -28.000000 -32.000000 0.911621
v -27.000000 -32.000000 0.911621
v -26.000000 -32.000000 0.911621
v -25.000000 -32.000000 0.911621
v -24.000000 -32.000000 0.911621
v -23.000000 -32.000000 0.911621
v -22.000000 -32.000000 0.911621
v -21.000000 -32.000000 0.911621
v -20.000000 -32.000000 0.911621
v -19.000000 -32.000000 0.853271
v -18.000000 -32.000000 0.801758
v -17.000000 -32.000000 0.759033
v -16.000000 -32.000000 0.732910
v -15.000000 -32.000000 0.725342
v -14.000000 -32.000000 0.727051
v -13.000000 -32.000000 0.717529
v -12.000000 -32.000000 0.687012
v -11.000000 -32.000000 0.645264
v -10.000000 -32.000000 0.601562
v -9.000000 -32.000000 0.552002
v -8.000000 -32.000000 0.495605
v -7.000000 -32.000000 0.446045
v -6.000000 -32.000000 0.413574
v -5.000000 -32.000000 0.391357
v -4.000000 -32.000000 0.370605
v -3.000000 -32.000000 0.356201
v -2.000000 -32.000000 0.348145
v -1.000000 -32.000000 0.330322
v 0.000000 -32.000000 0.296875
v 1.000000 -32.000000 0.250244
v 2.000000 -32.000000 0.193359
v 3.000000 -32.000000 0.128662
v 4.000000 -32.000000 0.066895
v 5.000000 -32.000000 0.023193
v 6.000000 -32.000000 0.000000
v 7.000000 -32.000000 0.001221
v 8.000000 -32.000000 0.026855
v 9.000000 -32.000000 0.066162
v 10.000000 -32.000000 0.101562
v 11.000000 -32.000000 0.123291
v 12.000000 -32.000000 0.130371
v 13.000000 -32.000000 0.121826
v 14.000000 -32.000000 0.108887
v 15.000000 -32.000000 0.114502
v 16.000000 -32.000000 0.136719
v 17.000000 -32.000000 0.173096
v 18.000000 -32.000000 0.206055
v 19.000000 -32.000000 0.230225
v 20.000000 -32.000000 0.230225
v 21.000000 -32.000000 0.230225
v 22.000000 -32.000000 0.230225
v 23.000000 -32.000000 0.230225
v 24.000000 -32.000000 0.230225
v 25.000000 -32.000000 0.230225
v 26.000000 -32.000000 0.230225
v 27.000000 -32.000000 0.230225
v 28.000000 -32.000000 0.230225
v 29.000000 -32.000000 0.230225
v 30.000000 -32.000000 0.230225
v 31.000000 -32.000000 0.230225
v 32.000000 -32.000000 0.230225

vt 0.000000 1.000000
vt 0.015625 1.000000
vt 0.031250 1.000000
vt 0.046875 1.000000
vt 0.062500 1.000000
vt 0.078125 1.000000
vt 0.093750 1.000000
vt 0.109375 1.000000
vt 0.125000 1.000000
vt 0.140625 1.000000
vt 0.156250 1.000000
vt 0.171875 1.000000
vt 0.187500 1.000000
vt 0.203125 1.000000
vt 0.218750 1.000000
vt 0.234375 1.000000
vt 0.250000 1.000000
vt 0.265625 1.000000
vt 0.281250 1.000000
vt 0.296875 1.000000
vt 0.312500 1.000000
vt 0.328125 1.000000
vt 0.343750 1.000000
vt 0.359375 1.000000
vt 0.375000 1.000000
vt 0.390625 1.000000
vt 0.406250 1.000000
vt 0.421875 1.000000
vt 0.437500 1.000000
vt 0.453125 1.000000
vt 0.468750 1.000000
vt 0.484375 1.000000
vt 0.500000 1.000000
vt 0.515625 1.000000
vt 0.531250 1.000000
vt 0.546875 1.000000
vt 0.562500 1.000000
vt 0.578125 1.000000
vt 0.593750 1.000000
vt 0.609375 1.000000
vt 0.625000 1.000000
vt 0.640625 1.000000
vt 0.656250 1.000000
vt 0.671875 1.000000
vt 0.687500 1.000000
vt 0.703125 1.000000
vt 0.718750 1.000000
vt 0.734375 1.000000
vt 0.750000 1.000000
vt 0.765625 1.000000
vt 0.781250 1.000000
vt 0.796875 1.000000
vt 0.812500 1.000000
vt 0.828125 1.000000
vt 0.843750 1.000000
vt 0.859375 1.000000
vt 0.875000 1.000000
vt 0.890625 1.000000
vt 0.906250 1.000000
vt 0.921875 1.000000
vt 0.937500 1.000000
vt 0.953125 1.000000
vt 0.968750 1.000000
vt 0.984375 1.000000
vt 1.000000 1.000000
vt 0.000000 0.984375
vt 0.015625 0.984375
vt 0.031250 0.984375
vt 0.046875 0.984375
vt 0.062500 0.984375
vt 0.078125 0.984375
vt 0.093750 0.984375
vt 0.109375 0.984375
vt 0.125000 0.984375
vt 0.140625 0.984375
vt 0.156250 0.984375
vt 0.171875 0.984375
vt 0.187500 0.984375
vt 0.203125 0.984375
vt 0.218750 0.984375
vt 0.234375 0.984375
vt 0.250000 0.984375
vt 0.265625 0.984375
vt 0.281250 0.984375
vt 0.296875 0.984375
vt 0.312500 0.984375
vt 0.328125 0.984375
vt 0.343750 0.984375
vt 0.359375 0.984375
vt 0.375000 0.984375
vt 0.390625 0.984375
vt 0.406250 0.984375
vt 0.421875 0.984375
vt 0.437500 0.984375
vt 0.453125 0.984375
vt 0.468750 0.984375
vt 0.484375 0.984375
vt 0.500000 0.984375
vt 0.515625 0.984375
vt 0.531250 0.984375
vt 0.546875 0.984375
vt 0.562500 0.984375
vt 0.578125 0.984375
vt 0.593750 0.984375
vt 0.609375 0.984375
vt 0.625000 0.984375
vt 0.640625 0.984375
vt 0.656250 0.984375
vt 0.671875 0.984375
vt 0.687500 0.984375
vt 0.703125 0.984375
vt 0.718750 0.984375
vt 0.734375 0.984375
vt 0.750000 0.984375
vt 0.765625 0.984375
vt 0.781250 0.984375
vt 0.796875 0.984375
vt 0.812500 0.984375
vt 0.828125 0.984375
vt 0.843750 0.984375
vt 0.859375 0.984375
vt 0.875000 0.984375
vt 0.890625 0.984375
vt 0.906250 0.984375
vt 0.921875 0.984375
vt 0.937500 0.984375
vt 0.953125 0.984375
vt 0.968750 0.984375
vt 0.984375 0.984375
vt 1.000000 0.984375
vt 0.000000 0.968750
vt 0.015625 0.968750
vt 0.031250 0.968750
vt 0.046875 0.968750
vt 0.062500 0.968750
vt 0.078125 0.968750
vt 0.093750 0.968750
vt 0.109375 0.968750
vt 0.125000 0.968750
vt 0.140625 0.968750
vt 0.156250 0.968750
vt 0.171875 0.968750
vt 0.187500 0.968750
vt 0.203125 0.968750
vt 0.218750 0.968750
vt 0.234375 0.968750
vt 0.250000 0.968750
vt 0.265625 0.968750
vt 0.281250 0.968750
vt 0.296875 0.968750
vt 0.312500 0.968750
vt 0.328125 0.968750
vt 0.343750 0.968750
vt 0.359375 0.968750
vt 0.375000 0.968750
vt 0.390625 0.968750
vt 0.406250 0.968750
vt 0.421875 0.968750
vt 0.437500 0.968750
vt 0.453125 0.968750
vt 0.468750 0.968750
vt 0.484375 0.968750
vt 0.500000 0.968750
vt 0.515625 0.968750
vt 0.531250 0.968750
vt 0.546875 0.968750
vt 0.562500 0.968750
vt 0.578125 0.968750
vt 0.593750 0.968750
vt 0.609375 0.968750
vt 0.625000 0.968750
vt 0.640625 0.968750
vt 0.656250 0.968750
vt 0.671875 0.968750
vt 0.687500 0.968750
vt 0.703125 0.968750
vt 0.718750 0.968750
vt 0.734375 0.968750
vt 0.750000 0.968750
vt 0.765625 0.968750
vt 0.781250 0.968750
vt 0.796875 0.968750
vt 0.812500 0.968750
vt 0.828125 0.968750
vt 0.843750 0.968750
vt 0.859375 0.968750
vt 0.875000 0.968750
vt 0.890625 0.968750
vt 0.906250 0.968750
vt 0.921875 0.968750
vt 0.937500 0.968750
vt 0.953125 0.968750
vt 0.968750 0.968750
vt 0.984375 0.968750
vt 1.000000 0.968750
vt 0.000000 0.953125
vt 0.015625 0.953125
vt 0.031250 0.953125
vt 0.046875 0.953125
vt 0.062500 0.953125
vt 0.078125 0.953125
vt 0.093750 0.953125
vt 0.109375 0.953125
vt 0.125000 0.953125
vt 0.140625 0.953125
vt 0.156250 0.953125
vt 0.171875 0.953125
vt 0.187500 0.953125
vt 0.203125 0.953125
vt 0.218750 0.953125
vt 0.234375 0.953125
vt 0.250000 0.953125
vt 0.265625 0.953125
vt 0.281250 0.953125
vt 0.296875 0.953125
vt 0.312500 0.953125
vt 0.328125 0.953125
vt 0.343750 0.953125
vt 0.359375 0.953125
vt 0.375000 0.953125
vt 0.390625 0.953125
vt 0.406250 0.953125
vt 0.421875 0.953125
vt 0.437500 0.953125
vt 0.453125 0.953125
vt 0.468750 0.953125
vt 0.484375 0.953125
vt 0.500000 0.953125
vt 0.515625 0.953125
vt 0.531250 0.953125
vt 0.546875 0.953125
vt 0.562500 0.953125
vt 0.578125 0.953125
vt 0.593750 0.953125
vt 0.609375 0.953125
vt 0.625000 0.953125
vt 0.640625 0.953125
vt 0.656250 0.953125
vt 0.671875 0.953125
vt 0.687500 0.953125
vt 0.703125 0.953125
vt 0.718750 0.953125
vt 0.734375 0.953125
vt 0.750000 0.953125
vt 0.765625 0.953125
vt 0.781250 0.953125
vt 0.796875 0.953125
vt 0.812500 0.953125
vt 0.828125 0.953125
vt 0.843750 0.953125
vt 0.859375 0.953125
vt 0.875000 0.953125
vt 0.890625 0.953125
vt 0.906250 0.953125
vt 0.921875 0.953125
vt 0.937500 0.953125
vt 0.953125 0.953125
vt 0.968750 0.953125
vt 0.984375 0.953125
vt 1.000000 0.953125
vt 0.000000 0.937500
vt 0.015625 0.937500
vt 0.031250 0.937500
vt 0.046875 0.937500
vt 0.062500 0.937500
vt 0.078125 0.937500
vt 0.093750 0.937500
vt 0.109375 0.937500
vt 0.125000 0.937500
vt 0.140625 0.937500
vt 0.156250 0.937500
vt 0.171875 0.937500
vt 0.187500 0.937500
vt 0.203125 0.937500
vt 0.218750 0.937500
vt 0.234375 0.937500
vt 0.250000 0.937500
vt 0.265625 0.937500
vt 0.281250 0.937500
vt 0.296875 0.937500
vt 0.312500 0.937500
vt 0.328125 0.937500
vt 0.343750 0.937500
vt 0.359375 0.937500
vt 0.375000 0.937500
vt 0.390625 0.937500
vt 0.406250 0.937500
vt 0.421875 0.937500
vt 0.437500 0.937500
vt 0.453125 0.937500
vt 0.468750 0.937500
vt 0.484375 0.937500
vt 0.500000 0.937500
vt 0.515625 0.937500
vt 0.531250 0.937500
vt 0.546875 0.937500
vt 0.562500 0.937500
vt 0.578125 0.937500
vt 0.593750 0.937500
vt 0.609375 0.937500
vt 0.625000 0.937500
vt 0.640625 0.937500
vt 0.656250 0.937500
vt 0.671875 0.937500
vt 0.687500 0.937500
vt 0.703125 0.937500
vt 0.718750 0.937500
vt 0.734375 0.937500
vt 0.750000 0.937500
vt 0.765625 0.937500
vt 0.781250 0.937500
vt 0.796875 0.937500
vt 0.812500 0.937500
vt 0.828125 0.937500
vt 0.843750 0.937500
vt 0.859375 0.937500
vt 0.875000 0.937500
vt 0.890625 0.937500
vt 0.906250 0.937500
vt 0.921875 0.937500
vt 0.937500 0.937500
vt 0.953125 0.937500
vt 0.968750 0.937500
vt 0.984375 0.937500
vt 1.000000 0.937500
vt 0.000000 0.921875
vt 0.015625 0.921875
vt 0.031250 0.921875
vt 0.046875 0.921875
vt 0.062500 0.921875
vt 0.078125 0.921875
vt 0.093750 0.921875
vt 0.109375 0.921875
vt 0.125000 0.921875
vt 0.140625 0.921875
vt 0.156250 0.921875
vt 0.171875 0.921875
vt 0.187500 0.921875
vt 0.203125 0.921875
vt 0.218750 0.921875
vt 0.234375 0.921875
vt 0.250000 0.921875
vt 0.265625 0.921875
vt 0.281250 0.921875
vt 0.296875 0.921875
vt 0.312500 0.921875
vt 0.328125 0.921875
vt 0.343750 0.921875
vt 0.359375 0.921875
vt 0.375000 0.921875
vt 0.390625 0.921875
vt 0.406250 0.921875
vt 0.421875 0.921875
vt 0.437500 0.921875
vt 0.453125 0.921875
vt 0.468750 0.921875
vt 0.484375 0.921875
vt 0.500000 0.921875
vt 0.515625 0.921875
vt 0.531250 0.921875
vt 0.546875 0.921875
vt 0.562500 0.921875
vt 0.578125 0.921875
vt 0.593750 0.921875
vt 0.609375 0.921875
vt 0.625000 0.921875
vt 0.640625 0.921875
vt 0.656250 0.921875
vt 0.671875 0.921875
vt 0.687500 0.921875
vt 0.703125 0.921875
vt 0.718750 0.921875
vt 0.734375 0.921875
vt 0.750000 0.921875
vt 0.765625 0.921875
vt 0.781250 0.921875
vt 0.796875 0.921875
vt 0.812500 0.921875
vt 0.828125 0.921875
vt 0.843750 0.921875
vt 0.859375 0.921875
vt 0.875000 0.921875
vt 0.890625 0.921875
vt 0.906250 0.921875
vt 0.921875 0.921875
vt 0.937500 0.921875
vt 0.953125 0.921875
vt 0.968750 0.921875
vt 0.984375 0.921875
vt 1.000000 0.921875
vt 0.000000 0.906250
vt 0.015625 0.906250
vt 0.031250 0.906250
vt 0.046875 0.906250
vt 0.062500 0.906250
vt 0.078125 0.906250
vt 0.093750 0.906250
vt 0.109375 0.906250
vt 0.125000 0.906250
vt 0.140625 0.906250
vt 0.156250 0.906250
vt 0.171875 0.906250
vt 0.187500 0.906250
vt 0.203125 0.906250
vt 0.218750 0.906250
vt 0.234375 0.906250
vt 0.250000 0.906250
vt 0.265625 0.906250
vt 0.281250 0.906250
vt 0.296875 0.906250
vt 0.312500 0.906250
vt 0.328125 0.906250
vt 0.343750 0.906250
vt 0.359375 0.906250
vt 0.375000 0.906250
vt 0.390625 0.906250
vt 0.406250 0.906250
vt 0.421875 0.906250
vt 0.437500 0.906250
vt 0.453125 0.906250
vt 0.468750 0.906250
vt 0.484375 0.906250
vt 0.500000 0.906250
vt 0.515625 0.906250
vt 0.531250 0.906250
vt 0.546875 0.906250
vt 0.562500 0.906250
vt 0.578125 0.906250
vt 0.593750 0.906250
vt 0.609375 0.906250
vt 0.625000 0.906250
vt 0.640625 0.906250
vt 0.656250 0.906250
vt 0.671875 0.906250
vt 0.687500 0.906250
vt 0.703125 0.906250
vt 0.718750 0.906250
vt 0.734375 0.906250
vt 0.750000 0.906250
vt 0.765625 0.906250
vt 0.781250 0.906250
vt 0.796875 0.906250
vt 0.812500 0.906250
vt 0.828125 0.906250
vt 0.843750 0.906250
vt 0.859375 0.906250
vt 0.875000 0.906250
vt 0.890625 0.906250
vt 0.906250 0.906250
vt 0.921875 0.906250
vt 0.937500 0.906250
vt 0.953125 0.906250
vt 0.968750 0.906250
vt 0.984375 0.906250
vt 1.000000 0.906250
vt 0.000000 0.890625
vt 0.015625 0.890625
vt 0.031250 0.890625
vt 0.046875 0.890625
vt 0.062500 0.890625
vt 0.078125 0.890625
vt 0.093750 0.890625
vt 0.109375 0.890625
vt 0.125000 0.890625
vt 0.140625 0.890625
vt 0.156250 0.890625
vt 0.171875 0.890625
vt 0.187500 0.890625
vt 0.203125 0.890625
vt 0.218750 0.890625
vt 0.234375 0.890625
vt 0.250000 0.890625
vt 0.265625 0.890625
vt 0.281250 0.890625
vt 0.296875 0.890625
vt 0.312500 0.890625
vt 0.328125 0.890625
vt 0.343750 0.890625
vt 0.359375 0.890625
vt 0.375000 0.890625
vt 0.390625 0.890625
vt 0.406250 0.890625
vt 0.421875 0.890625
vt 0.437500 0.890625
vt 0.453125 0.890625
vt 0.468750 0.890625
vt 0.484375 0.890625
vt 0.500000 0.890625
vt 0.515625 0.890625
vt 0.531250 0.890625
vt 0.546875 0.890625
vt 0.562500 0.890625
vt 0.578125 0.890625
vt 0.593750 0.890625
vt 0.609375 0.890625
vt 0.625000 0.890625
vt 0.640625 0.890625
vt 0.656250 0.890625
vt 0.671875 0.890625
vt 0.687500 0.890625
vt 0.703125 0.890625
vt 0.718750 0.890625
vt 0.734375 0.890625
vt 0.750000 0.890625
vt 0.765625 0.890625
vt 0.781250 0.890625
vt 0.796875 0.890625
vt 0.812500 0.890625
vt 0.828125 0.890625
vt 0.843750 0.890625
vt 0.859375 0.890625
vt 0.875000 0.890625
vt 0.890625 0.890625
vt 0.906250 0.890625
vt 0.921875 0.890625
vt 0.937500 0.890625
vt 0.953125 0.890625
vt 0.968750 0.890625
vt 0.984375 0.890625
vt 1.000000 0.890625
vt 0.000000 0.875000
vt 0.015625 0.875000
vt 0.031250 0.875000
vt 0.046875 0.875000
vt 0.062500 0.875000
vt 0.078125 0.875000
vt 0.093750 0.875000
vt 0.109375 0.875000
vt 0.125000 0.875000
vt 0.140625 0.875000
vt 0.156250 0.875000
vt 0.171875 0.875000
vt 0.187500 0.875000
vt 0.203125 0.875000
vt 0.218750 0.875000
vt 0.234375 0.875000
vt 0.250000 0.875000
vt 0.265625 0.875000
vt 0.281250 0.875000
vt 0.296875 0.875000
vt 0.312500 0.875000
vt 0.328125 0.875000
vt 0.343750 0.875000
vt 0.359375 0.875000
vt 0.375000 0.875000
vt 0.390625 0.875000
vt 0.406250 0.875000
vt 0.421875 0.875000
vt 0.437500 0.875000
vt 0.453125 0.875000
vt 0.468750 0.875000
vt 0.484375 0.875000
vt 0.500000 0.875000
vt 0.515625 0.875000
vt 0.531250 0.875000
vt 0.546875 0.875000
vt 0.562500 0.875000
vt 0.578125 0.875000
vt 0.593750 0.875000
vt 0.609375 0.875000
vt 0.625000 0.875000
vt 0.640625 0.875000
vt 0.656250 0.875000
vt 0.671875 0.875000
vt 0.687500 0.875000
vt 0.703125 0.875000
vt 0.718750 0.875000
vt 0.734375 0.875000
vt 0.750000 0.875000
vt 0.765625 0.875000
vt 0.781250 0.875000
vt 0.796875 0.875000
vt 0.812500 0.875000
vt 0.828125 0.875000
vt 0.843750 0.875000
vt 0.859375 0.875000
vt 0.875000 0.875000
vt 0.890625 0.875000
vt 0.906250 0.875000
vt 0.921875 0.875000
vt 0.937500 0.875000
vt 0.953125 0.875000
vt 0.968750 0.875000
vt 0.984375 0.875000
vt 1.000000 0.875000
vt 0.000000 0.859375
vt 0.015625 0.859375
vt 0.031250 0.859375
vt 0.046875 0.859375
vt 0.062500 0.859375
vt 0.078125 0.859375
vt 0.093750 0.859375
vt 0.109375 0.859375
vt 0.125000 0.859375
vt 0.140625 0.859375
vt 0.156250 0.859375
vt 0.171875 0.859375
vt 0.187500 0.859375
vt 0.203125 0.859375
vt 0.218750 0.859375
vt 0.234375 0.859375
vt 0.250000 0.859375
vt 0.265625 0.859375
vt 0.281250 0.859375
vt 0.296875 0.859375
vt 0.312500 0.859375
vt 0.328125 0.859375
vt 0.343750 0.859375
vt 0.359375 0.859375
vt 0.375000 0.859375
vt 0.390625 0.859375
vt 0.406250 0.859375
vt 0.421875 0.859375
vt 0.437500 0.859375
vt 0.453125 0.859375
vt 0.468750 0.859375
vt 0.484375 0.859375
vt 0.500000 0.859375
vt 0.515625 0.859375
vt 0.531250 0.859375
vt 0.546875 0.859375
vt 0.562500 0.859375
vt 0.578125 0.859375
vt 0.593750 0.859375
vt 0.609375 0.859375
vt 0.625000 0.859375
vt 0.640625 0.859375
vt 0.656250 0.859375
vt 0.671875 0.859375
vt 0.687500 0.859375
vt 0.703125 0.859375
vt 0.718750 0.859375
vt 0.734375 0.859375
vt 0.750000 0.859375
vt 0.765625 0.859375
vt 0.781250 0.859375
vt 0.796875 0.859375
vt 0.812500 0.859375
vt 0.828125 0.859375
vt 0.843750 0.859375
vt 0.859375 0.859375
vt 0.875000 0.859375
vt 0.890625 0.859375
vt 0.906250 0.859375
vt 0.921875 0.859375
vt 0.937500 0.859375
vt 0.953125 0.859375
vt 0.968750 0.859375
vt 0.984375 0.859375
vt 1.000000 0.859375
vt 0.000000 0.843750
vt 0.015625 0.843750
vt 0.031250 0.843750
vt 0.046875 0.843750
vt 0.062500 0.843750
vt 0.078125 0.843750
vt 0.093750 0.843750
vt 0.109375 0.843750
vt 0.125000 0.843750
vt 0.140625 0.843750
vt 0.156250 0.843750
vt 0.171875 0.843750
vt 0.187500 0.843750
vt 0.203125 0.843750
vt 0.218750 0.843750
vt 0.234375 0.843750
vt 0.250000 0.843750
vt 0.265625 0.843750
vt 0.281250 0.843750
vt 0.296875 0.843750
vt 0.312500 0.843750
vt 0.328125 0.843750
vt 0.343750 0.843750
vt 0.359375 0.843750
vt 0.375000 0.843750
vt 0.390625 0.843750
vt 0.406250 0.843750
vt 0.421875 0.843750
vt 0.437500 0.843750
vt 0.453125 0.843750
vt 0.468750 0.843750
vt 0.484375 0.843750
vt 0.500000 0.843750
vt 0.515625 0.843750
vt 0.531250 0.843750
vt 0.546875 0.843750
vt 0.562500 0.843750
vt 0.578125 0.843750
vt 0.593750 0.843750
vt 0.609375 0.843750
vt 0.625000 0.843750
vt 0.640625 0.843750
vt 0.656250 0.843750
vt 0.671875 0.843750
vt 0.687500 0.843750
vt 0.703125 0.843750
vt 0.718750 0.843750
vt 0.734375 0.843750
vt 0.750000 0.843750
vt 0.765625 0.843750
vt 0.781250 0.843750
vt 0.796875 0.843750
vt 0.812500 0.843750
vt 0.828125 0.843750
vt 0.843750 0.843750
vt 0.859375 0.843750
vt 0.875000 0.843750
vt 0.890625 0.843750
vt 0.906250 0.843750
vt 0.921875 0.843750
vt 0.937500 0.843750
vt 0.953125 0.843750
vt 0.968750 0.843750
vt 0.984375 0.843750
vt 1.000000 0.843750
vt 0.000000 0.828125
vt 0.015625 0.828125
vt 0.031250 0.828125
vt 0.046875 0.828125
vt 0.062500 0.828125
vt 0.078125 0.828125
vt 0.093750 0.828125
vt 0.109375 0.828125
vt 0.125000 0.828125
vt 0.140625 0.828125
vt 0.156250 0.828125
vt 0.171875 0.828125
vt 0.187500 0.828125
vt 0.203125 0.828125
vt 0.218750 0.828125
vt 0.234375 0.828125
vt 0.250000 0.828125
vt 0.265625 0.828125
vt 0.281250 0.828125
vt 0.296875 0.828125
vt 0.312500 0.828125
vt 0.328125 0.828125
vt 0.343750 0.828125
vt 0.359375 0.828125
vt 0.375000 0.828125
vt 0.390625 0.828125
vt 0.406250 0.828125
vt 0.421875 0.828125
vt 0.437500 0.828125
vt 0.453125 0.828125
vt 0.468750 0.828125
vt 0.484375 0.828125
vt 0.500000 0.828125
vt 0.515625 0.828125
vt 0.531250 0.828125
vt 0.546875 0.828125
vt 0.562500 0.828125
vt 0.578125 0.828125
vt 0.593750 0.828125
vt 0.609375 0.828125
vt 0.625000 0.828125
vt 0.640625 0.828125
vt 0.656250 0.828125
vt 0.671875 0.828125
vt 0.687500 0.828125
vt 0.703125 0.828125
vt 0.718750 0.828125
vt 0.734375 0.828125
vt 0.750000 0.828125
vt 0.765625 0.828125
vt 0.781250 0.828125
vt 0.796875 0.828125
vt 0.812500 0.828125
vt 0.828125 0.828125
vt 0.843750 0.828125
vt 0.859375 0.828125
vt 0.875000 0.828125
vt 0.890625 0.828125
vt 0.906250 0.828125
vt 0.921875 0.828125
vt 0.937500 0.828125
vt 0.953125 0.828125
vt 0.968750 0.828125
vt 0.984375 0.828125
vt 1.000000 0.828125
vt 0.000000 0.812500
vt 0.015625 0.812500
vt 0.031250 0.812500
vt 0.046875 0.812500
vt 0.062500 0.812500
vt 0.078125 0.812500
vt 0.093750 0.812500
vt 0.109375 0.812500
vt 0.125000 0.812500
vt 0.140625 0.812500
vt 0.156250 0.812500
vt 0.171875 0.812500
vt 0.187500 0.812500
vt 0.203125 0.812500
vt 0.218750 0.812500
vt 0.234375 0.812500
vt 0.250000 0.812500
vt 0.265625 0.812500
vt 0.281250 0.812500
vt 0.296875 0.812500
vt 0.312500 0.812500
vt 0.328125 0.812500
vt 0.343750 0.812500
vt 0.359375 0.812500
vt 0.375000 0.812500
vt 0.390625 0.812500
vt 0.406250 0.812500
vt 0.421875 0.812500
vt 0.437500 0.812500
vt 0.453125 0.812500
vt 0.468750 0.812500
vt 0.484375 0.812500
vt 0.500000 0.812500
vt 0.515625 0.812500
vt 0.531250 0.812500
vt 0.546875 0.812500
vt 0.562500 0.812500
vt 0.578125 0.812500
vt 0.593750 0.812500
vt 0.609375 0.812500
vt 0.625000 0.812500
vt 0.640625 0.812500
vt 0.656250 0.812500
vt 0.671875 0.812500
vt 0.687500 0.812500
vt 0.703125 0.812500
vt 0.718750 0.812500
vt 0.734375 0.812500
vt 0.750000 0.812500
vt 0.765625 0.812500
vt 0.781250 0.812500
vt 0.796875 0.812500
vt 0.812500 0.812500
vt 0.828125 0.812500
vt 0.843750 0.812500
vt 0.859375 0.812500
vt 0.875000 0.812500
vt 0.890625 0.812500
vt 0.906250 0.812500
vt 0.921875 0.812500
vt 0.937500 0.812500
vt 0.953125 0.812500
vt 0.968750 0.812500
vt 0.984375 0.812500
vt 1.000000 0.812500
vt 0.000000 0.796875
vt 0.015625 0.796875
vt 0.031250 0.796875
vt 0.046875 0.796875
vt 0.062500 0.796875
vt 0.078125 0.796875
vt 0.093750 0.796875
vt 0.109375 0.796875
vt 0.125000 0.796875
vt 0.140625 0.796875
vt 0.156250 0.796875
vt 0.171875 0.796875
vt 0.187500 0.796875
vt 0.203125 0.796875
vt 0.218750 0.796875
vt 0.234375 0.796875
vt 0.250000 0.796875
vt 0.265625 0.796875
vt 0.281250 0.796875
vt 0.296875 0.796875
vt 0.312500 0.796875
vt 0.328125 0.796875
vt 0.343750 0.796875
vt 0.359375 0.796875
vt 0.375000 0.796875
vt 0.390625 0.796875
vt 0.406250 0.796875
vt 0.421875 0.796875
vt 0.437500 0.796875
vt 0.453125 0.796875
vt 0.468750 0.796875
vt 0.484375 0.796875
vt 0.500000 0.796875
vt 0.515625 0.796875
vt 0.531250 0.796875
vt 0.546875 0.796875
vt 0.562500 0.796875
vt 0.578125 0.796875
vt 0.593750 0.796875
vt 0.609375 0.796875
vt 0.625000 0.796875
vt 0.640625 0.796875
vt 0.656250 0.796875
vt 0.671875 0.796875
vt 0.687500 0.796875
vt 0.703125 0.796875
vt 0.718750 0.796875
vt 0.734375 0.796875
vt 0.750000 0.796875
vt 0.765625 0.796875
vt 0.781250 0.796875
vt 0.796875 0.796875
vt 0.812500 0.796875
vt 0.828125 0.796875
vt 0.843750 0.796875
vt 0.859375 0.796875
vt 0.875000 0.796875
vt 0.890625 0.796875
vt 0.906250 0.796875
vt 0.921875 0.796875
vt 0.937500 0.796875
vt 0.953125 0.796875
vt 0.968750 0.796875
vt 0.984375 0.796875
vt 1.000000 0.796875
vt 0.000000 0.781250
vt 0.015625 0.781250
vt 0.031250 0.781250
vt 0.046875 0.781250
vt 0.062500 0.781250
vt 0.078125 0.781250
vt 0.093750 0.781250
vt 0.109375 0.781250
vt 0.125000 0.781250
vt 0.140625 0.781250
vt 0.156250 0.781250
vt 0.171875 0.781250
vt 0.187500 0.781250
vt 0.203125 0.781250
vt 0.218750 0.781250
vt 0.234375 0.781250
vt 0.250000 0.781250
vt 0.265625 0.781250
vt 0.281250 0.781250
vt 0.296875 0.781250
vt 0.312500 0.781250
vt 0.328125 0.781250
vt 0.343750 0.781250
vt 0.359375 0.781250
vt 0.375000 0.781250
vt 0.390625 0.781250
vt 0.406250 0.781250
vt 0.421875 0.781250
vt 0.437500 0.781250
vt 0.453125 0.781250
vt 0.468750 0.781250
vt 0.484375 0.781250
vt 0.500000 0.781250
vt 0.515625 0.781250
vt 0.531250 0.781250
vt 0.546875 0.781250
vt 0.562500 0.781250
vt 0.578125 0.781250
vt 0.593750 0.781250
vt 0.609375 0.781250
vt 0.625000 0.781250
vt 0.640625 0.781250
vt 0.656250 0.781250
vt 0.671875 0.781250
vt 0.687500 0.781250
vt 0.703125 0.781250
vt 0.718750 0.781250
vt 0.734375 0.781250
vt 0.750000 0.781250
vt 0.765625 0.781250
vt 0.781250 0.781250
vt 0.796875 0.781250
vt 0.812500 0.781250
vt 0.828125 0.781250
vt 0.843750 0.781250
vt 0.859375 0.781250
vt 0.875000 0.781250
vt 0.890625 0.781250
vt 0.906250 0.781250
vt 0.921875 0.781250
vt 0.937500 0.781250
vt 0.953125 0.781250
vt 0.968750 0.781250
vt 0.984375 0.781250
vt 1.000000 0.781250
vt 0.000000 0.765625
vt 0.015625 0.765625
vt 0.031250 0.765625
vt 0.046875 0.765625
vt 0.062500 0.765625
vt 0.078125 0.765625
vt 0.093750 0.765625
vt 0.109375 0.765625
vt 0.125000 0.765625
vt 0.140625 0.765625
vt 0.156250 0.765625
vt 0.171875 0.765625
vt 0.187500 0.765625
vt 0.203125 0.765625
vt 0.218750 0.765625
vt 0.234375 0.765625
vt 0.250000 0.765625
vt 0.265625 0.765625
vt 0.281250 0.765625
vt 0.296875 0.765625
vt 0.312500 0.765625
vt 0.328125 0.765625
vt 0.343750 0.765625
vt 0.359375 0.765625
vt 0.375000 0.765625
vt 0.390625 0.765625
vt 0.406250 0.765625
vt 0.421875 0.765625
vt 0.437500 0.765625
vt 0.453125 0.765625
vt 0.468750 0.765625
vt 0.484375 0.765625
vt 0.500000 0.765625
vt 0.515625 0.765625
vt 0.531250 0.765625
vt 0.546875 0.765625
vt 0.562500 0.765625
vt 0.578125 0.765625
vt 0.593750 0.765625
vt 0.609375 0.765625
vt 0.625000 0.765625
vt 0.640625 0.765625
vt 0.656250 0.765625
vt 0.671875 0.765625
vt 0.687500 0.765625
vt 0.703125 0.765625
vt 0.718750 0.765625
vt 0.734375 0.765625
vt 0.750000 0.765625
vt 0.765625 0.765625
vt 0.781250 0.765625
vt 0.796875 0.765625
vt 0.812500 0.765625
vt 0.828125 0.765625
vt 0.843750 0.765625
vt 0.859375 0.765625
vt 0.875000 0.765625
vt 0.890625 0.765625
vt 0.906250 0.765625
vt 0.921875 0.765625
vt 0.937500 0.765625
vt 0.953125 0.765625
vt 0.968750 0.765625
vt 0.984375 0.765625
vt 1.000000 0.765625
vt 0.000000 0.750000
vt 0.015625 0.750000
vt 0.031250 0.750000
vt 0.046875 0.750000
vt 0.062500 0.750000
vt 0.078125 0.750000
vt 0.093750 0.750000
vt 0.109375 0.750000
vt 0.125000 0.750000
vt 0.140625 0.750000
vt 0.156250 0.750000
vt 0.171875 0.750000
vt 0.187500 0.750000
vt 0.203125 0.750000
vt 0.218750 0.750000
vt 0.234375 0.750000
vt 0.250000 0.750000
vt 0.265625 0.750000
vt 0.281250 0.750000
vt 0.296875 0.750000
vt 0.312500 0.750000
vt 0.328125 0.750000
vt 0.343750 0.750000
vt 0.359375 0.750000
vt 0.375000 0.750000
vt 0.390625 0.750000
vt 0.406250 0.750000
vt 0.421875 0.750000
vt 0.437500 0.750000
vt 0.453125 0.750000
vt 0.468750 0.750000
vt 0.484375 0.750000
vt 0.500000 0.750000
vt 0.515625 0.750000
vt 0.531250 0.750000
vt 0.546875 0.750000
vt 0.562500 0.750000
vt 0.578125 0.750000
vt 0.593750 0.750000
vt 0.609375 0.750000
vt 0.625000 0.750000
vt 0.640625 0.750000
vt 0.656250 0.750000
vt 0.671875 0.750000
vt 0.687500 0.750000
vt 0.703125 0.750000
vt 0.718750 0.750000
vt 0.734375 0.750000
vt 0.750000 0.750000
vt 0.765625 0.750000
vt 0.781250 0.750000
vt 0.796875 0.750000
vt 0.812500 0.750000
vt 0.828125 0.750000
vt 0.843750 0.750000
vt 0.859375 0.750000
vt 0.875000 0.750000
vt 0.890625 0.750000
vt 0.906250 0.750000
vt 0.921875 0.750000
vt 0.937500 0.750000
vt 0.953125 0.750000
vt 0.968750 0.750000
vt 0.984375 0.750000
vt 1.000000 0.750000
vt 0.000000 0.734375
vt 0.015625 0.734375
vt 0.031250 0.734375
vt 0.046875 0.734375
vt 0.062500 0.734375
vt 0.078125 0.734375
vt 0.093750 0.734375
vt 0.109375 0.734375
vt 0.125000 0.734375
vt 0.140625 0.734375
vt 0.156250 0.734375
vt 0.171875 0.734375
vt 0.187500 0.734375
vt 0.203125 0.734375
vt 0.218750 0.734375
vt 0.234375 0.734375
vt 0.250000 0.734375
vt 0.265625 0.734375
vt 0.281250 0.734375
vt 0.296875 0.734375
vt 0.312500 0.734375
vt 0.328125 0.734375
vt 0.343750 0.734375
vt 0.359375 0.734375
vt 0.375000 0.734375
vt 0.390625 0.734375
vt 0.406250 0.734375
vt 0.421875 0.734375
vt 0.437500 0.734375
vt 0.453125 0.734375
vt 0.468750 0.734375
vt 0.484375 0.734375
vt 0.500000 0.734375
vt 0.515625 0.734375
vt 0.531250 0.734375
vt 0.546875 0.734375
vt 0.562500 0.734375
vt 0.578125 0.734375
vt 0.593750 0.734375
vt 0.609375 0.734375
vt 0.625000 0.734375
vt 0.640625 0.734375
vt 0.656250 0.734375
vt 0.671875 0.734375
vt 0.687500 0.734375
vt 0.703125 0.734375
vt 0.718750 0.734375
vt 0.734375 0.734375
vt 0.750000 0.734375
vt 0.765625 0.734375
vt 0.781250 0.734375
vt 0.796875 0.734375
vt 0.812500 0.734375
vt 0.828125 0.734375
vt 0.843750 0.734375
vt 0.859375 0.734375
vt 0.875000 0.734375
vt 0.890625 0.734375
vt 0.906250 0.734375
vt 0.921875 0.734375
vt 0.937500 0.734375
vt 0.953125 0.734375
vt 0.968750 0.734375
vt 0.984375 0.734375
vt 1.000000 0.734375
vt 0.000000 0.718750
vt 0.015625 0.718750
vt 0.031250 0.718750
vt 0.046875 0.718750
vt 0.062500 0.718750
vt 0.078125 0.718750
vt 0.093750 0.718750
vt 0.109375 0.718750
vt 0.125000 0.718750
vt 0.140625 0.718750
vt 0.156250 0.718750
vt 0.171875 0.718750
vt 0.187500 0.718750
vt 0.203125 0.718750
vt 0.218750 0.718750
vt 0.234375 0.718750
vt 0.250000 0.718750
vt 0.265625 0.718750
vt 0.281250 0.718750
vt 0.296875 0.718750
vt 0.312500 0.718750
vt 0.328125 0.718750
vt 0.343750 0.718750
vt 0.359375 0.718750
vt 0.375000 0.718750
vt 0.390625 0.718750
vt 0.406250 0.718750
vt 0.421875 0.718750
vt 0.437500 0.718750
vt 0.453125 0.718750
vt 0.468750 0.718750
vt 0.484375 0.718750
vt 0.500000 0.718750
vt 0.515625 0.718750
vt 0.531250 0.718750
vt 0.546875 0.718750
vt 0.562500 0.718750
vt 0.578125 0.718750
vt 0.593750 0.718750
vt 0.609375 0.718750
vt 0.625000 0.718750
vt 0.640625 0.718750
vt 0.656250 0.718750
vt 0.671875 0.718750
vt 0.687500 0.718750
vt 0.703125 0.718750
vt 0.718750 0.718750
vt 0.734375 0.718750
vt 0.750000 0.718750
vt 0.765625 0.718750
vt 0.781250 0.718750
vt 0.796875 0.718750
vt 0.812500 0.718750
vt 0.828125 0.718750
vt 0.843750 0.718750
vt 0.859375 0.718750
vt 0.875000 0.718750
vt 0.890625 0.718750
vt 0.906250 0.718750
vt 0.921875 0.718750
vt 0.937500 0.718750
vt 0.953125 0.718750
vt 0.968750 0.718750
vt 0.984375 0.718750
vt 1.000000 0.718750
vt 0.000000 0.703125
vt 0.015625 0.703125
vt 0.031250 0.703125
vt 0.046875 0.703125
vt 0.062500 0.703125
vt 0.078125 0.703125
vt 0.093750 0.703125
vt 0.109375 0.703125
vt 0.125000 0.703125
vt 0.140625 0.703125
vt 0.156250 0.703125
vt 0.171875 0.703125
vt 0.187500 0.703125
vt 0.203125 0.703125
vt 0.218750 0.703125
vt 0.234375 0.703125
vt 0.250000 0.703125
vt 0.265625 0.703125
vt 0.281250 0.703125
vt 0.296875 0.703125
vt 0.312500 0.703125
vt 0.328125 0.703125
vt 0.343750 0.703125
vt 0.359375 0.703125
vt 0.375000 0.703125
vt 0.390625 0.703125
vt 0.406250 0.703125
vt 0.421875 0.703125
vt 0.437500 0.703125
vt 0.453125 0.703125
vt 0.468750 0.703125
vt 0.484375 0.703125
vt 0.500000 0.703125
vt 0.515625 0.703125
vt 0.531250 0.703125
vt 0.546875 0.703125
vt 0.562500 0.703125
vt 0.578125 0.703125
vt 0.593750 0.703125
vt 0.609375 0.703125
vt 0.625000 0.703125
vt 0.640625 0.703125
vt 0.656250 0.703125
vt 0.671875 0.703125
vt 0.687500 0.703125
vt 0.703125 0.703125
vt 0.718750 0.703125
vt 0.734375 0.703125
vt 0.750000 0.703125
vt 0.765625 0.703125
vt 0.781250 0.703125
vt 0.796875 0.703125
vt 0.812500 0.703125
vt 0.828125 0.703125
vt 0.843750 0.703125
vt 0.859375 0.703125
vt 0.875000 0.703125
vt 0.890625 0.703125
vt 0.906250 0.703125
vt 0.921875 0.703125
vt 0.937500 0.703125
vt 0.953125 0.703125
vt 0.968750 0.703125
vt 0.984375 0.703125
vt 1.000000 0.703125
vt 0.000000 0.687500
vt 0.015625 0.687500
vt 0.031250 0.687500
vt 0.046875 0.687500
vt 0.062500 0.687500
vt 0.078125 0.687500
vt 0.093750 0.687500
vt 0.109375 0.687500
vt 0.125000 0.687500
vt 0.140625 0.687500
vt 0.156250 0.687500
vt 0.171875 0.687500
vt 0.187500 0.687500
vt 0.203125 0.687500
vt 0.218750 0.687500
vt 0.234375 0.687500
vt 0.250000 0.687500
vt 0.265625 0.687500
vt 0.281250 0.687500
vt 0.296875 0.687500
vt 0.312500 0.687500
vt 0.328125 0.687500
vt 0.343750 0.687500
vt 0.359375 0.687500
vt 0.375000 0.687500
vt 0.390625 0.687500
vt 0.406250 0.687500
vt 0.421875 0.687500
vt 0.437500 0.687500
vt 0.453125 0.687500
vt 0.468750 0.687500
vt 0.484375 0.687500
vt 0.500000 0.687500
vt 0.515625 0.687500
vt 0.531250 0.687500
vt 0.546875 0.687500
vt 0.562500 0.687500
vt 0.578125 0.687500
vt 0.593750 0.687500
vt 0.609375 0.687500
vt 0.625000 0.687500
vt 0.640625 0.687500
vt 0.656250 0.687500
vt 0.671875 0.687500
vt 0.687500 0.687500
vt 0.703125 0.687500
vt 0.718750 0.687500
vt 0.734375 0.687500
vt 0.750000 0.687500
vt 0.765625 0.687500
vt 0.781250 0.687500
vt 0.796875 0.687500
vt 0.812500 0.687500
vt 0.828125 0.687500
vt 0.843750 0.687500
vt 0.859375 0.687500
vt 0.875000 0.687500
vt 0.890625 0.687500
vt 0.906250 0.687500
vt 0.921875 0.687500
vt 0.937500 0.687500
vt 0.953125 0.687500
vt 0.968750 0.687500
vt 0.984375 0.687500
vt 1.000000 0.687500
vt 0.000000 0.671875
vt 0.015625 0.671875
vt 0.031250 0.671875
vt 0.046875 0.671875
vt 0.062500 0.671875
vt 0.078125 0.671875
vt 0.093750 0.671875
vt 0.109375 0.671875
vt 0.125000 0.671875
vt 0.140625 0.671875
vt 0.156250 0.671875
vt 0.171875 0.671875
vt 0.187500 0.671875
vt 0.203125 0.671875
vt 0.218750 0.671875
vt 0.234375 0.671875
vt 0.250000 0.671875
vt 0.265625 0.671875
vt 0.281250 0.671875
vt 0.296875 0.671875
vt 0.312500 0.671875
vt 0.328125 0.671875
vt 0.343750 0.671875
vt 0.359375 0.671875
vt 0.375000 0.671875
vt 0.390625 0.671875
vt 0.406250 0.671875
vt 0.421875 0.671875
vt 0.437500 0.671875
vt 0.453125 0.671875
vt 0.468750 0.671875
vt 0.484375 0.671875
vt 0.500000 0.671875
vt 0.515625 0.671875
vt 0.531250 0.671875
vt 0.546875 0.671875
vt 0.562500 0.671875
vt 0.578125 0.671875
vt 0.593750 0.671875
vt 0.609375 0.671875
vt 0.625000 0.671875
vt 0.640625 0.671875
vt 0.656250 0.671875
vt 0.671875 0.671875
vt 0.687500 0.671875
vt 0.703125 0.671875
vt 0.718750 0.671875
vt 0.734375 0.671875
vt 0.750000 0.671875
vt 0.765625 0.671875
vt 0.781250 0.671875
vt 0.796875 0.671875
vt 0.812500 0.671875
vt 0.828125 0.671875
vt 0.843750 0.671875
vt 0.859375 0.671875
vt 0.875000 0.671875
vt 0.890625 0.671875
vt 0.906250 0.671875
vt 0.921875 0.671875
vt 0.937500 0.671875
vt 0.953125 0.671875
vt 0.968750 0.671875
vt 0.984375 0.671875
vt 1.000000 0.671875
vt 0.000000 0.656250
vt 0.015625 0.656250
vt 0.031250 0.656250
vt 0.046875 0.656250
vt 0.062500 0.656250
vt 0.078125 0.656250
vt 0.093750 0.656250
vt 0.109375 0.656250
vt 0.125000 0.656250
vt 0.140625 0.656250
vt 0.156250 0.656250
vt 0.171875 0.656250
vt 0.187500 0.656250
vt 0.203125 0.656250
vt 0.218750 0.656250
vt 0.234375 0.656250
vt 0.250000 0.656250
vt 0.265625 0.656250
vt 0.281250 0.656250
vt 0.296875 0.656250
vt 0.312500 0.656250
vt 0.328125 0.656250
vt 0.343750 0.656250
vt 0.359375 0.656250
vt 0.375000 0.656250
vt 0.390625 0.656250
vt 0.406250 0.656250
vt 0.421875 0.656250
vt 0.437500 0.656250
vt 0.453125 0.656250
vt 0.468750 0.656250
vt 0.484375 0.656250
vt 0.500000 0.656250
vt 0.515625 0.656250
vt 0.531250 0.656250
vt 0.546875 0.656250
vt 0.562500 0.656250
vt 0.578125 0.656250
vt 0.593750 0.656250
vt 0.609375 0.656250
vt 0.625000 0.656250
vt 0.640625 0.656250
vt 0.656250 0.656250
vt 0.671875 0.656250
vt 0.687500 0.656250
vt 0.703125 0.656250
vt 0.718750 0.656250
vt 0.734375 0.656250
vt 0.750000 0.656250
vt 0.765625 0.656250
vt 0.781250 0.656250
vt 0.796875 0.656250
vt 0.812500 0.656250
vt 0.828125 0.656250
vt 0.843750 0.656250
vt 0.859375 0.656250
vt 0.875000 0.656250
vt 0.890625 0.656250
vt 0.906250 0.656250
vt 0.921875 0.656250
vt 0.937500 0.656250
vt 0.953125 0.656250
vt 0.968750 0.656250
vt 0.984375 0.656250
vt 1.000000 0.656250
vt 0.000000 0.640625
vt 0.015625 0.640625
vt 0.031250 0.640625
vt 0.046875 0.640625
vt 0.062500 0.640625
vt 0.078125 0.640625
vt 0.093750 0.640625
vt 0.109375 0.640625
vt 0.125000 0.640625
vt 0.140625 0.640625
vt 0.156250 0.640625
vt 0.171875 0.640625
vt 0.187500 0.640625
vt 0.203125 0.640625
vt 0.218750 0.640625
vt 0.234375 0.640625
vt 0.250000 0.640625
vt 0.265625 0.640625
vt 0.281250 0.640625
vt 0.296875 0.640625
vt 0.312500 0.640625
vt 0.328125 0.640625
vt 0.343750 0.640625
vt 0.359375 0.640625
vt 0.375000 0.640625
vt 0.390625 0.640625
vt 0.406250 0.640625
vt 0.421875 0.640625
vt 0.437500 0.640625
vt 0.453125 0.640625
vt 0.468750 0.640625
vt 0.484375 0.640625
vt 0.500000 0.640625
vt 0.515625 0.640625
vt 0.531250 0.640625
vt 0.546875 0.640625
vt 0.562500 0.640625
vt 0.578125 0.640625
vt 0.593750 0.640625
vt 0.609375 0.640625
vt 0.625000 0.640625
vt 0.640625 0.640625
vt 0.656250 0.640625
vt 0.671875 0.640625
vt 0.687500 0.640625
vt 0.703125 0.640625
vt 0.718750 0.640625
vt 0.734375 0.640625
vt 0.750000 0.640625
vt 0.765625 0.640625
vt 0.781250 0.640625
vt 0.796875 0.640625
vt 0.812500 0.640625
vt 0.828125 0.640625
vt 0.843750 0.640625
vt 0.859375 0.640625
vt 0.875000 0.640625
vt 0.890625 0.640625
vt 0.906250 0.640625
vt 0.921875 0.640625
vt 0.937500 0.640625
vt 0.953125 0.640625
vt 0.968750 0.640625
vt 0.984375 0.640625
vt 1.000000 0.640625
vt 0.000000 0.625000
vt 0.015625 0.625000
vt 0.031250 0.625000
vt 0.046875 0.625000
vt 0.062500 0.625000
vt 0.078125 0.625000
vt 0.093750 0.625000
vt 0.109375 0.625000
vt 0.125000 0.625000
vt 0.140625 0.625000
vt 0.156250 0.625000
vt 0.171875 0.625000
vt 0.187500 0.625000
vt 0.203125 0.625000
vt 0.218750 0.625000
vt 0.234375 0.625000
vt 0.250000 0.625000
vt 0.265625 0.625000
vt 0.281250 0.625000
vt 0.296875 0.625000
vt 0.312500 0.625000
vt 0.328125 0.625000
vt 0.343750 0.625000
vt 0.359375 0.625000
vt 0.375000 0.625000
vt 0.390625 0.625000
vt 0.406250 0.625000
vt 0.421875 0.625000
vt 0.437500 0.625000
vt 0.453125 0.625000
vt 0.468750 0.625000
vt 0.484375 0.625000
vt 0.500000 0.625000
vt 0.515625 0.625000
vt 0.531250 0.625000
vt 0.546875 0.625000
vt 0.562500 0.625000
vt 0.578125 0.625000
vt 0.593750 0.625000
vt 0.609375 0.625000
vt 0.625000 0.625000
vt 0.640625 0.625000
vt 0.656250 0.625000
vt 0.671875 0.625000
vt 0.687500 0.625000
vt 0.703125 0.625000
vt 0.718750 0.625000
vt 0.734375 0.625000
vt 0.750000 0.625000
vt 0.765625 0.625000
vt 0.781250 0.625000
vt 0.796875 0.625000
vt 0.812500 0.625000
vt 0.828125 0.625000
vt 0.843750 0.625000
vt 0.859375 0.625000
vt 0.875000 0.625000
vt 0.890625 0.625000
vt 0.906250 0.625000
vt 0.921875 0.625000
vt 0.937500 0.625000
vt 0.953125 0.625000
vt 0.968750 0.625000
vt 0.984375 0.625000
vt 1.000000 0.625000
vt 0.000000 0.609375
vt 0.015625 0.609375
vt 0.031250 0.609375
vt 0.046875 0.609375
vt 0.062500 0.609375
vt 0.078125 0.609375
vt 0.093750 0.609375
vt 0.109375 0.609375
vt 0.125000 0.609375
vt 0.140625 0.609375
vt 0.156250 0.609375
vt 0.171875 0.609375
vt 0.187500 0.609375
vt 0.203125 0.609375
vt 0.218750 0.609375
vt 0.234375 0.609375
vt 0.250000 0.609375
vt 0.265625 0.609375
vt 0.281250 0.609375
vt 0.296875 0.609375
vt 0.312500 0.609375
vt 0.328125 0.609375
vt 0.343750 0.609375
vt 0.359375 0.609375
vt 0.375000 0.609375
vt 0.390625 0.609375
vt 0.406250 0.609375
vt 0.421875 0.609375
vt 0.437500 0.609375
vt 0.453125 0.609375
vt 0.468750 0.609375
vt 0.484375 0.609375
vt 0.500000 0.609375
vt 0.515625 0.609375
vt 0.531250 0.609375
vt 0.546875 0.609375
vt 0.562500 0.609375
vt 0.578125 0.609375
vt 0.593750 0.609375
vt 0.609375 0.609375
vt 0.625000 0.609375
vt 0.640625 0.609375
vt 0.656250 0.609375
vt 0.671875 0.609375
vt 0.687500 0.609375
vt 0.703125 0.609375
vt 0.718750 0.609375
vt 0.734375 0.609375
vt 0.750000 0.609375
vt 0.765625 0.609375
vt 0.781250 0.609375
vt 0.796875 0.609375
vt 0.812500 0.609375
vt 0.828125 0.609375
vt 0.843750 0.609375
vt 0.859375 0.609375
vt 0.875000 0.609375
vt 0.890625 0.609375
vt 0.906250 0.609375
vt 0.921875 0.609375
vt 0.937500 0.609375
vt 0.953125 0.609375
vt 0.968750 0.609375
vt 0.984375 0.609375
vt 1.000000 0.609375
vt 0.000000 0.593750
vt 0.015625 0.593750
vt 0.031250 0.593750
vt 0.046875 0.593750
vt 0.062500 0.593750
vt 0.078125 0.593750
vt 0.093750 0.593750
vt 0.109375 0.593750
vt 0.125000 0.593750
vt 0.140625 0.593750
vt 0.156250 0.593750
vt 0.171875 0.593750
vt 0.187500 0.593750
vt 0.203125 0.593750
vt 0.218750 0.593750
vt 0.234375 0.593750
vt 0.250000 0.593750
vt 0.265625 0.593750
vt 0.281250 0.593750
vt 0.296875 0.593750
vt 0.312500 0.593750
vt 0.328125 0.593750
vt 0.343750 0.593750
vt 0.359375 0.593750
vt 0.375000 0.593750
vt 0.390625 0.593750
vt 0.406250 0.593750
vt 0.421875 0.593750
vt 0.437500 0.593750
vt 0.453125 0.593750
vt 0.468750 0.593750
vt 0.484375 0.593750
vt 0.500000 0.593750
vt 0.515625 0.593750
vt 0.531250 0.593750
vt 0.546875 0.593750
vt 0.562500 0.593750
vt 0.578125 0.593750
vt 0.593750 0.593750
vt 0.609375 0.593750
vt 0.625000 0.593750
vt 0.640625 0.593750
vt 0.656250 0.593750
vt 0.671875 0.593750
vt 0.687500 0.593750
vt 0.703125 0.593750
vt 0.718750 0.593750
vt 0.734375 0.593750
vt 0.750000 0.593750
vt 0.765625 0.593750
vt 0.781250 0.593750
vt 0.796875 0.593750
vt 0.812500 0.593750
vt 0.828125 0.593750
vt 0.843750 0.593750
vt 0.859375 0.593750
vt 0.875000 0.593750
vt 0.890625 0.593750
vt 0.906250 0.593750
vt 0.921875 0.593750
vt 0.937500 0.593750
vt 0.953125 0.593750
vt 0.968750 0.593750
vt 0.984375 0.593750
vt 1.000000 0.593750
vt 0.000000 0.578125
vt 0.015625 0.578125
vt 0.031250 0.578125
vt 0.046875 0.578125
vt 0.062500 0.578125
vt 0.078125 0.578125
vt 0.093750 0.578125
vt 0.109375 0.578125
vt 0.125000 0.578125
vt 0.140625 0.578125
vt 0.156250 0.578125
vt 0.171875 0.578125
vt 0.187500 0.578125
vt 0.203125 0.578125
vt 0.218750 0.578125
vt 0.234375 0.578125
vt 0.250000 0.578125
vt 0.265625 0.578125
vt 0.281250 0.578125
vt 0.296875 0.578125
vt 0.312500 0.578125
vt 0.328125 0.578125
vt 0.343750 0.578125
vt 0.359375 0.578125
vt 0.375000 0.578125
vt 0.390625 0.578125
vt 0.406250 0.578125
vt 0.421875 0.578125
vt 0.437500 0.578125
vt 0.453125 0.578125
vt 0.468750 0.578125
vt 0.484375 0.578125
vt 0.500000 0.578125
vt 0.515625 0.578125
vt 0.531250 0.578125
vt 0.546875 0.578125
vt 0.562500 0.578125
vt 0.578125 0.578125
vt 0.593750 0.578125
vt 0.609375 0.578125
vt 0.625000 0.578125
vt 0.640625 0.578125
vt 0.656250 0.578125
vt 0.671875 0.578125
vt 0.687500 0.578125
vt 0.703125 0.578125
vt 0.718750 0.578125
vt 0.734375 0.578125
vt 0.750000 0.578125
vt 0.765625 0.578125
vt 0.781250 0.578125
vt 0.796875 0.578125
vt 0.812500 0.578125
vt 0.828125 0.578125
vt 0.843750 0.578125
vt 0.859375 0.578125
vt 0.875000 0.578125
vt 0.890625 0.578125
vt 0.906250 0.578125
vt 0.921875 0.578125
vt 0.937500 0.578125
vt 0.953125 0.578125
vt 0.968750 0.578125
vt 0.984375 0.578125
vt 1.000000 0.578125
vt 0.000000 0.562500
vt 0.015625 0.562500
vt 0.031250 0.562500
vt 0.046875 0.562500
vt 0.062500 0.562500
vt 0.078125 0.562500
vt 0.093750 0.562500
vt 0.109375 0.562500
vt 0.125000 0.562500
vt 0.140625 0.562500
vt 0.156250 0.562500
vt 0.171875 0.562500
vt 0.187500 0.562500
vt 0.203125 0.562500
vt 0.218750 0.562500
vt 0.234375 0.562500
vt 0.250000 0.562500
vt 0.265625 0.562500
vt 0.281250 0.562500
vt 0.296875 0.562500
vt 0.312500 0.562500
vt 0.328125 0.562500
vt 0.343750 0.562500
vt 0.359375 0.562500
vt 0.375000 0.562500
vt 0.390625 0.562500
vt 0.406250 0.562500
vt 0.421875 0.562500
vt 0.437500 0.562500
vt 0.453125 0.562500
vt 0.468750 0.562500
vt 0.484375 0.562500
vt 0.500000 0.562500
vt 0.515625 0.562500
vt 0.531250 0.562500
vt 0.546875 0.562500
vt 0.562500 0.562500
vt 0.578125 0.562500
vt 0.593750 0.562500
vt 0.609375 0.562500
vt 0.625000 0.562500
vt 0.640625 0.562500
vt 0.656250 0.562500
vt 0.671875 0.562500
vt 0.687500 0.562500
vt 0.703125 0.562500
vt 0.718750 0.562500
vt 0.734375 0.562500
vt 0.750000 0.562500
vt 0.765625 0.562500
vt 0.781250 0.562500
vt 0.796875 0.562500
vt 0.812500 0.562500
vt 0.828125 0.562500
vt 0.843750 0.562500
vt 0.859375 0.562500
vt 0.875000 0.562500
vt 0.890625 0.562500
vt 0.906250 0.562500
vt 0.921875 0.562500
vt 0.937500 0.562500
vt 0.953125 0.562500
vt 0.968750 0.562500
vt 0.984375 0.562500
vt 1.000000 0.562500
vt 0.000000 0.546875
vt 0.015625 0.546875
vt 0.031250 0.546875
vt 0.046875 0.546875
vt 0.062500 0.546875
vt 0.078125 0.546875
vt 0.093750 0.546875
vt 0.109375 0.546875
vt 0.125000 0.546875
vt 0.140625 0.546875
vt 0.156250 0.546875
vt 0.171875 0.546875
vt 0.187500 0.546875
vt 0.203125 0.546875
vt 0.218750 0.546875
vt 0.234375 0.546875
vt 0.250000 0.546875
vt 0.265625 0.546875
vt 0.281250 0.546875
vt 0.296875 0.546875
vt 0.312500 0.546875
vt 0.328125 0.546875
vt 0.343750 0.546875
vt 0.359375 0.546875
vt 0.375000 0.546875
vt 0.390625 0.546875
vt 0.406250 0.546875
vt 0.421875 0.546875
vt 0.437500 0.546875
vt 0.453125 0.546875
vt 0.468750 0.546875
vt 0.484375 0.546875
vt 0.500000 0.546875
vt 0.515625 0.546875
vt 0.531250 0.546875
vt 0.546875 0.546875
vt 0.562500 0.546875
vt 0.578125 0.546875
vt 0.593750 0.546875
vt 0.609375 0.546875
vt 0.625000 0.546875
vt 0.640625 0.546875
vt 0.656250 0.546875
vt 0.671875 0.546875
vt 0.687500 0.546875
vt 0.703125 0.546875
vt 0.718750 0.546875
vt 0.734375 0.546875
vt 0.750000 0.546875
vt 0.765625 0.546875
vt 0.781250 0.546875
vt 0.796875 0.546875
vt 0.812500 0.546875
vt 0.828125 0.546875
vt 0.843750 0.546875
vt 0.859375 0.546875
vt 0.875000 0.546875
vt 0.890625 0.546875
vt 0.906250 0.546875
vt 0.921875 0.546875
vt 0.937500 0.546875
vt 0.953125 0.546875
vt 0.968750 0.546875
vt 0.984375 0.546875
vt 1.000000 0.546875
vt 0.000000 0.531250
vt 0.015625 0.531250
vt 0.031250 0.531250
vt 0.046875 0.531250
vt 0.062500 0.531250
vt 0.078125 0.531250
vt 0.093750 0.531250
vt 0.109375 0.531250
vt 0.125000 0.531250
vt 0.140625 0.531250
vt 0.156250 0.531250
vt 0.171875 0.531250
vt 0.187500 0.531250
vt 0.203125 0.531250
vt 0.218750 0.531250
vt 0.234375 0.531250
vt 0.250000 0.531250
vt 0.265625 0.531250
vt 0.281250 0.531250
vt 0.296875 0.531250
vt 0.312500 0.531250
vt 0.328125 0.531250
vt 0.343750 0.531250
vt 0.359375 0.531250
vt 0.375000 0.531250
vt 0.390625 0.531250
vt 0.406250 0.531250
vt 0.421875 0.531250
vt 0.437500 0.531250
vt 0.453125 0.531250
vt 0.468750 0.531250
vt 0.484375 0.531250
vt 0.500000 0.531250
vt 0.515625 0.531250
vt 0.531250 0.531250
vt 0.546875 0.531250
vt 0.562500 0.531250
vt 0.578125 0.531250
vt 0.593750 0.531250
vt 0.609375 0.531250
vt 0.625000 0.531250
vt 0.640625 0.531250
vt 0.656250 0.531250
vt 0.671875 0.531250
vt 0.687500 0.531250
vt 0.703125 0.531250
vt 0.718750 0.531250
vt 0.734375 0.531250
vt 0.750000 0.531250
vt 0.765625 0.531250
vt 0.781250 0.531250
vt 0.796875 0.531250
vt 0.812500 0.531250
vt 0.828125 0.531250
vt 0.843750 0.531250
vt 0.859375 0.531250
vt 0.875000 0.531250
vt 0.890625 0.531250
vt 0.906250 0.531250
vt 0.921875 0.531250
vt 0.937500 0.531250
vt 0.953125 0.531250
vt 0.968750 0.531250
vt 0.984375 0.531250
vt 1.000000 0.531250
vt 0.000000 0.515625
vt 0.015625 0.515625
vt 0.031250 0.515625
vt 0.046875 0.515625
vt 0.062500 0.515625
vt 0.078125 0.515625
vt 0.093750 0.515625
vt 0.109375 0.515625
vt 0.125000 0.515625
vt 0.140625 0.515625
vt 0.156250 0.515625
vt 0.171875 0.515625
vt 0.187500 0.515625
vt 0.203125 0.515625
vt 0.218750 0.515625
vt 0.234375 0.515625
vt 0.250000 0.515625
vt 0.265625 0.515625
vt 0.281250 0.515625
vt 0.296875 0.515625
vt 0.312500 0.515625
vt 0.328125 0.515625
vt 0.343750 0.515625
vt 0.359375 0.515625
vt 0.375000 0.515625
vt 0.390625 0.515625
vt 0.406250 0.515625
vt 0.421875 0.515625
vt 0.437500 0.515625
vt 0.453125 0.515625
vt 0.468750 0.515625
vt 0.484375 0.515625
vt 0.500000 0.515625
vt 0.515625 0.515625
vt 0.531250 0.515625
vt 0.546875 0.515625
vt 0.562500 0.515625
vt 0.578125 0.515625
vt 0.593750 0.515625
vt 0.609375 0.515625
vt 0.625000 0.515625
vt 0.640625 0.515625
vt 0.656250 0.515625
vt 0.671875 0.515625
vt 0.687500 0.515625
vt 0.703125 0.515625
vt 0.718750 0.515625
vt 0.734375 0.515625
vt 0.750000 0.515625
vt 0.765625 0.515625
vt 0.781250 0.515625
vt 0.796875 0.515625
vt 0.812500 0.515625
vt 0.828125 0.515625
vt 0.843750 0.515625
vt 0.859375 0.515625
vt 0.875000 0.515625
vt 0.890625 0.515625
vt 0.906250 0.515625
vt 0.921875 0.515625
vt 0.937500 0.515625
vt 0.953125 0.515625
vt 0.968750 0.515625
vt 0.984375 0.515625
vt 1.000000 0.515625
vt 0.000000 0.500000
vt 0.015625 0.500000
vt 0.031250 0.500000
vt 0.046875 0.500000
vt 0.062500 0.500000
vt 0.078125 0.500000
vt 0.093750 0.500000
vt 0.109375 0.500000
vt 0.125000 0.500000
vt 0.140625 0.500000
vt 0.156250 0.500000
vt 0.171875 0.500000
vt 0.187500 0.500000
vt 0.203125 0.500000
vt 0.218750 0.500000
vt 0.234375 0.500000
vt 0.250000 0.500000
vt 0.265625 0.500000
vt 0.281250 0.500000
vt 0.296875 0.500000
vt 0.312500 0.500000
vt 0.328125 0.500000
vt 0.343750 0.500000
vt 0.359375 0.500000
vt 0.375000 0.500000
vt 0.390625 0.500000
vt 0.406250 0.500000
vt 0.421875 0.500000
vt 0.437500 0.500000
vt 0.453125 0.500000
vt 0.468750 0.500000
vt 0.484375 0.500000
vt 0.500000 0.500000
vt 0.515625 0.500000
vt 0.531250 0.500000
vt 0.546875 0.500000
vt 0.562500 0.500000
vt 0.578125 0.500000
vt 0.593750 0.500000
vt 0.609375 0.500000
vt 0.625000 0.500000
vt 0.640625 0.500000
vt 0.656250 0.500000
vt 0.671875 0.500000
vt 0.687500 0.500000
vt 0.703125 0.500000
vt 0.718750 0.500000
vt 0.734375 0.500000
vt 0.750000 0.500000
vt 0.765625 0.500000
vt 0.781250 0.500000
vt 0.796875 0.500000
vt 0.812500 0.500000
vt 0.828125 0.500000
vt 0.843750 0.500000
vt 0.859375 0.500000
vt 0.875000 0.500000
vt 0.890625 0.500000
vt 0.906250 0.500000
vt 0.921875 0.500000
vt 0.937500 0.500000
vt 0.953125 0.500000
vt 0.968750 0.500000
vt 0.984375 0.500000
vt 1.000000 0.500000
vt 0.000000 0.484375
vt 0.015625 0.484375
vt 0.031250 0.484375
vt 0.046875 0.484375
vt 0.062500 0.484375
vt 0.078125 0.484375
vt 0.093750 0.484375
vt 0.109375 0.484375
vt 0.125000 0.484375
vt 0.140625 0.484375
vt 0.156250 0.484375
vt 0.171875 0.484375
vt 0.187500 0.484375
vt 0.203125 0.484375
vt 0.218750 0.484375
vt 0.234375 0.484375
vt 0.250000 0.484375
vt 0.265625 0.484375
vt 0.281250 0.484375
vt 0.296875 0.484375
vt 0.312500 0.484375
vt 0.328125 0.484375
vt 0.343750 0.484375
vt 0.359375 0.484375
vt 0.375000 0.484375
vt 0.390625 0.484375
vt 0.406250 0.484375
vt 0.421875 0.484375
vt 0.437500 0.484375
vt 0.453125 0.484375
vt 0.468750 0.484375
vt 0.484375 0.484375
vt 0.500000 0.484375
vt 0.515625 0.484375
vt 0.531250 0.484375
vt 0.546875 0.484375
vt 0.562500 0.484375
vt 0.578125 0.484375
vt 0.593750 0.484375
vt 0.609375 0.484375
vt 0.625000 0.484375
vt 0.640625 0.484375
vt 0.656250 0.484375
vt 0.671875 0.484375
vt 0.687500 0.484375
vt 0.703125 0.484375
vt 0.718750 0.484375
vt 0.734375 0.484375
vt 0.750000 0.484375
vt 0.765625 0.484375
vt 0.781250 0.484375
vt 0.796875 0.484375
vt 0.812500 0.484375
vt 0.828125 0.484375
vt 0.843750 0.484375
vt 0.859375 0.484375
vt 0.875000 0.484375
vt 0.890625 0.484375
vt 0.906250 0.484375
vt 0.921875 0.484375
vt 0.937500 0.484375
vt 0.953125 0.484375
vt 0.968750 0.484375
vt 0.984375 0.484375
vt 1.000000 0.484375
vt 0.000000 0.468750
vt 0.015625 0.468750
vt 0.031250 0.468750
vt 0.046875 0.468750
vt 0.062500 0.468750
vt 0.078125 0.468750
vt 0.093750 0.468750
vt 0.109375 0.468750
vt 0.125000 0.468750
vt 0.140625 0.468750
vt 0.156250 0.468750
vt 0.171875 0.468750
vt 0.187500 0.468750
vt 0.203125 0.468750
vt 0.218750 0.468750
vt 0.234375 0.468750
vt 0.250000 0.468750
vt 0.265625 0.468750
vt 0.281250 0.468750
vt 0.296875 0.468750
vt 0.312500 0.468750
vt 0.328125 0.468750
vt 0.343750 0.468750
vt 0.359375 0.468750
vt 0.375000 0.468750
vt 0.390625 0.468750
vt 0.406250 0.468750
vt 0.421875 0.468750
vt 0.437500 0.468750
vt 0.453125 0.468750
vt 0.468750 0.468750
vt 0.484375 0.468750
vt 0.500000 0.468750
vt 0.515625 0.468750
vt 0.531250 0.468750
vt 0.546875 0.468750
vt 0.562500 0.468750
vt 0.578125 0.468750
vt 0.593750 0.468750
vt 0.609375 0.468750
vt 0.625000 0.468750
vt 0.640625 0.468750
vt 0.656250 0.468750
vt 0.671875 0.468750
vt 0.687500 0.468750
vt 0.703125 0.468750
vt 0.718750 0.468750
vt 0.734375 0.468750
vt 0.750000 0.468750
vt 0.765625 0.468750
vt 0.781250 0.468750
vt 0.796875 0.468750
vt 0.812500 0.468750
vt 0.828125 0.468750
vt 0.843750 0.468750
vt 0.859375 0.468750
vt 0.875000 0.468750
vt 0.890625 0.468750
vt 0.906250 0.468750
vt 0.921875 0.468750
vt 0.937500 0.468750
vt 0.953125 0.468750
vt 0.968750 0.468750
vt 0.984375 0.468750
vt 1.000000 0.468750
vt 0.000000 0.453125
vt 0.015625 0.453125
vt 0.031250 0.453125
vt 0.046875 0.453125
vt 0.062500 0.453125
vt 0.078125 0.453125
vt 0.093750 0.453125
vt 0.109375 0.453125
vt 0.125000 0.453125
vt 0.140625 0.453125
vt 0.156250 0.453125
vt 0.171875 0.453125
vt 0.187500 0.453125
vt 0.203125 0.453125
vt 0.218750 0.453125
vt 0.234375 0.453125
vt 0.250000 0.453125
vt 0.265625 0.453125
vt 0.281250 0.453125
vt 0.296875 0.453125
vt 0.312500 0.453125
vt 0.328125 0.453125
vt 0.343750 0.453125
vt 0.359375 0.453125
vt 0.375000 0.453125
vt 0.390625 0.453125
vt 0.406250 0.453125
vt 0.421875 0.453125
vt 0.437500 0.453125
vt 0.453125 0.453125
vt 0.468750 0.453125
vt 0.484375 0.453125
vt 0.500000 0.453125
vt 0.515625 0.453125
vt 0.531250 0.453125
vt 0.546875 0.453125
vt 0.562500 0.453125
vt 0.578125 0.453125
vt 0.593750 0.453125
vt 0.609375 0.453125
vt 0.625000 0.453125
vt 0.640625 0.453125
vt 0.656250 0.453125
vt 0.671875 0.453125
vt 0.687500 0.453125
vt 0.703125 0.453125
vt 0.718750 0.453125
vt 0.734375 0.453125
vt 0.750000 0.453125
vt 0.765625 0.453125
vt 0.781250 0.453125
vt 0.796875 0.453125
vt 0.812500 0.453125
vt 0.828125 0.453125
vt 0.843750 0.453125
vt 0.859375 0.453125
vt 0.875000 0.453125
vt 0.890625 0.453125
vt 0.906250 0.453125
vt 0.921875 0.453125
vt 0.937500 0.453125
vt 0.953125 0.453125
vt 0.968750 0.453125
vt 0.984375 0.453125
vt 1.000000 0.453125
vt 0.000000 0.437500
vt 0.015625 0.437500
vt 0.031250 0.437500
vt 0.046875 0.437500
vt 0.062500 0.437500
vt 0.078125 0.437500
vt 0.093750 0.437500
vt 0.109375 0.437500
vt 0.125000 0.437500
vt 0.140625 0.437500
vt 0.156250 0.437500
vt 0.171875 0.437500
vt 0.187500 0.437500
vt 0.203125 0.437500
vt 0.218750 0.437500
vt 0.234375 0.437500
vt 0.250000 0.437500
vt 0.265625 0.437500
vt 0.281250 0.437500
vt 0.296875 0.437500
vt 0.312500 0.437500
vt 0.328125 0.437500
vt 0.343750 0.437500
vt 0.359375 0.437500
vt 0.375000 0.437500
vt 0.390625 0.437500
vt 0.406250 0.437500
vt 0.421875 0.437500
vt 0.437500 0.437500
vt 0.453125 0.437500
vt 0.468750 0.437500
vt 0.484375 0.437500
vt 0.500000 0.437500
vt 0.515625 0.437500
vt 0.531250 0.437500
vt 0.546875 0.437500
vt 0.562500 0.437500
vt 0.578125 0.437500
vt 0.593750 0.437500
vt 0.609375 0.437500
vt 0.625000 0.437500
vt 0.640625 0.437500
vt 0.656250 0.437500
vt 0.671875 0.437500
vt 0.687500 0.437500
vt 0.703125 0.437500
vt 0.718750 0.437500
vt 0.734375 0.437500
vt 0.750000 0.437500
vt 0.765625 0.437500
vt 0.781250 0.437500
vt 0.796875 0.437500
vt 0.812500 0.437500
vt 0.828125 0.437500
vt 0.843750 0.437500
vt 0.859375 0.437500
vt 0.875000 0.437500
vt 0.890625 0.437500
vt 0.906250 0.437500
vt 0.921875 0.437500
vt 0.937500 0.437500
vt 0.953125 0.437500
vt 0.968750 0.437500
vt 0.984375 0.437500
vt 1.000000 0.437500
vt 0.000000 0.421875
vt 0.015625 0.421875
vt 0.031250 0.421875
vt 0.046875 0.421875
vt 0.062500 0.421875
vt 0.078125 0.421875
vt 0.093750 0.421875
vt 0.109375 0.421875
vt 0.125000 0.421875
vt 0.140625 0.421875
vt 0.156250 0.421875
vt 0.171875 0.421875
vt 0.187500 0.421875
vt 0.203125 0.421875
vt 0.218750 0.421875
vt 0.234375 0.421875
vt 0.250000 0.421875
vt 0.265625 0.421875
vt 0.281250 0.421875
vt 0.296875 0.421875
vt 0.312500 0.421875
vt 0.328125 0.421875
vt 0.343750 0.421875
vt 0.359375 0.421875
vt 0.375000 0.421875
vt 0.390625 0.421875
vt 0.406250 0.421875
vt 0.421875 0.421875
vt 0.437500 0.421875
vt 0.453125 0.421875
vt 0.468750 0.421875
vt 0.484375 0.421875
vt 0.500000 0.421875
vt 0.515625 0.421875
vt 0.531250 0.421875
vt 0.546875 0.421875
vt 0.562500 0.421875
vt 0.578125 0.421875
vt 0.593750 0.421875
vt 0.609375 0.421875
vt 0.625000 0.421875
vt 0.640625 0.421875
vt 0.656250 0.421875
vt 0.671875 0.421875
vt 0.687500 0.421875
vt 0.703125 0.421875
vt 0.718750 0.421875
vt 0.734375 0.421875
vt 0.750000 0.421875
vt 0.765625 0.421875
vt 0.781250 0.421875
vt 0.796875 0.421875
vt 0.812500 0.421875
vt 0.828125 0.421875
vt 0.843750 0.421875
vt 0.859375 0.421875
vt 0.875000 0.421875
vt 0.890625 0.421875
vt 0.906250 0.421875
vt 0.921875 0.421875
vt 0.937500 0.421875
vt 0.953125 0.421875
vt 0.968750 0.421875
vt 0.984375 0.421875
vt 1.000000 0.421875
vt 0.000000 0.406250
vt 0.015625 0.406250
vt 0.031250 0.406250
vt 0.046875 0.406250
vt 0.062500 0.406250
vt 0.078125 0.406250
vt 0.093750 0.406250
vt 0.109375 0.406250
vt 0.125000 0.406250
vt 0.140625 0.406250
vt 0.156250 0.406250
vt 0.171875 0.406250
vt 0.187500 0.406250
vt 0.203125 0.406250
vt 0.218750 0.406250
vt 0.234375 0.406250
vt 0.250000 0.406250
vt 0.265625 0.406250
vt 0.281250 0.406250
vt 0.296875 0.406250
vt 0.312500 0.406250
vt 0.328125 0.406250
vt 0.343750 0.406250
vt 0.359375 0.406250
vt 0.375000 0.406250
vt 0.390625 0.406250
vt 0.406250 0.406250
vt 0.421875 0.406250
vt 0.437500 0.406250
vt 0.453125 0.406250
vt 0.468750 0.406250
vt 0.484375 0.406250
vt 0.500000 0.406250
vt 0.515625 0.406250
vt 0.531250 0.406250
vt 0.546875 0.406250
vt 0.562500 0.406250
vt 0.578125 0.406250
vt 0.593750 0.406250
vt 0.609375 0.406250
vt 0.625000 0.406250
vt 0.640625 0.406250
vt 0.656250 0.406250
vt 0.671875 0.406250
vt 0.687500 0.406250
vt 0.703125 0.406250
vt 0.718750 0.406250
vt 0.734375 0.406250
vt 0.750000 0.406250
vt 0.765625 0.406250
vt 0.781250 0.406250
vt 0.796875 0.406250
vt 0.812500 0.406250
vt 0.828125 0.406250
vt 0.843750 0.406250
vt 0.859375 0.406250
vt 0.875000 0.406250
vt 0.890625 0.406250
vt 0.906250 0.406250
vt 0.921875 0.406250
vt 0.937500 0.406250
vt 0.953125 0.406250
vt 0.968750 0.406250
vt 0.984375 0.406250
vt 1.000000 0.406250
vt 0.000000 0.390625
vt 0.015625 0.390625
vt 0.031250 0.390625
vt 0.046875 0.390625
vt 0.062500 0.390625
vt 0.078125 0.390625
vt 0.093750 0.390625
vt 0.109375 0.390625
vt 0.125000 0.390625
vt 0.140625 0.390625
vt 0.156250 0.390625
vt 0.171875 0.390625
vt 0.187500 0.390625
vt 0.203125 0.390625
vt 0.218750 0.390625
vt 0.234375 0.390625
vt 0.250000 0.390625
vt 0.265625 0.390625
vt 0.281250 0.390625
vt 0.296875 0.390625
vt 0.312500 0.390625
vt 0.328125 0.390625
vt 0.343750 0.390625
vt 0.359375 0.390625
vt 0.375000 0.390625
vt 0.390625 0.390625
vt 0.406250 0.390625
vt 0.421875 0.390625
vt 0.437500 0.390625
vt 0.453125 0.390625
vt 0.468750 0.390625
vt 0.484375 0.390625
vt 0.500000 0.390625
vt 0.515625 0.390625
vt 0.531250 0.390625
vt 0.546875 0.390625
vt 0.562500 0.390625
vt 0.578125 0.390625
vt 0.593750 0.390625
vt 0.609375 0.390625
vt 0.625000 0.390625
vt 0.640625 0.390625
vt 0.656250 0.390625
vt 0.671875 0.390625
vt 0.687500 0.390625
vt 0.703125 0.390625
vt 0.718750 0.390625
vt 0.734375 0.390625
vt 0.750000 0.390625
vt 0.765625 0.390625
vt 0.781250 0.390625
vt 0.796875 0.390625
vt 0.812500 0.390625
vt 0.828125 0.390625
vt 0.843750 0.390625
vt 0.859375 0.390625
vt 0.875000 0.390625
vt 0.890625 0.390625
vt 0.906250 0.390625
vt 0.921875 0.390625
vt 0.937500 0.390625
vt 0.953125 0.390625
vt 0.968750 0.390625
vt 0.984375 0.390625
vt 1.000000 0.390625
vt 0.000000 0.375000
vt 0.015625 0.375000
vt 0.031250 0.375000
vt 0.046875 0.375000
vt 0.062500 0.375000
vt 0.078125 0.375000
vt 0.093750 0.375000
vt 0.109375 0.375000
vt 0.125000 0.375000
vt 0.140625 0.375000
vt 0.156250 0.375000
vt 0.171875 0.375000
vt 0.187500 0.375000
vt 0.203125 0.375000
vt 0.218750 0.375000
vt 0.234375 0.375000
vt 0.250000 0.375000
vt 0.265625 0.375000
vt 0.281250 0.375000
vt 0.296875 0.375000
vt 0.312500 0.375000
vt 0.328125 0.375000
vt 0.343750 0.375000
vt 0.359375 0.375000
vt 0.375000 0.375000
vt 0.390625 0.375000
vt 0.406250 0.375000
vt 0.421875 0.375000
vt 0.437500 0.375000
vt 0.453125 0.375000
vt 0.468750 0.375000
vt 0.484375 0.375000
vt 0.500000 0.375000
vt 0.515625 0.375000
vt 0.531250 0.375000
vt 0.546875 0.375000
vt 0.562500 0.375000
vt 0.578125 0.375000
vt 0.593750 0.375000
vt 0.609375 0.375000
vt 0.625000 0.375000
vt 0.640625 0.375000
vt 0.656250 0.375000
vt 0.671875 0.375000
vt 0.687500 0.375000
vt 0.703125 0.375000
vt 0.718750 0.375000
vt 0.734375 0.375000
vt 0.750000 0.375000
vt 0.765625 0.375000
vt 0.781250 0.375000
vt 0.796875 0.375000
vt 0.812500 0.375000
vt 0.828125 0.375000
vt 0.843750 0.375000
vt 0.859375 0.375000
vt 0.875000 0.375000
vt 0.890625 0.375000
vt 0.906250 0.375000
vt 0.921875 0.375000
vt 0.937500 0.375000
vt 0.953125 0.375000
vt 0.968750 0.375000
vt 0.984375 0.375000
vt 1.000000 0.375000
vt 0.000000 0.359375
vt 0.015625 0.359375
vt 0.031250 0.359375
vt 0.046875 0.359375
vt 0.062500 0.359375
vt 0.078125 0.359375
vt 0.093750 0.359375
vt 0.109375 0.359375
vt 0.125000 0.359375
vt 0.140625 0.359375
vt 0.156250 0.359375
vt 0.171875 0.359375
vt 0.187500 0.359375
vt 0.203125 0.359375
vt 0.218750 0.359375
vt 0.234375 0.359375
vt 0.250000 0.359375
vt 0.265625 0.359375
vt 0.281250 0.359375
vt 0.296875 0.359375
vt 0.312500 0.359375
vt 0.328125 0.359375
vt 0.343750 0.359375
vt 0.359375 0.359375
vt 0.375000 0.359375
vt 0.390625 0.359375
vt 0.406250 0.359375
vt 0.421875 0.359375
vt 0.437500 0.359375
vt 0.453125 0.359375
vt 0.468750 0.359375
vt 0.484375 0.359375
vt 0.500000 0.359375
vt 0.515625 0.359375
vt 0.531250 0.359375
vt 0.546875 0.359375
vt 0.562500 0.359375
vt 0.578125 0.359375
vt 0.593750 0.359375
vt 0.609375 0.359375
vt 0.625000 0.359375
vt 0.640625 0.359375
vt 0.656250 0.359375
vt 0.671875 0.359375
vt 0.687500 0.359375
vt 0.703125 0.359375
vt 0.718750 0.359375
vt 0.734375 0.359375
vt 0.750000 0.359375
vt 0.765625 0.359375
vt 0.781250 0.359375
vt 0.796875 0.359375
vt 0.812500 0.359375
vt 0.828125 0.359375
vt 0.843750 0.359375
vt 0.859375 0.359375
vt 0.875000 0.359375
vt 0.890625 0.359375
vt 0.906250 0.359375
vt 0.921875 0.359375
vt 0.937500 0.359375
vt 0.953125 0.359375
vt 0.968750 0.359375
vt 0.984375 0.359375
vt 1.000000 0.359375
vt 0.000000 0.343750
vt 0.015625 0.343750
vt 0.031250 0.343750
vt 0.046875 0.343750
vt 0.062500 0.343750
vt 0.078125 0.343750
vt 0.093750 0.343750
vt 0.109375 0.343750
vt 0.125000 0.343750
vt 0.140625 0.343750
vt 0.156250 0.343750
vt 0.171875 0.343750
vt 0.187500 0.343750
vt 0.203125 0.343750
vt 0.218750 0.343750
vt 0.234375 0.343750
vt 0.250000 0.343750
vt 0.265625 0.343750
vt 0.281250 0.343750
vt 0.296875 0.343750
vt 0.312500 0.343750
vt 0.328125 0.343750
vt 0.343750 0.343750
vt 0.359375 0.343750
vt 0.375000 0.343750
vt 0.390625 0.343750
vt 0.406250 0.343750
vt 0.421875 0.343750
vt 0.437500 0.343750
vt 0.453125 0.343750
vt 0.468750 0.343750
vt 0.484375 0.343750
vt 0.500000 0.343750
vt 0.515625 0.343750
vt 0.531250 0.343750
vt 0.546875 0.343750
vt 0.562500 0.343750
vt 0.578125 0.343750
vt 0.593750 0.343750
vt 0.609375 0.343750
vt 0.625000 0.343750
vt 0.640625 0.343750
vt 0.656250 0.343750
vt 0.671875 0.343750
vt 0.687500 0.343750
vt 0.703125 0.343750
vt 0.718750 0.343750
vt 0.734375 0.343750
vt 0.750000 0.343750
vt 0.765625 0.343750
vt 0.781250 0.343750
vt 0.796875 0.343750
vt 0.812500 0.343750
vt 0.828125 0.343750
vt 0.843750 0.343750
vt 0.859375 0.343750
vt 0.875000 0.343750
vt 0.890625 0.343750
vt 0.906250 0.343750
vt 0.921875 0.343750
vt 0.937500 0.343750
vt 0.953125 0.343750
vt 0.968750 0.343750
vt 0.984375 0.343750
vt 1.000000 0.343750
vt 0.000000 0.328125
vt 0.015625 0.328125
vt 0.031250 0.328125
vt 0.046875 0.328125
vt 0.062500 0.328125
vt 0.078125 0.328125
vt 0.093750 0.328125
vt 0.109375 0.328125
vt 0.125000 0.328125
vt 0.140625 0.328125
vt 0.156250 0.328125
vt 0.171875 0.328125
vt 0.187500 0.328125
vt 0.203125 0.328125
vt 0.218750 0.328125
vt 0.234375 0.328125
vt 0.250000 0.328125
vt 0.265625 0.328125
vt 0.281250 0.328125
vt 0.296875 0.328125
vt 0.312500 0.328125
vt 0.328125 0.328125
vt 0.343750 0.328125
vt 0.359375 0.328125
vt 0.375000 0.328125
vt 0.390625 0.328125
vt 0.406250 0.328125
vt 0.421875 0.328125
vt 0.437500 0.328125
vt 0.453125 0.328125
vt 0.468750 0.328125
vt 0.484375 0.328125
vt 0.500000 0.328125
vt 0.515625 0.328125
vt 0.531250 0.328125
vt 0.546875 0.328125
vt 0.562500 0.328125
vt 0.578125 0.328125
vt 0.593750 0.328125
vt 0.609375 0.328125
vt 0.625000 0.328125
vt 0.640625 0.328125
vt 0.656250 0.328125
vt 0.671875 0.328125
vt 0.687500 0.328125
vt 0.703125 0.328125
vt 0.718750 0.328125
vt 0.734375 0.328125
vt 0.750000 0.328125
vt 0.765625 0.328125
vt 0.781250 0.328125
vt 0.796875 0.328125
vt 0.812500 0.328125
vt 0.828125 0.328125
vt 0.843750 0.328125
vt 0.859375 0.328125
vt 0.875000 0.328125
vt 0.890625 0.328125
vt 0.906250 0.328125
vt 0.921875 0.328125
vt 0.937500 0.328125
vt 0.953125 0.328125
vt 0.968750 0.328125
vt 0.984375 0.328125
vt 1.000000 0.328125
vt 0.000000 0.312500
vt 0.015625 0.312500
vt 0.031250 0.312500
vt 0.046875 0.312500
vt 0.062500 0.312500
vt 0.078125 0.312500
vt 0.093750 0.312500
vt 0.109375 0.312500
vt 0.125000 0.312500
vt 0.140625 0.312500
vt 0.156250 0.312500
vt 0.171875 0.312500
vt 0.187500 0.312500
vt 0.203125 0.312500
vt 0.218750 0.312500
vt 0.234375 0.312500
vt 0.250000 0.312500
vt 0.265625 0.312500
vt 0.281250 0.312500
vt 0.296875 0.312500
vt 0.312500 0.312500
vt 0.328125 0.312500
vt 0.343750 0.312500
vt 0.359375 0.312500
vt 0.375000 0.312500
vt 0.390625 0.312500
vt 0.406250 0.312500
vt 0.421875 0.312500
vt 0.437500 0.312500
vt 0.453125 0.312500
vt 0.468750 0.312500
vt 0.484375 0.312500
vt 0.500000 0.312500
vt 0.515625 0.312500
vt 0.531250 0.312500
vt 0.546875 0.312500
vt 0.562500 0.312500
vt 0.578125 0.312500
vt 0.593750 0.312500
vt 0.609375 0.312500
vt 0.625000 0.312500
vt 0.640625 0.312500
vt 0.656250 0.312500
vt 0.671875 0.312500
vt 0.687500 0.312500
vt 0.703125 0.312500
vt 0.718750 0.312500
vt 0.734375 0.312500
vt 0.750000 0.312500
vt 0.765625 0.312500
vt 0.781250 0.312500
vt 0.796875 0.312500
vt 0.812500 0.312500
vt 0.828125 0.312500
vt 0.843750 0.312500
vt 0.859375 0.312500
vt 0.875000 0.312500
vt 0.890625 0.312500
vt 0.906250 0.312500
vt 0.921875 0.312500
vt 0.937500 0.312500
vt 0.953125 0.312500
vt 0.968750 0.312500
vt 0.984375 0.312500
vt 1.000000 0.312500
vt 0.000000 0.296875
vt 0.015625 0.296875
vt 0.031250 0.296875
vt 0.046875 0.296875
vt 0.062500 0.296875
vt 0.078125 0.296875
vt 0.093750 0.296875
vt 0.109375 0.296875
vt 0.125000 0.296875
vt 0.140625 0.296875
vt 0.156250 0.296875
vt 0.171875 0.296875
vt 0.187500 0.296875
vt 0.203125 0.296875
vt 0.218750 0.296875
vt 0.234375 0.296875
vt 0.250000 0.296875
vt 0.265625 0.296875
vt 0.281250 0.296875
vt 0.296875 0.296875
vt 0.312500 0.296875
vt 0.328125 0.296875
vt 0.343750 0.296875
vt 0.359375 0.296875
vt 0.375000 0.296875
vt 0.390625 0.296875
vt 0.406250 0.296875
vt 0.421875 0.296875
vt 0.437500 0.296875
vt 0.453125 0.296875
vt 0.468750 0.296875
vt 0.484375 0.296875
vt 0.500000 0.296875
vt 0.515625 0.296875
vt 0.531250 0.296875
vt 0.546875 0.296875
vt 0.562500 0.296875
vt 0.578125 0.296875
vt 0.593750 0.296875
vt 0.609375 0.296875
vt 0.625000 0.296875
vt 0.640625 0.296875
vt 0.656250 0.296875
vt 0.671875 0.296875
vt 0.687500 0.296875
vt 0.703125 0.296875
vt 0.718750 0.296875
vt 0.734375 0.296875
vt 0.750000 0.296875
vt 0.765625 0.296875
vt 0.781250 0.296875
vt 0.796875 0.296875
vt 0.812500 0.296875
vt 0.828125 0.296875
vt 0.843750 0.296875
vt 0.859375 0.296875
vt 0.875000 0.296875
vt 0.890625 0.296875
vt 0.906250 0.296875
vt 0.921875 0.296875
vt 0.937500 0.296875
vt 0.953125 0.296875
vt 0.968750 0.296875
vt 0.984375 0.296875
vt 1.000000 0.296875
vt 0.000000 0.281250
vt 0.015625 0.281250
vt 0.031250 0.281250
vt 0.046875 0.281250
vt 0.062500 0.281250
vt 0.078125 0.281250
vt 0.093750 0.281250
vt 0.109375 0.281250
vt 0.125000 0.281250
vt 0.140625 0.281250
vt 0.156250 0.281250
vt 0.171875 0.281250
vt 0.187500 0.281250
vt 0.203125 0.281250
vt 0.218750 0.281250
vt 0.234375 0.281250
vt 0.250000 0.281250
vt 0.265625 0.281250
vt 0.281250 0.281250
vt 0.296875 0.281250
vt 0.312500 0.281250
vt 0.328125 0.281250
vt 0.343750 0.281250
vt 0.359375 0.281250
vt 0.375000 0.281250
vt 0.390625 0.281250
vt 0.406250 0.281250
vt 0.421875 0.281250
vt 0.437500 0.281250
vt 0.453125 0.281250
vt 0.468750 0.281250
vt 0.484375 0.281250
vt 0.500000 0.281250
vt 0.515625 0.281250
vt 0.531250 0.281250
vt 0.546875 0.281250
vt 0.562500 0.281250
vt 0.578125 0.281250
vt 0.593750 0.281250
vt 0.609375 0.281250
vt 0.625000 0.281250
vt 0.640625 0.281250
vt 0.656250 0.281250
vt 0.671875 0.281250
vt 0.687500 0.281250
vt 0.703125 0.281250
vt 0.718750 0.281250
vt 0.734375 0.281250
vt 0.750000 0.281250
vt 0.765625 0.281250
vt 0.781250 0.281250
vt 0.796875 0.281250
vt 0.812500 0.281250
vt 0.828125 0.281250
vt 0.843750 0.281250
vt 0.859375 0.281250
vt 0.875000 0.281250
vt 0.890625 0.281250
vt 0.906250 0.281250
vt 0.921875 0.281250
vt 0.937500 0.281250
vt 0.953125 0.281250
vt 0.968750 0.281250
vt 0.984375 0.281250
vt 1.000000 0.281250
vt 0.000000 0.265625
vt 0.015625 0.265625
vt 0.031250 0.265625
vt 0.046875 0.265625
vt 0.062500 0.265625
vt 0.078125 0.265625
vt 0.093750 0.265625
vt 0.109375 0.265625
vt 0.125000 0.265625
vt 0.140625 0.265625
vt 0.156250 0.265625
vt 0.171875 0.265625
vt 0.187500 0.265625
vt 0.203125 0.265625
vt 0.218750 0.265625
vt 0.234375 0.265625
vt 0.250000 0.265625
vt 0.265625 0.265625
vt 0.281250 0.265625
vt 0.296875 0.265625
vt 0.312500 0.265625
vt 0.328125 0.265625
vt 0.343750 0.265625
vt 0.359375 0.265625
vt 0.375000 0.265625
vt 0.390625 0.265625
vt 0.406250 0.265625
vt 0.421875 0.265625
vt 0.437500 0.265625
vt 0.453125 0.265625
vt 0.468750 0.265625
vt 0.484375 0.265625
vt 0.500000 0.265625
vt 0.515625 0.265625
vt 0.531250 0.265625
vt 0.546875 0.265625
vt 0.562500 0.265625
vt 0.578125 0.265625
vt 0.593750 0.265625
vt 0.609375 0.265625
vt 0.625000 0.265625
vt 0.640625 0.265625
vt 0.656250 0.265625
vt 0.671875 0.265625
vt 0.687500 0.265625
vt 0.703125 0.265625
vt 0.718750 0.265625
vt 0.734375 0.265625
vt 0.750000 0.265625
vt 0.765625 0.265625
vt 0.781250 0.265625
vt 0.796875 0.265625
vt 0.812500 0.265625
vt 0.828125 0.265625
vt 0.843750 0.265625
vt 0.859375 0.265625
vt 0.875000 0.265625
vt 0.890625 0.265625
vt 0.906250 0.265625
vt 0.921875 0.265625
vt 0.937500 0.265625
vt 0.953125 0.265625
vt 0.968750 0.265625
vt 0.984375 0.265625
vt 1.000000 0.265625
vt 0.000000 0.250000
vt 0.015625 0.250000
vt 0.031250 0.250000
vt 0.046875 0.250000
vt 0.062500 0.250000
vt 0.078125 0.250000
vt 0.093750 0.250000
vt 0.109375 0.250000
vt 0.125000 0.250000
vt 0.140625 0.250000
vt 0.156250 0.250000
vt 0.171875 0.250000
vt 0.187500 0.250000
vt 0.203125 0.250000
vt 0.218750 0.250000
vt 0.234375 0.250000
vt 0.250000 0.250000
vt 0.265625 0.250000
vt 0.281250 0.250000
vt 0.296875 0.250000
vt 0.312500 0.250000
vt 0.328125 0.250000
vt 0.343750 0.250000
vt 0.359375 0.250000
vt 0.375000 0.250000
vt 0.390625 0.250000
vt 0.406250 0.250000
vt 0.421875 0.250000
vt 0.437500 0.250000
vt 0.453125 0.250000
vt 0.468750 0.250000
vt 0.484375 0.250000
vt 0.500000 0.250000
vt 0.515625 0.250000
vt 0.531250 0.250000
vt 0.546875 0.250000
vt 0.562500 0.250000
vt 0.578125 0.250000
vt 0.593750 0.250000
vt 0.609375 0.250000
vt 0.625000 0.250000
vt 0.640625 0.250000
vt 0.656250 0.250000
vt 0.671875 0.250000
vt 0.687500 0.250000
vt 0.703125 0.250000
vt 0.718750 0.250000
vt 0.734375 0.250000
vt 0.750000 0.250000
vt 0.765625 0.250000
vt 0.781250 0.250000
vt 0.796875 0.250000
vt 0.812500 0.250000
vt 0.828125 0.250000
vt 0.843750 0.250000
vt 0.859375 0.250000
vt 0.875000 0.250000
vt 0.890625 0.250000
vt 0.906250 0.250000
vt 0.921875 0.250000
vt 0.937500 0.250000
vt 0.953125 0.250000
vt 0.968750 0.250000
vt 0.984375 0.250000
vt 1.000000 0.250000
vt 0.000000 0.234375
vt 0.015625 0.234375
vt 0.031250 0.234375
vt 0.046875 0.234375
vt 0.062500 0.234375
vt 0.078125 0.234375
vt 0.093750 0.234375
vt 0.109375 0.234375
vt 0.125000 0.234375
vt 0.140625 0.234375
vt 0.156250 0.234375
vt 0.171875 0.234375
vt 0.187500 0.234375
vt 0.203125 0.234375
vt 0.218750 0.234375
vt 0.234375 0.234375
vt 0.250000 0.234375
vt 0.265625 0.234375
vt 0.281250 0.234375
vt 0.296875 0.234375
vt 0.312500 0.234375
vt 0.328125 0.234375
vt 0.343750 0.234375
vt 0.359375 0.234375
vt 0.375000 0.234375
vt 0.390625 0.234375
vt 0.406250 0.234375
vt 0.421875 0.234375
vt 0.437500 0.234375
vt 0.453125 0.234375
vt 0.468750 0.234375
vt 0.484375 0.234375
vt 0.500000 0.234375
vt 0.515625 0.234375
vt 0.531250 0.234375
vt 0.546875 0.234375
vt 0.562500 0.234375
vt 0.578125 0.234375
vt 0.593750 0.234375
vt 0.609375 0.234375
vt 0.625000 0.234375
vt 0.640625 0.234375
vt 0.656250 0.234375
vt 0.671875 0.234375
vt 0.687500 0.234375
vt 0.703125 0.234375
vt 0.718750 0.234375
vt 0.734375 0.234375
vt 0.750000 0.234375
vt 0.765625 0.234375
vt 0.781250 0.234375
vt 0.796875 0.234375
vt 0.812500 0.234375
vt 0.828125 0.234375
vt 0.843750 0.234375
vt 0.859375 0.234375
vt 0.875000 0.234375
vt 0.890625 0.234375
vt 0.906250 0.234375
vt 0.921875 0.234375
vt 0.937500 0.234375
vt 0.953125 0.234375
vt 0.968750 0.234375
vt 0.984375 0.234375
vt 1.000000 0.234375
vt 0.000000 0.218750
vt 0.015625 0.218750
vt 0.031250 0.218750
vt 0.046875 0.218750
vt 0.062500 0.218750
vt 0.078125 0.218750
vt 0.093750 0.218750
vt 0.109375 0.218750
vt 0.125000 0.218750
vt 0.140625 0.218750
vt 0.156250 0.218750
vt 0.171875 0.218750
vt 0.187500 0.218750
vt 0.203125 0.218750
vt 0.218750 0.218750
vt 0.234375 0.218750
vt 0.250000 0.218750
vt 0.265625 0.218750
vt 0.281250 0.218750
vt 0.296875 0.218750
vt 0.312500 0.218750
vt 0.328125 0.218750
vt 0.343750 0.218750
vt 0.359375 0.218750
vt 0.375000 0.218750
vt 0.390625 0.218750
vt 0.406250 0.218750
vt 0.421875 0.218750
vt 0.437500 0.218750
vt 0.453125 0.218750
vt 0.468750 0.218750
vt 0.484375 0.218750
vt 0.500000 0.218750
vt 0.515625 0.218750
vt 0.531250 0.218750
vt 0.546875 0.218750
vt 0.562500 0.218750
vt 0.578125 0.218750
vt 0.593750 0.218750
vt 0.609375 0.218750
vt 0.625000 0.218750
vt 0.640625 0.218750
vt 0.656250 0.218750
vt 0.671875 0.218750
vt 0.687500 0.218750
vt 0.703125 0.218750
vt 0.718750 0.218750
vt 0.734375 0.218750
vt 0.750000 0.218750
vt 0.765625 0.218750
vt 0.781250 0.218750
vt 0.796875 0.218750
vt 0.812500 0.218750
vt 0.828125 0.218750
vt 0.843750 0.218750
vt 0.859375 0.218750
vt 0.875000 0.218750
vt 0.890625 0.218750
vt 0.906250 0.218750
vt 0.921875 0.218750
vt 0.937500 0.218750
vt 0.953125 0.218750
vt 0.968750 0.218750
vt 0.984375 0.218750
vt 1.000000 0.218750
vt 0.000000 0.203125
vt 0.015625 0.203125
vt 0.031250 0.203125
vt 0.046875 0.203125
vt 0.062500 0.203125
vt 0.078125 0.203125
vt 0.093750 0.203125
vt 0.109375 0.203125
vt 0.125000 0.203125
vt 0.140625 0.203125
vt 0.156250 0.203125
vt 0.171875 0.203125
vt 0.187500 0.203125
vt 0.203125 0.203125
vt 0.218750 0.203125
vt 0.234375 0.203125
vt 0.250000 0.203125
vt 0.265625 0.203125
vt 0.281250 0.203125
vt 0.296875 0.203125
vt 0.312500 0.203125
vt 0.328125 0.203125
vt 0.343750 0.203125
vt 0.359375 0.203125
vt 0.375000 0.203125
vt 0.390625 0.203125
vt 0.406250 0.203125
vt 0.421875 0.203125
vt 0.437500 0.203125
vt 0.453125 0.203125
vt 0.468750 0.203125
vt 0.484375 0.203125
vt 0.500000 0.203125
vt 0.515625 0.203125
vt 0.531250 0.203125
vt 0.546875 0.203125
vt 0.562500 0.203125
vt 0.578125 0.203125
vt 0.593750 0.203125
vt 0.609375 0.203125
vt 0.625000 0.203125
vt 0.640625 0.203125
vt 0.656250 0.203125
vt 0.671875 0.203125
vt 0.687500 0.203125
vt 0.703125 0.203125
vt 0.718750 0.203125
vt 0.734375 0.203125
vt 0.750000 0.203125
vt 0.765625 0.203125
vt 0.781250 0.203125
vt 0.796875 0.203125
vt 0.812500 0.203125
vt 0.828125 0.203125
vt 0.843750 0.203125
vt 0.859375 0.203125
vt 0.875000 0.203125
vt 0.890625 0.203125
vt 0.906250 0.203125
vt 0.921875 0.203125
vt 0.937500 0.203125
vt 0.953125 0.203125
vt 0.968750 0.203125
vt 0.984375 0.203125
vt 1.000000 0.203125
vt 0.000000 0.187500
vt 0.015625 0.187500
vt 0.031250 0.187500
vt 0.046875 0.187500
vt 0.062500 0.187500
vt 0.078125 0.187500
vt 0.093750 0.187500
vt 0.109375 0.187500
vt 0.125000 0.187500
vt 0.140625 0.187500
vt 0.156250 0.187500
vt 0.171875 0.187500
vt 0.187500 0.187500
vt 0.203125 0.187500
vt 0.218750 0.187500
vt 0.234375 0.187500
vt 0.250000 0.187500
vt 0.265625 0.187500
vt 0.281250 0.187500
vt 0.296875 0.187500
vt 0.312500 0.187500
vt 0.328125 0.187500
vt 0.343750 0.187500
vt 0.359375 0.187500
vt 0.375000 0.187500
vt 0.390625 0.187500
vt 0.406250 0.187500
vt 0.421875 0.187500
vt 0.437500 0.187500
vt 0.453125 0.187500
vt 0.468750 0.187500
vt 0.484375 0.187500
vt 0.500000 0.187500
vt 0.515625 0.187500
vt 0.531250 0.187500
vt 0.546875 0.187500
vt 0.562500 0.187500
vt 0.578125 0.187500
vt 0.593750 0.187500
vt 0.609375 0.187500
vt 0.625000 0.187500
vt 0.640625 0.187500
vt 0.656250 0.187500
vt 0.671875 0.187500
vt 0.687500 0.187500
vt 0.703125 0.187500
vt 0.718750 0.187500
vt 0.734375 0.187500
vt 0.750000 0.187500
vt 0.765625 0.187500
vt 0.781250 0.187500
vt 0.796875 0.187500
vt 0.812500 0.187500
vt 0.828125 0.187500
vt 0.843750 0.187500
vt 0.859375 0.187500
vt 0.875000 0.187500
vt 0.890625 0.187500
vt 0.906250 0.187500
vt 0.921875 0.187500
vt 0.937500 0.187500
vt 0.953125 0.187500
vt 0.968750 0.187500
vt 0.984375 0.187500
vt 1.000000 0.187500
vt 0.000000 0.171875
vt 0.015625 0.171875
vt 0.031250 0.171875
vt 0.046875 0.171875
vt 0.062500 0.171875
vt 0.078125 0.171875
vt 0.093750 0.171875
vt 0.109375 0.171875
vt 0.125000 0.171875
vt 0.140625 0.171875
vt 0.156250 0.171875
vt 0.171875 0.171875
vt 0.187500 0.171875
vt 0.203125 0.171875
vt 0.218750 0.171875
vt 0.234375 0.171875
vt 0.250000 0.171875
vt 0.265625 0.171875
vt 0.281250 0.171875
vt 0.296875 0.171875
vt 0.312500 0.171875
vt 0.328125 0.171875
vt 0.343750 0.171875
vt 0.359375 0.171875
vt 0.375000 0.171875
vt 0.390625 0.171875
vt 0.406250 0.171875
vt 0.421875 0.171875
vt 0.437500 0.171875
vt 0.453125 0.171875
vt 0.468750 0.171875
vt 0.484375 0.171875
vt 0.500000 0.171875
vt 0.515625 0.171875
vt 0.531250 0.171875
vt 0.546875 0.171875
vt 0.562500 0.171875
vt 0.578125 0.171875
vt 0.593750 0.171875
vt 0.609375 0.171875
vt 0.625000 0.171875
vt 0.640625 0.171875
vt 0.656250 0.171875
vt 0.671875 0.171875
vt 0.687500 0.171875
vt 0.703125 0.171875
vt 0.718750 0.171875
vt 0.734375 0.171875
vt 0.750000 0.171875
vt 0.765625 0.171875
vt 0.781250 0.171875
vt 0.796875 0.171875
vt 0.812500 0.171875
vt 0.828125 0.171875
vt 0.843750 0.171875
vt 0.859375 0.171875
vt 0.875000 0.171875
vt 0.890625 0.171875
vt 0.906250 0.171875
vt 0.921875 0.171875
vt 0.937500 0.171875
vt 0.953125 0.171875
vt 0.968750 0.171875
vt 0.984375 0.171875
vt 1.000000 0.171875
vt 0.000000 0.156250
vt 0.015625 0.156250
vt 0.031250 0.156250
vt 0.046875 0.156250
vt 0.062500 0.156250
vt 0.078125 0.156250
vt 0.093750 0.156250
vt 0.109375 0.156250
vt 0.125000 0.156250
vt 0.140625 0.156250
vt 0.156250 0.156250
vt 0.171875 0.156250
vt 0.187500 0.156250
vt 0.203125 0.156250
vt 0.218750 0.156250
vt 0.234375 0.156250
vt 0.250000 0.156250
vt 0.265625 0.156250
vt 0.281250 0.156250
vt 0.296875 0.156250
vt 0.312500 0.156250
vt 0.328125 0.156250
vt 0.343750 0.156250
vt 0.359375 0.156250
vt 0.375000 0.156250
vt 0.390625 0.156250
vt 0.406250 0.156250
vt 0.421875 0.156250
vt 0.437500 0.156250
vt 0.453125 0.156250
vt 0.468750 0.156250
vt 0.484375 0.156250
vt 0.500000 0.156250
vt 0.515625 0.156250
vt 0.531250 0.156250
vt 0.546875 0.156250
vt 0.562500 0.156250
vt 0.578125 0.156250
vt 0.593750 0.156250
vt 0.609375 0.156250
vt 0.625000 0.156250
vt 0.640625 0.156250
vt 0.656250 0.156250
vt 0.671875 0.156250
vt 0.687500 0.156250
vt 0.703125 0.156250
vt 0.718750 0.156250
vt 0.734375 0.156250
vt 0.750000 0.156250
vt 0.765625 0.156250
vt 0.781250 0.156250
vt 0.796875 0.156250
vt 0.812500 0.156250
vt 0.828125 0.156250
vt 0.843750 0.156250
vt 0.859375 0.156250
vt 0.875000 0.156250
vt 0.890625 0.156250
vt 0.906250 0.156250
vt 0.921875 0.156250
vt 0.937500 0.156250
vt 0.953125 0.156250
vt 0.968750 0.156250
vt 0.984375 0.156250
vt 1.000000 0.156250
vt 0.000000 0.140625
vt 0.015625 0.140625
vt 0.031250 0.140625
vt 0.046875 0.140625
vt 0.062500 0.140625
vt 0.078125 0.140625
vt 0.093750 0.140625
vt 0.109375 0.140625
vt 0.125000 0.140625
vt 0.140625 0.140625
vt 0.156250 0.140625
vt 0.171875 0.140625
vt 0.187500 0.140625
vt 0.203125 0.140625
vt 0.218750 0.140625
vt 0.234375 0.140625
vt 0.250000 0.140625
vt 0.265625 0.140625
vt 0.281250 0.140625
vt 0.296875 0.140625
vt 0.312500 0.140625
vt 0.328125 0.140625
vt 0.343750 0.140625
vt 0.359375 0.140625
vt 0.375000 0.140625
vt 0.390625 0.140625
vt 0.406250 0.140625
vt 0.421875 0.140625
vt 0.437500 0.140625
vt 0.453125 0.140625
vt 0.468750 0.140625
vt 0.484375 0.140625
vt 0.500000 0.140625
vt 0.515625 0.140625
vt 0.531250 0.140625
vt 0.546875 0.140625
vt 0.562500 0.140625
vt 0.578125 0.140625
vt 0.593750 0.140625
vt 0.609375 0.140625
vt 0.625000 0.140625
vt 0.640625 0.140625
vt 0.656250 0.140625
vt 0.671875 0.140625
vt 0.687500 0.140625
vt 0.703125 0.140625
vt 0.718750 0.140625
vt 0.734375 0.140625
vt 0.750000 0.140625
vt 0.765625 0.140625
vt 0.781250 0.140625
vt 0.796875 0.140625
vt 0.812500 0.140625
vt 0.828125 0.140625
vt 0.843750 0.140625
vt 0.859375 0.140625
vt 0.875000 0.140625
vt 0.890625 0.140625
vt 0.906250 0.140625
vt 0.921875 0.140625
vt 0.937500 0.140625
vt 0.953125 0.140625
vt 0.968750 0.140625
vt 0.984375 0.140625
vt 1.000000 0.140625
vt 0.000000 0.125000
vt 0.015625 0.125000
vt 0.031250 0.125000
vt 0.046875 0.125000
vt 0.062500 0.125000
vt 0.078125 0.125000
vt 0.093750 0.125000
vt 0.109375 0.125000
vt 0.125000 0.125000
vt 0.140625 0.125000
vt 0.156250 0.125000
vt 0.171875 0.125000
vt 0.187500 0.125000
vt 0.203125 0.125000
vt 0.218750 0.125000
vt 0.234375 0.125000
vt 0.250000 0.125000
vt 0.265625 0.125000
vt 0.281250 0.125000
vt 0.296875 0.125000
vt 0.312500 0.125000
vt 0.328125 0.125000
vt 0.343750 0.125000
vt 0.359375 0.125000
vt 0.375000 0.125000
vt 0.390625 0.125000
vt 0.406250 0.125000
vt 0.421875 0.125000
vt 0.437500 0.125000
vt 0.453125 0.125000
vt 0.468750 0.125000
vt 0.484375 0.125000
vt 0.500000 0.125000
vt 0.515625 0.125000
vt 0.531250 0.125000
vt 0.546875 0.125000
vt 0.562500 0.125000
vt 0.578125 0.125000
vt 0.593750 0.125000
vt 0.609375 0.125000
vt 0.625000 0.125000
vt 0.640625 0.125000
vt 0.656250 0.125000
vt 0.671875 0.125000
vt 0.687500 0.125000
vt 0.703125 0.125000
vt 0.718750 0.125000
vt 0.734375 0.125000
vt 0.750000 0.125000
vt 0.765625 0.125000
vt 0.781250 0.125000
vt 0.796875 0.125000
vt 0.812500 0.125000
vt 0.828125 0.125000
vt 0.843750 0.125000
vt 0.859375 0.125000
vt 0.875000 0.125000
vt 0.890625 0.125000
vt 0.906250 0.125000
vt 0.921875 0.125000
vt 0.937500 0.125000
vt 0.953125 0.125000
vt 0.968750 0.125000
vt 0.984375 0.125000
vt 1.000000 0.125000
vt 0.000000 0.109375
vt 0.015625 0.109375
vt 0.031250 0.109375
vt 0.046875 0.109375
vt 0.062500 0.109375
vt 0.078125 0.109375
vt 0.093750 0.109375
vt 0.109375 0.109375
vt 0.125000 0.109375
vt 0.140625 0.109375
vt 0.156250 0.109375
vt 0.171875 0.109375
vt 0.187500 0.109375
vt 0.203125 0.109375
vt 0.218750 0.109375
vt 0.234375 0.109375
vt 0.250000 0.109375
vt 0.265625 0.109375
vt 0.281250 0.109375
vt 0.296875 0.109375
vt 0.312500 0.109375
vt 0.328125 0.109375
vt 0.343750 0.109375
vt 0.359375 0.109375
vt 0.375000 0.109375
vt 0.390625 0.109375
vt 0.406250 0.109375
vt 0.421875 0.109375
vt 0.437500 0.109375
vt 0.453125 0.109375
vt 0.468750 0.109375
vt 0.484375 0.109375
vt 0.500000 0.109375
vt 0.515625 0.109375
vt 0.531250 0.109375
vt 0.546875 0.109375
vt 0.562500 0.109375
vt 0.578125 0.109375
vt 0.593750 0.109375
vt 0.609375 0.109375
vt 0.625000 0.109375
vt 0.640625 0.109375
vt 0.656250 0.109375
vt 0.671875 0.109375
vt 0.687500 0.109375
vt 0.703125 0.109375
vt 0.718750 0.109375
vt 0.734375 0.109375
vt 0.750000 0.109375
vt 0.765625 0.109375
vt 0.781250 0.109375
vt 0.796875 0.109375
vt 0.812500 0.109375
vt 0.828125 0.109375
vt 0.843750 0.109375
vt 0.859375 0.109375
vt 0.875000 0.109375
vt 0.890625 0.109375
vt 0.906250 0.109375
vt 0.921875 0.109375
vt 0.937500 0.109375
vt 0.953125 0.109375
vt 0.968750 0.109375
vt 0.984375 0.109375
vt 1.000000 0.109375
vt 0.000000 0.093750
vt 0.015625 0.093750
vt 0.031250 0.093750
vt 0.046875 0.093750
vt 0.062500 0.093750
vt 0.078125 0.093750
vt 0.093750 0.093750
vt 0.109375 0.093750
vt 0.125000 0.093750
vt 0.140625 0.093750
vt 0.156250 0.093750
vt 0.171875 0.093750
vt 0.187500 0.093750
vt 0.203125 0.093750
vt 0.218750 0.093750
vt 0.234375 0.093750
vt 0.250000 0.093750
vt 0.265625 0.093750
vt 0.281250 0.093750
vt 0.296875 0.093750
vt 0.312500 0.093750
vt 0.328125 0.093750
vt 0.343750 0.093750
vt 0.359375 0.093750
vt 0.375000 0.093750
vt 0.390625 0.093750
vt 0.406250 0.093750
vt 0.421875 0.093750
vt 0.437500 0.093750
vt 0.453125 0.093750
vt 0.468750 0.093750
vt 0.484375 0.093750
vt 0.500000 0.093750
vt 0.515625 0.093750
vt 0.531250 0.093750
vt 0.546875 0.093750
vt 0.562500 0.093750
vt 0.578125 0.093750
vt 0.593750 0.093750
vt 0.609375 0.093750
vt 0.625000 0.093750
vt 0.640625 0.093750
vt 0.656250 0.093750
vt 0.671875 0.093750
vt 0.687500 0.093750
vt 0.703125 0.093750
vt 0.718750 0.093750
vt 0.734375 0.093750
vt 0.750000 0.093750
vt 0.765625 0.093750
vt 0.781250 0.093750
vt 0.796875 0.093750
vt 0.812500 0.093750
vt 0.828125 0.093750
vt 0.843750 0.093750
vt 0.859375 0.093750
vt 0.875000 0.093750
vt 0.890625 0.093750
vt 0.906250 0.093750
vt 0.921875 0.093750
vt 0.937500 0.093750
vt 0.953125 0.093750
vt 0.968750 0.093750
vt 0.984375 0.093750
vt 1.000000 0.093750
vt 0.000000 0.078125
vt 0.015625 0.078125
vt 0.031250 0.078125
vt 0.046875 0.078125
vt 0.062500 0.078125
vt 0.078125 0.078125
vt 0.093750 0.078125
vt 0.109375 0.078125
vt 0.125000 0.078125
vt 0.140625 0.078125
vt 0.156250 0.078125
vt 0.171875 0.078125
vt 0.187500 0.078125
vt 0.203125 0.078125
vt 0.218750 0.078125
vt 0.234375 0.078125
vt 0.250000 0.078125
vt 0.265625 0.078125
vt 0.281250 0.078125
vt 0.296875 0.078125
vt 0.312500 0.078125
vt 0.328125 0.078125
vt 0.343750 0.078125
vt 0.359375 0.078125
vt 0.375000 0.078125
vt 0.390625 0.078125
vt 0.406250 0.078125
vt 0.421875 0.078125
vt 0.437500 0.078125
vt 0.453125 0.078125
vt 0.468750 0.078125
vt 0.484375 0.078125
vt 0.500000 0.078125
vt 0.515625 0.078125
vt 0.531250 0.078125
vt 0.546875 0.078125
vt 0.562500 0.078125
vt 0.578125 0.078125
vt 0.593750 0.078125
vt 0.609375 0.078125
vt 0.625000 0.078125
vt 0.640625 0.078125
vt 0.656250 0.078125
vt 0.671875 0.078125
vt 0.687500 0.078125
vt 0.703125 0.078125
vt 0.718750 0.078125
vt 0.734375 0.078125
vt 0.750000 0.078125
vt 0.765625 0.078125
vt 0.781250 0.078125
vt 0.796875 0.078125
vt 0.812500 0.078125
vt 0.828125 0.078125
vt 0.843750 0.078125
vt 0.859375 0.078125
vt 0.875000 0.078125
vt 0.890625 0.078125
vt 0.906250 0.078125
vt 0.921875 0.078125
vt 0.937500 0.078125
vt 0.953125 0.078125
vt 0.968750 0.078125
vt 0.984375 0.078125
vt 1.000000 0.078125
vt 0.000000 0.062500
vt 0.015625 0.062500
vt 0.031250 0.062500
vt 0.046875 0.062500
vt 0.062500 0.062500
vt 0.078125 0.062500
vt 0.093750 0.062500
vt 0.109375 0.062500
vt 0.125000 0.062500
vt 0.140625 0.062500
vt 0.156250 0.062500
vt 0.171875 0.062500
vt 0.187500 0.062500
vt 0.203125 0.062500
vt 0.218750 0.062500
vt 0.234375 0.062500
vt 0.250000 0.062500
vt 0.265625 0.062500
vt 0.281250 0.062500
vt 0.296875 0.062500
vt 0.312500 0.062500
vt 0.328125 0.062500
vt 0.343750 0.062500
vt 0.359375 0.062500
vt 0.375000 0.062500
vt 0.390625 0.062500
vt 0.406250 0.062500
vt 0.421875 0.062500
vt 0.437500 0.062500
vt 0.453125 0.062500
vt 0.468750 0.062500
vt 0.484375 0.062500
vt 0.500000 0.062500
vt 0.515625 0.062500
vt 0.531250 0.062500
vt 0.546875 0.062500
vt 0.562500 0.062500
vt 0.578125 0.062500
vt 0.593750 0.062500
vt 0.609375 0.062500
vt 0.625000 0.062500
vt 0.640625 0.062500
vt 0.656250 0.062500
vt 0.671875 0.062500
vt 0.687500 0.062500
vt 0.703125 0.062500
vt 0.718750 0.062500
vt 0.734375 0.062500
vt 0.750000 0.062500
vt 0.765625 0.062500
vt 0.781250 0.062500
vt 0.796875 0.062500
vt 0.812500 0.062500
vt 0.828125 0.062500
vt 0.843750 0.062500
vt 0.859375 0.062500
vt 0.875000 0.062500
vt 0.890625 0.062500
vt 0.906250 0.062500
vt 0.921875 0.062500
vt 0.937500 0.062500
vt 0.953125 0.062500
vt 0.968750 0.062500
vt 0.984375 0.062500
vt 1.000000 0.062500
vt 0.000000 0.046875
vt 0.015625 0.046875
vt 0.031250 0.046875
vt 0.046875 0.046875
vt 0.062500 0.046875
vt 0.078125 0.046875
vt 0.093750 0.046875
vt 0.109375 0.046875
vt 0.125000 0.046875
vt 0.140625 0.046875
vt 0.156250 0.046875
vt 0.171875 0.046875
vt 0.187500 0.046875
vt 0.203125 0.046875
vt 0.218750 0.046875
vt 0.234375 0.046875
vt 0.250000 0.046875
vt 0.265625 0.046875
vt 0.281250 0.046875
vt 0.296875 0.046875
vt 0.312500 0.046875
vt 0.328125 0.046875
vt 0.343750 0.046875
vt 0.359375 0.046875
vt 0.375000 0.046875
vt 0.390625 0.046875
vt 0.406250 0.046875
vt 0.421875 0.046875
vt 0.437500 0.046875
vt 0.453125 0.046875
vt 0.468750 0.046875
vt 0.484375 0.046875
vt 0.500000 0.046875
vt 0.515625 0.046875
vt 0.531250 0.046875
vt 0.546875 0.046875
vt 0.562500 0.046875
vt 0.578125 0.046875
vt 0.593750 0.046875
vt 0.609375 0.046875
vt 0.625000 0.046875
vt 0.640625 0.046875
vt 0.656250 0.046875
vt 0.671875 0.046875
vt 0.687500 0.046875
vt 0.703125 0.046875
vt 0.718750 0.046875
vt 0.734375 0.046875
vt 0.750000 0.046875
vt 0.765625 0.046875
vt 0.781250 0.046875
vt 0.796875 0.046875
vt 0.812500 0.046875
vt 0.828125 0.046875
vt 0.843750 0.046875
vt 0.859375 0.046875
vt 0.875000 0.046875
vt 0.890625 0.046875
vt 0.906250 0.046875
vt 0.921875 0.046875
vt 0.937500 0.046875
vt 0.953125 0.046875
vt 0.968750 0.046875
vt 0.984375 0.046875
vt 1.000000 0.046875
vt 0.000000 0.031250
vt 0.015625 0.031250
vt 0.031250 0.031250
vt 0.046875 0.031250
vt 0.062500 0.031250
vt 0.078125 0.031250
vt 0.093750 0.031250
vt 0.109375 0.031250
vt 0.125000 0.031250
vt 0.140625 0.031250
vt 0.156250 0.031250
vt 0.171875 0.031250
vt 0.187500 0.031250
vt 0.203125 0.031250
vt 0.218750 0.031250
vt 0.234375 0.031250
vt 0.250000 0.031250
vt 0.265625 0.031250
vt 0.281250 0.031250
vt 0.296875 0.031250
vt 0.312500 0.031250
vt 0.328125 0.031250
vt 0.343750 0.031250
vt 0.359375 0.031250
vt 0.375000 0.031250
vt 0.390625 0.031250
vt 0.406250 0.031250
vt 0.421875 0.031250
vt 0.437500 0.031250
vt 0.453125 0.031250
vt 0.468750 0.031250
vt 0.484375 0.031250
vt 0.500000 0.031250
vt 0.515625 0.031250
vt 0.531250 0.031250
vt 0.546875 0.031250
vt 0.562500 0.031250
vt 0.578125 0.031250
vt 0.593750 0.031250
vt 0.609375 0.031250
vt 0.625000 0.031250
vt 0.640625 0.031250
vt 0.656250 0.031250
vt 0.671875 0.031250
vt 0.687500 0.031250
vt 0.703125 0.031250
vt 0.718750 0.031250
vt 0.734375 0.031250
vt 0.750000 0.031250
vt 0.765625 0.031250
vt 0.781250 0.031250
vt 0.796875 0.031250
vt 0.812500 0.031250
vt 0.828125 0.031250
vt 0.843750 0.031250
vt 0.859375 0.031250
vt 0.875000 0.031250
vt 0.890625 0.031250
vt 0.906250 0.031250
vt 0.921875 0.031250
vt 0.937500 0.031250
vt 0.953125 0.031250
vt 0.968750 0.031250
vt 0.984375 0.031250
vt 1.000000 0.031250
vt 0.000000 0.015625
vt 0.015625 0.015625
vt 0.031250 0.015625
vt 0.046875 0.015625
vt 0.062500 0.015625
vt 0.078125 0.015625
vt 0.093750 0.015625
vt 0.109375 0.015625
vt 0.125000 0.015625
vt 0.140625 0.015625
vt 0.156250 0.015625
vt 0.171875 0.015625
vt 0.187500 0.015625
vt 0.203125 0.015625
vt 0.218750 0.015625
vt 0.234375 0.015625
vt 0.250000 0.015625
vt 0.265625 0.015625
vt 0.281250 0.015625
vt 0.296875 0.015625
vt 0.312500 0.015625
vt 0.328125 0.015625
vt 0.343750 0.015625
vt 0.359375 0.015625
vt 0.375000 0.015625
vt 0.390625 0.015625
vt 0.406250 0.015625
vt 0.421875 0.015625
vt 0.437500 0.015625
vt 0.453125 0.015625
vt 0.468750 0.015625
vt 0.484375 0.015625
vt 0.500000 0.015625
vt 0.515625 0.015625
vt 0.531250 0.015625
vt 0.546875 0.015625
vt 0.562500 0.015625
vt 0.578125 0.015625
vt 0.593750 0.015625
vt 0.609375 0.015625
vt 0.625000 0.015625
vt 0.640625 0.015625
vt 0.656250 0.015625
vt 0.671875 0.015625
vt 0.687500 0.015625
vt 0.703125 0.015625
vt 0.718750 0.015625
vt 0.734375 0.015625
vt 0.750000 0.015625
vt 0.765625 0.015625
vt 0.781250 0.015625
vt 0.796875 0.015625
vt 0.812500 0.015625
vt 0.828125 0.015625
vt 0.843750 0.015625
vt 0.859375 0.015625
vt 0.875000 0.015625
vt 0.890625 0.015625
vt 0.906250 0.015625
vt 0.921875 0.015625
vt 0.937500 0.015625
vt 0.953125 0.015625
vt 0.968750 0.015625
vt 0.984375 0.015625
vt 1.000000 0.015625
vt 0.000000 0.000000
vt 0.015625 0.000000
vt 0.031250 0.000000
vt 0.046875 0.000000
vt 0.062500 0.000000
vt 0.078125 0.000000
vt 0.093750 0.000000
vt 0.109375 0.000000
vt 0.125000 0.000000
vt 0.140625 0.000000
vt 0.156250 0.000000
vt 0.171875 0.000000
vt 0.187500 0.000000
vt 0.203125 0.000000
vt 0.218750 0.000000
vt 0.234375 0.000000
vt 0.250000 0.000000
vt 0.265625 0.000000
vt 0.281250 0.000000
vt 0.296875 0.000000
vt 0.312500 0.000000
vt 0.328125 0.000000
vt 0.343750 0.000000
vt 0.359375 0.000000
vt 0.375000 0.000000
vt 0.390625 0.000000
vt 0.406250 0.000000
vt 0.421875 0.000000
vt 0.437500 0.000000
vt 0.453125 0.000000
vt 0.468750 0.000000
vt 0.484375 0.000000
vt 0.500000 0.000000
vt 0.515625 0.000000
vt 0.531250 0.000000
vt 0.546875 0.000000
vt 0.562500 0.000000
vt 0.578125 0.000000
vt 0.593750 0.000000
vt 0.609375 0.000000
vt 0.625000 0.000000
vt 0.640625 0.000000
vt 0.656250 0.000000
vt 0.671875 0.000000
vt 0.687500 0.000000
vt 0.703125 0.000000
vt 0.718750 0.000000
vt 0.734375 0.000000
vt 0.750000 0.000000
vt 0.765625 0.000000
vt 0.781250 0.000000
vt 0.796875 0.000000
vt 0.812500 0.000000
vt 0.828125 0.000000
vt 0.843750 0.000000
vt 0.859375 0.000000
vt 0.875000 0.000000
vt 0.890625 0.000000
vt 0.906250 0.000000
vt 0.921875 0.000000
vt 0.937500 0.000000
vt 0.953125 0.000000
vt 0.968750 0.000000
vt 0.984375 0.000000
vt 1.000000 0.000000

vn 0.000000 0.000000 1.000000
vn 0.000000 0.000000 1.000000
vn 0.000000 0.000000 1.000000
vn 0.000000 0.000000 1.000000
vn 0.000000 0.000000 1.000000
vn 0.000000 0.000000 1.000000
vn 0.000000 0.000000 1.000000
vn 0.000000 0.000000 1.000000
vn 0.000000 0.000000 1.000000
vn 0.000000 0.000000 1.000000
vn 0.000000 0.000000 1.000000
vn 0.000000 0.000000 1.000000
vn 0.037246 0.000000 0.999306
vn 0.059060 0.000000 0.998254
vn 0.061326 0.000000 0.998118
vn 0.054201 0.000000 0.998530
vn 0.033591 0.000000 0.999436
vn 0.020910 0.000000 0.999781
vn 0.013264 0.000000 0.999912
vn 0.002686 0.000000 0.999996
vn 0.001058 0.000000 0.999999
vn 0.006429 0.000000 0.999979
vn 0.007568 0.000000 0.999971
vn 0.006103 0.000000 0.999981
vn 0.001058 0.000000 0.999999
vn -0.005778 0.000000 0.999983
vn -0.007080 0.000000 0.999975
vn 0.000570 0.000000 1.000000
vn 0.008056 0.000000 0.999968
vn 0.015867 0.000000 0.999874
vn 0.024976 0.000000 0.999688
vn 0.024163 0.000000 0.999708
vn 0.017982 0.000000 0.999838
vn 0.025301 0.000000 0.999680
vn 0.033591 0.000000 0.999436
vn 0.037327 0.000000 0.999303
vn 0.040900 0.000000 0.999163
vn 0.042199 0.000000 0.999109
vn 0.037327 0.000000 0.999303
vn 0.033591 0.000000 0.999436
vn 0.044309 0.000000 0.999018
vn 0.062621 0.000000 0.998037
vn 0.068281 0.000000 0.997666
vn 0.064401 0.000000 0.997924
vn 0.062297 0.000000 0.998058
vn 0.059870 0.000000 0.998206
vn 0.065856 0.000000 0.997829
vn 0.094545 0.000000 0.995521
vn 0.129356 0.000000 0.991598
vn 0.135379 0.000000 0.990794
vn 0.136646 0.000000 0.990620
vn 0.046580 0.000000 0.998915
vn 0.000000 0.000000 1.000000
vn 0.000000 0.000000 1.000000
vn 0.000000 0.000000 1.000000
vn 0.000000 0.000000 1.000000
vn 0.000000 0.000000 1.000000
vn 0.000000 0.000000 1.000000
vn 0.000000 0.000000 1.000000
vn 0.000000 0.000000 1.000000
vn 0.000000 0.000000 1.000000
vn 0.000000 0.000000 1.000000
vn 0.000000 0.000000 1.000000
vn 0.000000 0.000000 1.000000
vn 0.000000 0.000000 1.000000
vn 0.000000 0.000000 1.000000
vn 0.000000 0.000000 1.000000
vn 0.000000 0.000000 1.000000
vn 0.000000 0.000000 1.000000
vn 0.000000 0.000000 1.000000
vn 0.000000 0.000000 1.000000
vn 0.000000 0.000000 1.000000
vn 0.000000 0.000000 1.000000
vn 0.000000 0.000000 1.000000
vn 0.000000 0.000000 1.000000
vn 0.000000 0.000000 1.000000
vn 0.000000 0.000000 1.000000
vn 0.027943 0.000000 0.999610
vn 0.058251 0.000000 0.998302
vn 0.061165 0.000000 0.998128
vn 0.056064 0.000000 0.998427
vn 0.037815 0.000000 0.999285
vn 0.021967 0.000000 0.999759
vn 0.014647 0.000000 0.999893
vn 0.004639 0.000000 0.999989
vn 0.000488 0.000000 1.000000
vn 0.005371 0.000000 0.999986
vn 0.007812 0.000000 0.999969
vn 0.006348 0.000000 0.999980
vn 0.002197 0.000000 0.999998
vn -0.004639 0.000000 0.999989
vn -0.007324 0.000000 0.999973
vn -0.001221 0.000000 0.999999
vn 0.007080 0.000000 0.999975
vn 0.014403 0.000000 0.999896
vn 0.023431 0.000000 0.999725
vn 0.025139 0.000000 0.999684
vn 0.019040 0.000000 0.999819
vn 0.022943 0.000000 0.999737
vn 0.032697 0.000000 0.999465
vn 0.036840 0.000000 0.999321
vn 0.040251 0.000000 0.999190
vn 0.042199 0.000000 0.999109
vn 0.038546 0.000000 0.999257
vn 0.033916 0.000000 0.999425
vn 0.041468 0.000000 0.999140
vn 0.059465 0.000000 0.998230
vn 0.068443 0.000000 0.997655
vn 0.065290 0.000000 0.997866
vn 0.062378 0.000000 0.998053
vn 0.060436 0.000000 0.998172
vn 0.064077 0.000000 0.997945
vn 0.088277 0.000000 0.996096
vn 0.123796 0.000000 0.992308
vn 0.136646 0.000000 0.990620
vn 0.135696 0.000000 0.990751
vn 0.069776 0.000000 0.997563
vn 0.000000 0.000000 1.000000
vn 0.000000 0.000000 1.000000
vn 0.000000 0.000000 1.000000
vn 0.000000 0.000000 1.000000
vn 0.000000 0.000000 1.000000
vn 0.000000 0.000000 1.000000
vn 0.000000 0.000000 1.000000
vn 0.000000 0.000000 1.000000
vn 0.000000 0.000000 1.000000
vn 0.000000 0.000000 1.000000
vn 0.000000 0.000000 1.000000
vn 0.000000 0.000000 1.000000
vn 0.000000 0.000000 1.000000
vn 0.000000 0.000000 1.000000
vn 0.000000 0.000000 1.000000
vn 0.000000 0.000000 1.000000
vn 0.000000 0.000000 1.000000
vn 0.000000 0.000000 1.000000
vn 0.000000 0.000000 1.000000
vn 0.000000 0.000000 1.000000
vn 0.000000 0.000000 1.000000
vn 0.000000 0.000000 1.000000
vn 0.000000 0.000000 1.000000
vn 0.000000 0.000000 1.000000
vn 0.000000 0.000000 1.000000
vn 0.027943 0.000000 0.999610
vn 0.058251 0.000000 0.998302
vn 0.061165 0.000000 0.998128
vn 0.056064 0.000000 0.998427
vn 0.037815 0.000000 0.999285
vn 0.021967 0.000000 0.999759
vn 0.014647 0.000000 0.999893
vn 0.004639 0.000000 0.999989
vn 0.000488 0.000000 1.000000
vn 0.005371 0.000000 0.999986
vn 0.007812 0.000000 0.999969
vn 0.006348 0.000000 0.999980
vn 0.002197 0.000000 0.999998
vn -0.004639 0.000000 0.999989
vn -0.007324 0.000000 0.999973
vn -0.001221 0.000000 0.999999
vn 0.007080 0.000000 0.999975
vn 0.014403 0.000000 0.999896
vn 0.023431 0.000000 0.999725
vn 0.025139 0.000000 0.999684
vn 0.019040 0.000000 0.999819
vn 0.022943 0.000000 0.999737
vn 0.032697 0.000000 0.999465
vn 0.036840 0.000000 0.999321
vn 0.040251 0.000000 0.999190
vn 0.042199 0.000000 0.999109
vn 0.038546 0.000000 0.999257
vn 0.033916 0.000000 0.999425
vn 0.041468 0.000000 0.999140
vn 0.059465 0.000000 0.998230
vn 0.068443 0.000000 0.997655
vn 0.065290 0.000000 0.997866
vn 0.062378 0.000000 0.998053
vn 0.060436 0.000000 0.998172
vn 0.064077 0.000000 0.997945
vn 0.088277 0.000000 0.996096
vn 0.123796 0.000000 0.992308
vn 0.136646 0.000000 0.990620
vn 0.135696 0.000000 0.990751
vn 0.069776 0.000000 0.997563
vn 0.000000 0.000000 1.000000
vn 0.000000 0.000000 1.000000
vn 0.000000 0.000000 1.000000
vn 0.000000 0.000000 1.000000
vn 0.000000 0.000000 1.000000
vn 0.000000 0.000000 1.000000
vn 0.000000 0.000000 1.000000
vn 0.000000 0.000000 1.000000
vn 0.000000 0.000000 1.000000
vn 0.000000 0.000000 1.000000
vn 0.000000 0.000000 1.000000
vn 0.000000 0.000000 1.000000
vn 0.000000 0.000000 1.000000
vn 0.000000 0.000000 1.000000
vn 0.000000 0.000000 1.000000
vn 0.000000 0.000000 1.000000
vn 0.000000 0.000000 1.000000
vn 0.000000 0.000000 1.000000
vn 0.000000 0.000000 1.000000
vn 0.000000 0.000000 1.000000
vn 0.000000 0.000000 1.000000
vn 0.000000 0.000000 1.000000
vn 0.000000 0.000000 1.000000
vn 0.000000 0.000000 1.000000
vn 0.000000 0.000000 1.000000
vn 0.027943 0.000000 0.999610
vn 0.058251 0.000000 0.998302
vn 0.061165 0.000000 0.998128
vn 0.056064 0.000000 0.998427
vn 0.037815 0.000000 0.999285
vn 0.021967 0.000000 0.999759
vn 0.014647 0.000000 0.999893
vn 0.004639 0.000000 0.999989
vn 0.000488 0.000000 1.000000
vn 0.005371 0.000000 0.999986
vn 0.007812 0.000000 0.999969
vn 0.006348 0.000000 0.999980
vn 0.002197 0.000000 0.999998
vn -0.004639 0.000000 0.999989
vn -0.007324 0.000000 0.999973
vn -0.001221 0.000000 0.999999
vn 0.007080 0.000000 0.999975
vn 0.014403 0.000000 0.999896
vn 0.023431 0.000000 0.999725
vn 0.025139 0.000000 0.999684
vn 0.019040 0.000000 0.999819
vn 0.022943 0.000000 0.999737
vn 0.032697 0.000000 0.999465
vn 0.036840 0.000000 0.999321
vn 0.040251 0.000000 0.999190
vn 0.042199 0.000000 0.999109
vn 0.038546 0.000000 0.999257
vn 0.033916 0.000000 0.999425
vn 0.041468 0.000000 0.999140
vn 0.059465 0.000000 0.998230
vn 0.068443 0.000000 0.997655
vn 0.065290 0.000000 0.997866
vn 0.062378 0.000000 0.998053
vn 0.060436 0.000000 0.998172
vn 0.064077 0.000000 0.997945
vn 0.088277 0.000000 0.996096
vn 0.123796 0.000000 0.992308
vn 0.136646 0.000000 0.990620
vn 0.135696 0.000000 0.990751
vn 0.069776 0.000000 0.997563
vn 0.000000 0.000000 1.000000
vn 0.000000 0.000000 1.000000
vn 0.000000 0.000000 1.000000
vn 0.000000 0.000000 1.000000
vn 0.000000 0.000000 1.000000
vn 0.000000 0.000000 1.000000
vn 0.000000 0.000000 1.000000
vn 0.000000 0.000000 1.000000
vn 0.000000 0.000000 1.000000
vn 0.000000 0.000000 1.000000
vn 0.000000 0.000000 1.000000
vn 0.000000 0.000000 1.000000
vn 0.000000 0.000000 1.000000
vn 0.000000 0.000000 1.000000
vn 0.000000 0.000000 1.000000
vn 0.000000 0.000000 1.000000
vn 0.000000 0.000000 1.000000
vn 0.000000 0.000000 1.000000
vn 0.000000 0.000000 1.000000
vn 0.000000 0.000000 1.000000
vn 0.000000 0.000000 1.000000
vn 0.000000 0.000000 1.000000
vn 0.000000 0.000000 1.000000
vn 0.000000 0.000000 1.000000
vn 0.000000 0.000000 1.000000
vn 0.027943 0.000000 0.999610
vn 0.058251 0.000000 0.998302
vn 0.061165 0.000000 0.998128
vn 0.056064 0.000000 0.998427
vn 0.037815 0.000000 0.999285
vn 0.021967 0.000000 0.999759
vn 0.014647 0.000000 0.999893
vn 0.004639 0.000000 0.999989
vn 0.000488 0.000000 1.000000
vn 0.005371 0.000000 0.999986
vn 0.007812 0.000000 0.999969
vn 0.006348 0.000000 0.999980
vn 0.002197 0.000000 0.999998
vn -0.004639 0.000000 0.999989
vn -0.007324 0.000000 0.999973
vn -0.001221 0.000000 0.999999
vn 0.007080 0.000000 0.999975
vn 0.014403 0.000000 0.999896
vn 0.023431 0.000000 0.999725
vn 0.025139 0.000000 0.999684
vn 0.019040 0.000000 0.999819
vn 0.022943 0.000000 0.999737
vn 0.032697 0.000000 0.999465
vn 0.036840 0.000000 0.999321
vn 0.040251 0.000000 0.999190
vn 0.042199 0.000000 0.999109
vn 0.038546 0.000000 0.999257
vn 0.033916 0.000000 0.999425
vn 0.041468 0.000000 0.999140
vn 0.059465 0.000000 0.998230
vn 0.068443 0.000000 0.997655
vn 0.065290 0.000000 0.997866
vn 0.062378 0.000000 0.998053
vn 0.060436 0.000000 0.998172
vn 0.064077 0.000000 0.997945
vn 0.088277 0.000000 0.996096
vn 0.123796 0.000000 0.992308
vn 0.136646 0.000000 0.990620
vn 0.135696 0.000000 0.990751
vn 0.069776 0.000000 0.997563
vn 0.000000 0.000000 1.000000
vn 0.000000 0.000000 1.000000
vn 0.000000 0.000000 1.000000
vn 0.000000 0.000000 1.000000
vn 0.000000 0.000000 1.000000
vn 0.000000 0.000000 1.000000
vn 0.000000 0.000000 1.000000
vn 0.000000 0.000000 1.000000
vn 0.000000 0.000000 1.000000
vn 0.000000 0.000000 1.000000
vn 0.000000 0.000000 1.000000
vn 0.000000 0.000000 1.000000
vn 0.000000 0.000000 1.000000
vn 0.000000 0.000000 1.000000
vn 0.000000 0.000000 1.000000
vn 0.000000 0.000000 1.000000
vn 0.000000 0.000000 1.000000
vn 0.000000 0.000000 1.000000
vn 0.000000 0.000000 1.000000
vn 0.000000 0.000000 1.000000
vn 0.000000 0.000000 1.000000
vn 0.000000 0.000000 1.000000
vn 0.000000 0.000000 1.000000
vn 0.000000 0.000000 1.000000
vn 0.000000 0.000000 1.000000
vn 0.027943 0.000000 0.999610
vn 0.058251 0.000000 0.998302
vn 0.061165 0.000000 0.998128
vn 0.056064 0.000000 0.998427
vn 0.037815 0.000000 0.999285
vn 0.021967 0.000000 0.999759
vn 0.014647 0.000000 0.999893
vn 0.004639 0.000000 0.999989
vn 0.000488 0.000000 1.000000
vn 0.005371 0.000000 0.999986
vn 0.007812 0.000000 0.999969
vn 0.006348 0.000000 0.999980
vn 0.002197 0.000000 0.999998
vn -0.004639 0.000000 0.999989
vn -0.007324 0.000000 0.999973
vn -0.001221 0.000000 0.999999
vn 0.007080 0.000000 0.999975
vn 0.014403 0.000000 0.999896
vn 0.023431 0.000000 0.999725
vn 0.025139 0.000000 0.999684
vn 0.019040 0.000000 0.999819
vn 0.022943 0.000000 0.999737
vn 0.032697 0.000000 0.999465
vn 0.036840 0.000000 0.999321
vn 0.040251 0.000000 0.999190
vn 0.042199 0.000000 0.999109
vn 0.038546 0.000000 0.999257
vn 0.033916 0.000000 0.999425
vn 0.041468 0.000000 0.999140
vn 0.059465 0.000000 0.998230
vn 0.068443 0.000000 0.997655
vn 0.065290 0.000000 0.997866
vn 0.062378 0.000000 0.998053
vn 0.060436 0.000000 0.998172
vn 0.064077 0.000000 0.997945
vn 0.088277 0.000000 0.996096
vn 0.123796 0.000000 0.992308
vn 0.136646 0.000000 0.990620
vn 0.135696 0.000000 0.990751
vn 0.069776 0.000000 0.997563
vn 0.000000 0.000000 1.000000
vn 0.000000 0.000000 1.000000
vn 0.000000 0.000000 1.000000
vn 0.000000 0.000000 1.000000
vn 0.000000 0.000000 1.000000
vn 0.000000 0.000000 1.000000
vn 0.000000 0.000000 1.000000
vn 0.000000 0.000000 1.000000
vn 0.000000 0.000000 1.000000
vn 0.000000 0.000000 1.000000
vn 0.000000 0.000000 1.000000
vn 0.000000 0.000000 1.000000
vn 0.000000 0.000000 1.000000
vn 0.000000 0.000000 1.000000
vn 0.000000 0.000000 1.000000
vn 0.000000 0.000000 1.000000
vn 0.000000 0.000000 1.000000
vn 0.000000 0.000000 1.000000
vn 0.000000 0.000000 1.000000
vn 0.000000 0.000000 1.000000
vn 0.000000 0.000000 1.000000
vn 0.000000 0.000000 1.000000
vn 0.000000 0.000000 1.000000
vn 0.000000 0.000000 1.000000
vn 0.000000 0.000000 1.000000
vn 0.027943 0.000000 0.999610
vn 0.058251 0.000000 0.998302
vn 0.061165 0.000000 0.998128
vn 0.056064 0.000000 0.998427
vn 0.037815 0.000000 0.999285
vn 0.021967 0.000000 0.999759
vn 0.014647 0.000000 0.999893
vn 0.004639 0.000000 0.999989
vn 0.000488 0.000000 1.000000
vn 0.005371 0.000000 0.999986
vn 0.007812 0.000000 0.999969
vn 0.006348 0.000000 0.999980
vn 0.002197 0.000000 0.999998
vn -0.004639 0.000000 0.999989
vn -0.007324 0.000000 0.999973
vn -0.001221 0.000000 0.999999
vn 0.007080 0.000000 0.999975
vn 0.014403 0.000000 0.999896
vn 0.023431 0.000000 0.999725
vn 0.025139 0.000000 0.999684
vn 0.019040 0.000000 0.999819
vn 0.022943 0.000000 0.999737
vn 0.032697 0.000000 0.999465
vn 0.036840 0.000000 0.999321
vn 0.040251 0.000000 0.999190
vn 0.042199 0.000000 0.999109
vn 0.038546 0.000000 0.999257
vn 0.033916 0.000000 0.999425
vn 0.041468 0.000000 0.999140
vn 0.059465 0.000000 0.998230
vn 0.068443 0.000000 0.997655
vn 0.065290 0.000000 0.997866
vn 0.062378 0.000000 0.998053
vn 0.060436 0.000000 0.998172
vn 0.064077 0.000000 0.997945
vn 0.088277 0.000000 0.996096
vn 0.123796 0.000000 0.992308
vn 0.136646 0.000000 0.990620
vn 0.135696 0.000000 0.990751
vn 0.069776 0.000000 0.997563
vn 0.000000 0.000000 1.000000
vn 0.000000 0.000000 1.000000
vn 0.000000 0.000000 1.000000
vn 0.000000 0.000000 1.000000
vn 0.000000 0.000000 1.000000
vn 0.000000 0.000000 1.000000
vn 0.000000 0.000000 1.000000
vn 0.000000 0.000000 1.000000
vn 0.000000 0.000000 1.000000
vn 0.000000 0.000000 1.000000
vn 0.000000 0.000000 1.000000
vn 0.000000 0.000000 1.000000
vn 0.000000 0.000000 1.000000
vn 0.000000 0.000000 1.000000
vn 0.000000 0.000000 1.000000
vn 0.000000 0.000000 1.000000
vn 0.000000 0.000000 1.000000
vn 0.000000 0.000000 1.000000
vn 0.000000 0.000000 1.000000
vn 0.000000 0.000000 1.000000
vn 0.000000 0.000000 1.000000
vn 0.000000 0.000000 1.000000
vn 0.000000 0.000000 1.000000
vn 0.000000 0.000000 1.000000
vn 0.000000 0.000000 1.000000
vn 0.027943 0.000000 0.999610
vn 0.058251 0.000000 0.998302
vn 0.061165 0.000000 0.998128
vn 0.056064 0.000000 0.998427
vn 0.037815 0.000000 0.999285
vn 0.021967 0.000000 0.999759
vn 0.014647 0.000000 0.999893
vn 0.004639 0.000000 0.999989
vn 0.000488 0.000000 1.000000
vn 0.005371 0.000000 0.999986
vn 0.007812 0.000000 0.999969
vn 0.006348 0.000000 0.999980
vn 0.002197 0.000000 0.999998
vn -0.004639 0.000000 0.999989
vn -0.007324 0.000000 0.999973
vn -0.001221 0.000000 0.999999
vn 0.007080 0.000000 0.999975
vn 0.014403 0.000000 0.999896
vn 0.023431 0.000000 0.999725
vn 0.025139 0.000000 0.999684
vn 0.019040 0.000000 0.999819
vn 0.022943 0.000000 0.999737
vn 0.032697 0.000000 0.999465
vn 0.036840 0.000000 0.999321
vn 0.040251 0.000000 0.999190
vn 0.042199 0.000000 0.999109
vn 0.038546 0.000000 0.999257
vn 0.033916 0.000000 0.999425
vn 0.041468 0.000000 0.999140
vn 0.059465 0.000000 0.998230
vn 0.068443 0.000000 0.997655
vn 0.065290 0.000000 0.997866
vn 0.062378 0.000000 0.998053
vn 0.060436 0.000000 0.998172
vn 0.064077 0.000000 0.997945
vn 0.088277 0.000000 0.996096
vn 0.123796 0.000000 0.992308
vn 0.136646 0.000000 0.990620
vn 0.135696 0.000000 0.990751
vn 0.069776 0.000000 0.997563
vn 0.000000 0.000000 1.000000
vn 0.000000 0.000000 1.000000
vn 0.000000 0.000000 1.000000
vn 0.000000 0.000000 1.000000
vn 0.000000 0.000000 1.000000
vn 0.000000 0.000000 1.000000
vn 0.000000 0.000000 1.000000
vn 0.000000 0.000000 1.000000
vn 0.000000 0.000000 1.000000
vn 0.000000 0.000000 1.000000
vn 0.000000 0.000000 1.000000
vn 0.000000 0.000000 1.000000
vn 0.000000 0.000000 1.000000
vn 0.000000 0.000000 1.000000
vn 0.000000 0.000000 1.000000
vn 0.000000 0.000000 1.000000
vn 0.000000 0.000000 1.000000
vn 0.000000 0.000000 1.000000
vn 0.000000 0.000000 1.000000
vn 0.000000 0.000000 1.000000
vn 0.000000 0.000000 1.000000
vn 0.000000 0.000000 1.000000
vn 0.000000 0.000000 1.000000
vn 0.000000 0.000000 1.000000
vn 0.000000 0.000000 1.000000
vn 0.027943 0.000000 0.999610
vn 0.058251 0.000000 0.998302
vn 0.061165 0.000000 0.998128
vn 0.056064 0.000000 0.998427
vn 0.037815 0.000000 0.999285
vn 0.021967 0.000000 0.999759
vn 0.014647 0.000000 0.999893
vn 0.004639 0.000000 0.999989
vn 0.000488 0.000000 1.000000
vn 0.005371 0.000000 0.999986
vn 0.007812 0.000000 0.999969
vn 0.006348 0.000000 0.999980
vn 0.002197 0.000000 0.999998
vn -0.004639 0.000000 0.999989
vn -0.007324 0.000000 0.999973
vn -0.001221 0.000000 0.999999
vn 0.007080 0.000000 0.999975
vn 0.014403 0.000000 0.999896
vn 0.023431 0.000000 0.999725
vn 0.025139 0.000000 0.999684
vn 0.019040 0.000000 0.999819
vn 0.022943 0.000000 0.999737
vn 0.032697 0.000000 0.999465
vn 0.036840 0.000000 0.999321
vn 0.040251 0.000000 0.999190
vn 0.042199 0.000000 0.999109
vn 0.038546 0.000000 0.999257
vn 0.033916 0.000000 0.999425
vn 0.041468 0.000000 0.999140
vn 0.059465 0.000000 0.998230
vn 0.068443 0.000000 0.997655
vn 0.065290 0.000000 0.997866
vn 0.062378 0.000000 0.998053
vn 0.060436 0.000000 0.998172
vn 0.064077 0.000000 0.997945
vn 0.088277 0.000000 0.996096
vn 0.123796 0.000000 0.992308
vn 0.136646 0.000000 0.990620
vn 0.135696 0.000000 0.990751
vn 0.069776 0.000000 0.997563
vn 0.000000 0.000000 1.000000
vn 0.000000 0.000000 1.000000
vn 0.000000 0.000000 1.000000
vn 0.000000 0.000000 1.000000
vn 0.000000 0.000000 1.000000
vn 0.000000 0.000000 1.000000
vn 0.000000 0.000000 1.000000
vn 0.000000 0.000000 1.000000
vn 0.000000 0.000000 1.000000
vn 0.000000 0.000000 1.000000
vn 0.000000 0.000000 1.000000
vn 0.000000 0.000000 1.000000
vn 0.000000 0.000000 1.000000
vn 0.000000 0.000000 1.000000
vn 0.000000 0.000000 1.000000
vn 0.000000 0.000000 1.000000
vn 0.000000 0.000000 1.000000
vn 0.000000 0.000000 1.000000
vn 0.000000 0.000000 1.000000
vn 0.000000 0.000000 1.000000
vn 0.000000 0.000000 1.000000
vn 0.000000 0.000000 1.000000
vn 0.000000 0.000000 1.000000
vn 0.000000 0.000000 1.000000
vn 0.000000 0.000000 1.000000
vn 0.027943 0.000000 0.999610
vn 0.058251 0.000000 0.998302
vn 0.061165 0.000000 0.998128
vn 0.056064 0.000000 0.998427
vn 0.037815 0.000000 0.999285
vn 0.021967 0.000000 0.999759
vn 0.014647 0.000000 0.999893
vn 0.004639 0.000000 0.999989
vn 0.000488 0.000000 1.000000
vn 0.005371 0.000000 0.999986
vn 0.007812 0.000000 0.999969
vn 0.006348 0.000000 0.999980
vn 0.002197 0.000000 0.999998
vn -0.004639 0.000000 0.999989
vn -0.007324 0.000000 0.999973
vn -0.001221 0.000000 0.999999
vn 0.007080 0.000000 0.999975
vn 0.014403 0.000000 0.999896
vn 0.023431 0.000000 0.999725
vn 0.025139 0.000000 0.999684
vn 0.019040 0.000000 0.999819
vn 0.022943 0.000000 0.999737
vn 0.032697 0.000000 0.999465
vn 0.036840 0.000000 0.999321
vn 0.040251 0.000000 0.999190
vn 0.042199 0.000000 0.999109
vn 0.038546 0.000000 0.999257
vn 0.033916 0.000000 0.999425
vn 0.041468 0.000000 0.999140
vn 0.059465 0.000000 0.998230
vn 0.068443 0.000000 0.997655
vn 0.065290 0.000000 0.997866
vn 0.062378 0.000000 0.998053
vn 0.060436 0.000000 0.998172
vn 0.064077 0.000000 0.997945
vn 0.088277 0.000000 0.996096
vn 0.123796 0.000000 0.992308
vn 0.136646 0.000000 0.990620
vn 0.135696 0.000000 0.990751
vn 0.069776 0.000000 0.997563
vn 0.000000 0.000000 1.000000
vn 0.000000 0.000000 1.000000
vn 0.000000 0.000000 1.000000
vn 0.000000 0.000000 1.000000
vn 0.000000 0.000000 1.000000
vn 0.000000 0.000000 1.000000
vn 0.000000 0.000000 1.000000
vn 0.000000 0.000000 1.000000
vn 0.000000 0.000000 1.000000
vn 0.000000 0.000000 1.000000
vn 0.000000 0.000000 1.000000
vn 0.000000 0.000000 1.000000
vn 0.000000 0.000000 1.000000
vn 0.000000 0.000000 1.000000
vn 0.000000 0.000000 1.000000
vn 0.000000 0.000000 1.000000
vn 0.000000 0.000000 1.000000
vn 0.000000 0.000000 1.000000
vn 0.000000 0.000000 1.000000
vn 0.000000 0.000000 1.000000
vn 0.000000 0.000000 1.000000
vn 0.000000 0.000000 1.000000
vn 0.000000 0.000000 1.000000
vn 0.000000 0.000000 1.000000
vn 0.000000 0.000000 1.000000
vn 0.027943 0.000000 0.999610
vn 0.058251 0.000000 0.998302
vn 0.061165 0.000000 0.998128
vn 0.056064 0.000000 0.998427
vn 0.037815 0.000000 0.999285
vn 0.021967 0.000000 0.999759
vn 0.014647 0.000000 0.999893
vn 0.004639 0.000000 0.999989
vn 0.000488 0.000000 1.000000
vn 0.005371 0.000000 0.999986
vn 0.007812 0.000000 0.999969
vn 0.006348 0.000000 0.999980
vn 0.002197 0.000000 0.999998
vn -0.004639 0.000000 0.999989
vn -0.007324 0.000000 0.999973
vn -0.001221 0.000000 0.999999
vn 0.007080 0.000000 0.999975
vn 0.014403 0.000000 0.999896
vn 0.023431 0.000000 0.999725
vn 0.025139 0.000000 0.999684
vn 0.019040 0.000000 0.999819
vn 0.022943 0.000000 0.999737
vn 0.032697 0.000000 0.999465
vn 0.036840 0.000000 0.999321
vn 0.040251 0.000000 0.999190
vn 0.042199 0.000000 0.999109
vn 0.038546 0.000000 0.999257
vn 0.033916 0.000000 0.999425
vn 0.041468 0.000000 0.999140
vn 0.059465 0.000000 0.998230
vn 0.068443 0.000000 0.997655
vn 0.065290 0.000000 0.997866
vn 0.062378 0.000000 0.998053
vn 0.060436 0.000000 0.998172
vn 0.064077 0.000000 0.997945
vn 0.088277 0.000000 0.996096
vn 0.123796 0.000000 0.992308
vn 0.136646 0.000000 0.990620
vn 0.135696 0.000000 0.990751
vn 0.069776 0.000000 0.997563
vn 0.000000 0.000000 1.000000
vn 0.000000 0.000000 1.000000
vn 0.000000 0.000000 1.000000
vn 0.000000 0.000000 1.000000
vn 0.000000 0.000000 1.000000
vn 0.000000 0.000000 1.000000
vn 0.000000 0.000000 1.000000
vn 0.000000 0.000000 1.000000
vn 0.000000 0.000000 1.000000
vn 0.000000 0.000000 1.000000
vn 0.000000 0.000000 1.000000
vn 0.000000 0.000000 1.000000
vn 0.000000 0.000000 1.000000
vn 0.000000 0.000000 1.000000
vn 0.000000 0.000000 1.000000
vn 0.000000 0.000000 1.000000
vn 0.000000 0.000000 1.000000
vn 0.000000 0.000000 1.000000
vn 0.000000 0.000000 1.000000
vn 0.000000 0.000000 1.000000
vn 0.000000 0.000000 1.000000
vn 0.000000 0.000000 1.000000
vn 0.000000 0.000000 1.000000
vn 0.000000 0.000000 1.000000
vn 0.000000 0.000000 1.000000
vn 0.027943 0.000000 0.999610
vn 0.058251 0.000000 0.998302
vn 0.061165 0.000000 0.998128
vn 0.056064 0.000000 0.998427
vn 0.037815 0.000000 0.999285
vn 0.021967 0.000000 0.999759
vn 0.014647 0.000000 0.999893
vn 0.004639 0.000000 0.999989
vn 0.000488 0.000000 1.000000
vn 0.005371 0.000000 0.999986
vn 0.007812 0.000000 0.999969
vn 0.006348 0.000000 0.999980
vn 0.002197 0.000000 0.999998
vn -0.004639 0.000000 0.999989
vn -0.007324 0.000000 0.999973
vn -0.001221 0.000000 0.999999
vn 0.007080 0.000000 0.999975
vn 0.014403 0.000000 0.999896
vn 0.023431 0.000000 0.999725
vn 0.025139 0.000000 0.999684
vn 0.019040 0.000000 0.999819
vn 0.022943 0.000000 0.999737
vn 0.032697 0.000000 0.999465
vn 0.036840 0.000000 0.999321
vn 0.040251 0.000000 0.999190
vn 0.042199 0.000000 0.999109
vn 0.038546 0.000000 0.999257
vn 0.033916 0.000000 0.999425
vn 0.041468 0.000000 0.999140
vn 0.059465 0.000000 0.998230
vn 0.068443 0.000000 0.997655
vn 0.065290 0.000000 0.997866
vn 0.062378 0.000000 0.998053
vn 0.060436 0.000000 0.998172
vn 0.064077 0.000000 0.997945
vn 0.088277 0.000000 0.996096
vn 0.123796 0.000000 0.992308
vn 0.136646 0.000000 0.990620
vn 0.135696 0.000000 0.990751
vn 0.069776 0.000000 0.997563
vn 0.000000 0.000000 1.000000
vn 0.000000 0.000000 1.000000
vn 0.000000 0.000000 1.000000
vn 0.000000 0.000000 1.000000
vn 0.000000 0.000000 1.000000
vn 0.000000 0.000000 1.000000
vn 0.000000 0.000000 1.000000
vn 0.000000 0.000000 1.000000
vn 0.000000 0.000000 1.000000
vn 0.000000 0.000000 1.000000
vn 0.000000 0.000000 1.000000
vn 0.000000 0.000000 1.000000
vn 0.000000 0.000000 1.000000
vn 0.000000 0.002604 0.999997
vn 0.000000 0.001953 0.999998
vn 0.000000 0.001953 0.999998
vn 0.000000 0.001953 0.999998
vn 0.000000 0.001953 0.999998
vn 0.000000 0.001953 0.999998
vn 0.000000 0.001953 0.999998
vn 0.000000 0.001953 0.999998
vn 0.000000 0.001953 0.999998
vn 0.000000 0.001953 0.999998
vn 0.000000 0.001953 0.999998
vn 0.000000 0.001953 0.999998
vn 0.026480 0.003417 0.999644
vn 0.056872 0.007718 0.998352
vn 0.060594 0.011047 0.998101
vn 0.056222 0.012024 0.998346
vn 0.037975 0.011547 0.999212
vn 0.022373 0.010820 0.999691
vn 0.015460 0.009194 0.999838
vn 0.005127 0.007080 0.999962
vn 0.000488 0.006103 0.999981
vn 0.004801 0.006673 0.999966
vn 0.006185 0.009440 0.999936
vn 0.003662 0.015379 0.999875
vn 0.000163 0.022781 0.999740
vn -0.005613 0.027821 0.999597
vn -0.007483 0.029934 0.999524
vn -0.000732 0.029772 0.999556
vn 0.008053 0.027820 0.999580
vn 0.014642 0.025624 0.999564
vn 0.021960 0.026595 0.999405
vn 0.024233 0.030413 0.999244
vn 0.019192 0.032041 0.999302
vn 0.023664 0.030982 0.999240
vn 0.034146 0.028049 0.999023
vn 0.037966 0.023983 0.998991
vn 0.040810 0.021136 0.998943
vn 0.042109 0.020079 0.998911
vn 0.039188 0.019594 0.999040
vn 0.035454 0.016751 0.999231
vn 0.044063 0.011056 0.998968
vn 0.062378 0.002924 0.998048
vn 0.070865 -0.005358 0.997472
vn 0.067306 -0.012260 0.997657
vn 0.064067 -0.018026 0.997783
vn 0.060584 -0.021602 0.997929
vn 0.063496 -0.021355 0.997754
vn 0.087456 -0.019372 0.995980
vn 0.124015 -0.017924 0.992118
vn 0.136701 -0.018458 0.990440
vn 0.135515 -0.018461 0.990603
vn 0.069764 -0.018263 0.997396
vn 0.000000 -0.018307 0.999832
vn 0.000000 -0.018307 0.999832
vn 0.000000 -0.018307 0.999832
vn 0.000000 -0.018307 0.999832
vn 0.000000 -0.018307 0.999832
vn 0.000000 -0.018307 0.999832
vn 0.000000 -0.018307 0.999832
vn 0.000000 -0.018307 0.999832
vn 0.000000 -0.018307 0.999832
vn 0.000000 -0.018307 0.999832
vn 0.000000 -0.018307 0.999832
vn 0.000000 -0.018307 0.999832
vn 0.000000 -0.012206 0.999926
vn 0.000000 -0.008138 0.999967
vn 0.000000 -0.005127 0.999987
vn 0.000000 -0.005127 0.999987
vn 0.000000 -0.005127 0.999987
vn 0.000000 -0.005127 0.999987
vn 0.000000 -0.005127 0.999987
vn 0.000000 -0.005127 0.999987
vn 0.000000 -0.005127 0.999987
vn 0.000000 -0.005127 0.999987
vn 0.000000 -0.005127 0.999987
vn 0.000000 -0.005127 0.999987
vn 0.000000 -0.005127 0.999987
vn 0.021764 -0.003336 0.999758
vn 0.049256 0.005121 0.998773
vn 0.055410 0.014543 0.998358
vn 0.054351 0.020717 0.998307
vn 0.039916 0.021787 0.998965
vn 0.022858 0.019360 0.999551
vn 0.016107 0.021477 0.999640
vn 0.006834 0.023918 0.999691
vn 0.000976 0.024407 0.999702
vn 0.002522 0.026033 0.999658
vn -0.000325 0.031560 0.999502
vn -0.007399 0.042035 0.999089
vn -0.010928 0.055534 0.998397
vn -0.011936 0.065892 0.997755
vn -0.008930 0.069692 0.997529
vn 0.000568 0.068725 0.997635
vn 0.012424 0.065164 0.997797
vn 0.017707 0.059172 0.998091
vn 0.018765 0.057147 0.998189
vn 0.018841 0.061922 0.997903
vn 0.017374 0.066776 0.997617
vn 0.025486 0.067895 0.997367
vn 0.038867 0.065685 0.997083
vn 0.043660 0.060662 0.997203
vn 0.045052 0.054915 0.997474
vn 0.044092 0.049816 0.997785
vn 0.041343 0.046257 0.998074
vn 0.041189 0.041555 0.998287
vn 0.053684 0.033664 0.997990
vn 0.075449 0.022026 0.996906
vn 0.084735 0.006122 0.996385
vn 0.079575 -0.011559 0.996762
vn 0.073343 -0.026733 0.996948
vn 0.066132 -0.037772 0.997096
vn 0.063610 -0.044502 0.996982
vn 0.084489 -0.045242 0.995397
vn 0.122810 -0.042564 0.991517
vn 0.138570 -0.043520 0.989396
vn 0.134682 -0.046116 0.989815
vn 0.069382 -0.045052 0.996572
vn 0.000000 -0.044998 0.998987
vn 0.000000 -0.044998 0.998987
vn 0.000000 -0.044998 0.998987
vn 0.000000 -0.044998 0.998987
vn 0.000000 -0.044998 0.998987
vn 0.000000 -0.044998 0.998987
vn 0.000000 -0.044998 0.998987
vn 0.000000 -0.044998 0.998987
vn 0.000000 -0.044998 0.998987
vn 0.000000 -0.044998 0.998987
vn 0.000000 -0.044998 0.998987
vn 0.000000 -0.044998 0.998987
vn 0.000000 -0.042199 0.999109
vn 0.000000 -0.032210 0.999481
vn 0.000000 -0.027699 0.999616
vn 0.000000 -0.027699 0.999616
vn 0.000000 -0.027699 0.999616
vn 0.000000 -0.027699 0.999616
vn 0.000000 -0.027699 0.999616
vn 0.000000 -0.027699 0.999616
vn 0.000000 -0.027699 0.999616
vn 0.000000 -0.027699 0.999616
vn 0.000000 -0.027699 0.999616
vn 0.000000 -0.027699 0.999616
vn 0.000000 -0.027699 0.999616
vn 0.016309 -0.025826 0.999533
vn 0.037891 -0.016059 0.999153
vn 0.044633 -0.002561 0.999000
vn 0.046983 0.009958 0.998846
vn 0.039432 0.018740 0.999047
vn 0.023426 0.020376 0.999518
vn 0.010657 0.023145 0.999675
vn 0.000325 0.031275 0.999511
vn -0.004716 0.042158 0.999100
vn -0.004957 0.055051 0.998471
vn -0.010878 0.069691 0.997509
vn -0.019783 0.083633 0.996300
vn -0.021951 0.094121 0.995319
vn -0.017164 0.099505 0.994889
vn -0.007693 0.099156 0.995042
vn 0.004699 0.094103 0.995551
vn 0.017587 0.088786 0.995895
vn 0.023186 0.083949 0.996200
vn 0.018897 0.080493 0.996576
vn 0.014274 0.081466 0.996574
vn 0.014189 0.084446 0.996327
vn 0.024963 0.086520 0.995937
vn 0.041233 0.086233 0.995421
vn 0.049578 0.081294 0.995456
vn 0.051148 0.072507 0.996055
vn 0.051262 0.063225 0.996682
vn 0.047812 0.052399 0.997481
vn 0.048320 0.042920 0.997909
vn 0.061937 0.034621 0.997479
vn 0.086154 0.026786 0.995922
vn 0.100548 0.016394 0.994797
vn 0.098157 0.000121 0.995171
vn 0.088824 -0.018924 0.995868
vn 0.078966 -0.035794 0.996234
vn 0.072946 -0.052400 0.995958
vn 0.086569 -0.064360 0.994165
vn 0.119170 -0.064624 0.990769
vn 0.139184 -0.057243 0.988611
vn 0.133452 -0.052632 0.989657
vn 0.068083 -0.047403 0.996553
vn 0.000000 -0.046945 0.998897
vn 0.000000 -0.046945 0.998897
vn 0.000000 -0.046945 0.998897
vn 0.000000 -0.046945 0.998897
vn 0.000000 -0.046945 0.998897
vn 0.000000 -0.046945 0.998897
vn 0.000000 -0.046945 0.998897
vn 0.000000 -0.046945 0.998897
vn 0.000000 -0.046945 0.998897
vn 0.000000 -0.046945 0.998897
vn 0.000000 -0.046945 0.998897
vn 0.000000 -0.046945 0.998897
vn 0.000000 -0.049094 0.998794
vn 0.000000 -0.053066 0.998591
vn 0.000000 -0.050108 0.998744
vn 0.000000 -0.050108 0.998744
vn 0.000000 -0.050108 0.998744
vn 0.000000 -0.050108 0.998744
vn 0.000000 -0.050108 0.998744
vn 0.000000 -0.050108 0.998744
vn 0.000000 -0.050108 0.998744
vn 0.000000 -0.050108 0.998744
vn 0.000000 -0.050108 0.998744
vn 0.000000 -0.050108 0.998744
vn 0.000000 -0.050108 0.998744
vn 0.011257 -0.048807 0.998745
vn 0.025768 -0.040765 0.998836
vn 0.029516 -0.028175 0.999167
vn 0.032857 -0.012240 0.999385
vn 0.028878 0.003457 0.999577
vn 0.018061 0.016475 0.999701
vn 0.003498 0.027374 0.999619
vn -0.010246 0.038665 0.999200
vn -0.020069 0.053096 0.998388
vn -0.024989 0.073548 0.996979
vn -0.031650 0.098067 0.994676
vn -0.035843 0.121212 0.991979
vn -0.030695 0.137886 0.989972
vn -0.017831 0.145348 0.989220
vn -0.002336 0.142729 0.989759
vn 0.012660 0.134181 0.990876
vn 0.022681 0.125513 0.991833
vn 0.023168 0.124558 0.991942
vn 0.022596 0.127022 0.991643
vn 0.013327 0.121638 0.992485
vn 0.012196 0.121560 0.992509
vn 0.024387 0.121692 0.992268
vn 0.043103 0.119865 0.991854
vn 0.058023 0.115319 0.991632
vn 0.060899 0.106290 0.992469
vn 0.061585 0.099651 0.993115
vn 0.063184 0.088020 0.994113
vn 0.065399 0.063940 0.995809
vn 0.074935 0.036008 0.996538
vn 0.094209 0.018064 0.995389
vn 0.111439 0.008896 0.993731
vn 0.115513 -0.004203 0.993297
vn 0.109650 -0.025472 0.993644
vn 0.099947 -0.051672 0.993650
vn 0.092899 -0.077631 0.992645
vn 0.097219 -0.096494 0.990574
vn 0.113419 -0.100630 0.988438
vn 0.127654 -0.089309 0.987790
vn 0.119731 -0.073563 0.990077
vn 0.061674 -0.056200 0.996513
vn 0.000000 -0.053391 0.998574
vn 0.000000 -0.053391 0.998574
vn 0.000000 -0.053391 0.998574
vn 0.000000 -0.053391 0.998574
vn 0.000000 -0.053391 0.998574
vn 0.000000 -0.053391 0.998574
vn 0.000000 -0.053391 0.998574
vn 0.000000 -0.053391 0.998574
vn 0.000000 -0.053391 0.998574
vn 0.000000 -0.053391 0.998574
vn 0.000000 -0.053391 0.998574
vn 0.000000 -0.053391 0.998574
vn 0.000000 -0.049094 0.998794
vn 0.000000 -0.060598 0.998162
vn 0.000000 -0.060193 0.998187
vn 0.000000 -0.060193 0.998187
vn 0.000000 -0.060193 0.998187
vn 0.000000 -0.060193 0.998187
vn 0.000000 -0.060193 0.998187
vn 0.000000 -0.060193 0.998187
vn 0.000000 -0.060193 0.998187
vn 0.000000 -0.060193 0.998187
vn 0.000000 -0.060193 0.998187
vn 0.000000 -0.060193 0.998187
vn 0.000000 -0.060193 0.998187
vn 0.007514 -0.059058 0.998226
vn 0.016008 -0.052330 0.998502
vn 0.016504 -0.041625 0.998997
vn 0.017243 -0.028223 0.999453
vn 0.012775 -0.013263 0.999830
vn 0.003255 0.002848 0.999991
vn -0.010902 0.018713 0.999765
vn -0.025854 0.035610 0.999031
vn -0.039622 0.054968 0.997702
vn -0.049910 0.079321 0.995599
vn -0.057834 0.107267 0.992547
vn -0.059173 0.133561 0.989272
vn -0.045547 0.153511 0.987097
vn -0.020799 0.160768 0.986773
vn -0.002249 0.161976 0.986792
vn 0.019410 0.168035 0.985590
vn 0.030968 0.164710 0.985856
vn 0.021860 0.155830 0.987542
vn 0.019847 0.157326 0.987347
vn 0.016543 0.161016 0.986813
vn 0.010114 0.164469 0.986330
vn 0.026063 0.168087 0.985428
vn 0.048359 0.162880 0.985460
vn 0.067575 0.151281 0.986178
vn 0.070782 0.134566 0.988373
vn 0.066007 0.121859 0.990350
vn 0.075930 0.114862 0.990475
vn 0.095031 0.099867 0.990452
vn 0.110310 0.067864 0.991578
vn 0.117776 0.029080 0.992614
vn 0.123717 0.001534 0.992316
vn 0.131246 -0.014601 0.991242
vn 0.134515 -0.032964 0.990363
vn 0.129840 -0.059523 0.989747
vn 0.119419 -0.089242 0.988825
vn 0.111138 -0.112102 0.987462
vn 0.109604 -0.120203 0.986680
vn 0.112967 -0.111761 0.987293
vn 0.100646 -0.097020 0.990181
vn 0.048979 -0.079727 0.995613
vn 0.000000 -0.074984 0.997185
vn 0.000000 -0.074984 0.997185
vn 0.000000 -0.074984 0.997185
vn 0.000000 -0.074984 0.997185
vn 0.000000 -0.074984 0.997185
vn 0.000000 -0.074984 0.997185
vn 0.000000 -0.074984 0.997185
vn 0.000000 -0.074984 0.997185
vn 0.000000 -0.074984 0.997185
vn 0.000000 -0.074984 0.997185
vn 0.000000 -0.074984 0.997185
vn 0.000000 -0.074984 0.997185
vn 0.000000 -0.072078 0.997399
vn 0.000000 -0.044877 0.998993
vn 0.000000 -0.049013 0.998798
vn 0.000000 -0.049013 0.998798
vn 0.000000 -0.049013 0.998798
vn 0.000000 -0.049013 0.998798
vn 0.000000 -0.049013 0.998798
vn 0.000000 -0.049013 0.998798
vn 0.000000 -0.049013 0.998798
vn 0.000000 -0.049013 0.998798
vn 0.000000 -0.049013 0.998798
vn 0.000000 -0.049013 0.998798
vn 0.000000 -0.049013 0.998798
vn 0.004836 -0.048607 0.998806
vn 0.007723 -0.044551 0.998977
vn 0.005205 -0.036434 0.999323
vn 0.004312 -0.026033 0.999652
vn -0.001302 -0.014565 0.999893
vn -0.011637 -0.001546 0.999931
vn -0.026275 0.012365 0.999578
vn -0.043318 0.027714 0.998677
vn -0.060697 0.045361 0.997125
vn -0.076107 0.066149 0.994903
vn -0.085518 0.089636 0.992296
vn -0.083959 0.112482 0.990100
vn -0.063248 0.135187 0.988799
vn -0.025233 0.155896 0.987451
vn -0.002409 0.161194 0.986920
vn 0.012211 0.159382 0.987141
vn 0.031865 0.161972 0.986281
vn 0.031470 0.160723 0.986498
vn 0.017365 0.154354 0.987863
vn 0.010686 0.158524 0.987297
vn 0.001846 0.165258 0.986249
vn 0.021398 0.172388 0.984797
vn 0.054470 0.176128 0.982859
vn 0.079199 0.174094 0.981539
vn 0.089566 0.167507 0.981794
vn 0.085469 0.148448 0.985220
vn 0.092106 0.120141 0.988475
vn 0.115580 0.091957 0.989032
vn 0.144431 0.061124 0.987625
vn 0.156619 0.020451 0.987447
vn 0.148932 -0.017259 0.988697
vn 0.146103 -0.036164 0.988608
vn 0.152245 -0.047039 0.987223
vn 0.152203 -0.061532 0.986432
vn 0.142613 -0.077690 0.986725
vn 0.127836 -0.093969 0.987334
vn 0.112269 -0.103946 0.988226
vn 0.101565 -0.100720 0.989717
vn 0.086486 -0.088788 0.992289
vn 0.038144 -0.078274 0.996202
vn 0.000000 -0.075347 0.997157
vn 0.000000 -0.075347 0.997157
vn 0.000000 -0.075347 0.997157
vn 0.000000 -0.075347 0.997157
vn 0.000000 -0.075347 0.997157
vn 0.000000 -0.075347 0.997157
vn 0.000000 -0.075347 0.997157
vn 0.000000 -0.075347 0.997157
vn 0.000000 -0.075347 0.997157
vn 0.000000 -0.075347 0.997157
vn 0.000000 -0.075347 0.997157
vn 0.000000 -0.075347 0.997157
vn 0.000000 -0.078130 0.996943
vn 0.000000 -0.011718 0.999931
vn 0.000000 -0.017941 0.999839
vn 0.000000 -0.017941 0.999839
vn 0.000000 -0.017941 0.999839
vn 0.000000 -0.017941 0.999839
vn 0.000000 -0.017941 0.999839
vn 0.000000 -0.017941 0.999839
vn 0.000000 -0.017941 0.999839
vn 0.000000 -0.017941 0.999839
vn 0.000000 -0.017941 0.999839
vn 0.000000 -0.017941 0.999839
vn 0.000000 -0.017941 0.999839
vn 0.004434 -0.018348 0.999822
vn 0.004312 -0.018836 0.999813
vn -0.001383 -0.017291 0.999850
vn -0.004069 -0.012654 0.999912
vn -0.010741 -0.006469 0.999921
vn -0.022943 0.000854 0.999736
vn -0.038950 0.010042 0.999191
vn -0.057267 0.020592 0.998147
vn -0.076800 0.031912 0.996536
vn -0.093329 0.044398 0.994645
vn -0.102248 0.055327 0.993219
vn -0.099160 0.063399 0.993050
vn -0.082836 0.071065 0.994026
vn -0.049721 0.085797 0.995071
vn -0.008496 0.106684 0.994257
vn 0.016902 0.110589 0.993723
vn 0.033480 0.106628 0.993735
vn 0.033313 0.108227 0.993568
vn 0.018360 0.108908 0.993882
vn 0.005176 0.111162 0.993789
vn 0.000000 0.112202 0.993685
vn 0.016091 0.111629 0.993620
vn 0.049553 0.118596 0.991705
vn 0.074536 0.127097 0.989086
vn 0.089929 0.135777 0.986650
vn 0.104311 0.135861 0.985221
vn 0.129901 0.110776 0.985319
vn 0.155245 0.062941 0.985869
vn 0.186275 0.015070 0.982382
vn 0.200647 -0.031037 0.979172
vn 0.175208 -0.067901 0.982187
vn 0.151313 -0.078784 0.985341
vn 0.155053 -0.073638 0.985158
vn 0.158935 -0.069128 0.984866
vn 0.150347 -0.066906 0.986367
vn 0.136267 -0.066163 0.988460
vn 0.113910 -0.065869 0.991305
vn 0.092693 -0.059813 0.993897
vn 0.076502 -0.049880 0.995821
vn 0.032948 -0.044893 0.998448
vn 0.000000 -0.043781 0.999041
vn 0.000000 -0.043781 0.999041
vn 0.000000 -0.043781 0.999041
vn 0.000000 -0.043781 0.999041
vn 0.000000 -0.043781 0.999041
vn 0.000000 -0.043781 0.999041
vn 0.000000 -0.043781 0.999041
vn 0.000000 -0.043781 0.999041
vn 0.000000 -0.043781 0.999041
vn 0.000000 -0.043781 0.999041
vn 0.000000 -0.043781 0.999041
vn 0.000000 -0.043781 0.999041
vn 0.000000 -0.051527 0.998672
vn 0.000000 0.014240 0.999899
vn 0.000000 0.010864 0.999941
vn 0.000000 0.010864 0.999941
vn 0.000000 0.010864 0.999941
vn 0.000000 0.010864 0.999941
vn 0.000000 0.010864 0.999941
vn 0.000000 0.010864 0.999941
vn 0.000000 0.010864 0.999941
vn 0.000000 0.010864 0.999941
vn 0.000000 0.010864 0.999941
vn 0.000000 0.010864 0.999941
vn 0.000000 0.010864 0.999941
vn 0.005493 0.010619 0.999929
vn 0.006266 0.008748 0.999942
vn -0.001383 0.005900 0.999982
vn -0.006917 0.004842 0.999964
vn -0.014647 0.005737 0.999876
vn -0.028064 0.007443 0.999578
vn -0.045604 0.010365 0.998906
vn -0.064475 0.014170 0.997819
vn -0.084241 0.017472 0.996292
vn -0.101021 0.020763 0.994668
vn -0.107417 0.023821 0.993929
vn -0.101572 0.024968 0.994515
vn -0.086079 0.024681 0.995983
vn -0.059606 0.026595 0.997868
vn -0.020411 0.033462 0.999232
vn 0.015448 0.039799 0.999088
vn 0.030148 0.045059 0.998529
vn 0.027783 0.052276 0.998246
vn 0.017954 0.056257 0.998255
vn 0.005444 0.054403 0.998504
vn 0.003089 0.050189 0.998735
vn 0.016664 0.044911 0.998852
vn 0.042808 0.043092 0.998154
vn 0.068296 0.044003 0.996694
vn 0.086707 0.043535 0.995282
vn 0.108312 0.041789 0.993238
vn 0.162348 0.034588 0.986127
vn 0.205023 -0.001673 0.978756
vn 0.228318 -0.046692 0.972466
vn 0.236047 -0.079759 0.968463
vn 0.195141 -0.104911 0.975148
vn 0.146920 -0.112129 0.982772
vn 0.141547 -0.099708 0.984897
vn 0.147361 -0.081422 0.985726
vn 0.139840 -0.063608 0.988129
vn 0.128342 -0.046839 0.990623
vn 0.106029 -0.033240 0.993807
vn 0.082785 -0.021244 0.996341
vn 0.070053 -0.013069 0.997458
vn 0.031680 -0.011305 0.999434
vn 0.000000 -0.011230 0.999937
vn 0.000000 -0.011230 0.999937
vn 0.000000 -0.011230 0.999937
vn 0.000000 -0.011230 0.999937
vn 0.000000 -0.011230 0.999937
vn 0.000000 -0.011230 0.999937
vn 0.000000 -0.011230 0.999937
vn 0.000000 -0.011230 0.999937
vn 0.000000 -0.011230 0.999937
vn 0.000000 -0.011230 0.999937
vn 0.000000 -0.011230 0.999937
vn 0.000000 -0.011230 0.999937
vn 0.000000 -0.014321 0.999897
vn 0.000000 0.021317 0.999773
vn 0.000000 0.021235 0.999775
vn 0.000000 0.021235 0.999775
vn 0.000000 0.021235 0.999775
vn 0.000000 0.021235 0.999775
vn 0.000000 0.021235 0.999775
vn 0.000000 0.021235 0.999775
vn 0.000000 0.021235 0.999775
vn 0.000000 0.021235 0.999775
vn 0.000000 0.021235 0.999775
vn 0.000000 0.021235 0.999775
vn 0.000000 0.021235 0.999775
vn 0.005004 0.022211 0.999741
vn 0.007729 0.024243 0.999676
vn 0.001139 0.023756 0.999717
vn -0.005288 0.021398 0.999757
vn -0.013587 0.018468 0.999737
vn -0.027980 0.015536 0.999488
vn -0.046495 0.013818 0.998823
vn -0.065124 0.012018 0.997805
vn -0.083767 0.009082 0.996444
vn -0.100721 0.005263 0.994901
vn -0.107687 0.002346 0.994182
vn -0.101844 0.001538 0.994799
vn -0.087150 0.003000 0.996191
vn -0.064722 0.007958 0.997872
vn -0.030660 0.018949 0.999350
vn 0.006100 0.034890 0.999373
vn 0.024217 0.047215 0.998591
vn 0.023482 0.050864 0.998429
vn 0.019911 0.048355 0.998632
vn 0.012847 0.038867 0.999162
vn 0.010901 0.026194 0.999597
vn 0.024242 0.014561 0.999600
vn 0.048688 0.004227 0.998805
vn 0.074902 -0.006005 0.997173
vn 0.095334 -0.017090 0.995299
vn 0.117679 -0.033842 0.992475
vn 0.175536 -0.051445 0.983128
vn 0.235521 -0.067224 0.969542
vn 0.255847 -0.085883 0.962895
vn 0.252835 -0.098690 0.962463
vn 0.207180 -0.106993 0.972434
vn 0.143866 -0.112180 0.983218
vn 0.123920 -0.103681 0.986861
vn 0.126692 -0.083255 0.988442
vn 0.118884 -0.060329 0.991074
vn 0.108574 -0.036542 0.993417
vn 0.090838 -0.015964 0.995738
vn 0.072965 -0.002841 0.997330
vn 0.066341 0.002355 0.997794
vn 0.031925 0.002847 0.999486
vn 0.000000 0.002686 0.999996
vn 0.000000 0.002686 0.999996
vn 0.000000 0.002686 0.999996
vn 0.000000 0.002686 0.999996
vn 0.000000 0.002686 0.999996
vn 0.000000 0.002686 0.999996
vn 0.000000 0.002686 0.999996
vn 0.000000 0.002686 0.999996
vn 0.000000 0.002686 0.999996
vn 0.000000 0.002686 0.999996
vn 0.000000 0.002686 0.999996
vn 0.000000 0.002686 0.999996
vn 0.000000 0.001139 0.999999
vn 0.000000 0.014972 0.999888
vn 0.000000 0.016599 0.999862
vn 0.000000 0.016599 0.999862
vn 0.000000 0.016599 0.999862
vn 0.000000 0.016599 0.999862
vn 0.000000 0.016599 0.999862
vn 0.000000 0.016599 0.999862
vn 0.000000 0.016599 0.999862
vn 0.000000 0.016599 0.999862
vn 0.000000 0.016599 0.999862
vn 0.000000 0.016599 0.999862
vn 0.000000 0.016599 0.999862
vn 0.001831 0.017819 0.999840
vn 0.003987 0.023106 0.999725
vn 0.000569 0.027496 0.999622
vn -0.003417 0.028796 0.999579
vn -0.010493 0.027820 0.999558
vn -0.024643 0.025375 0.999374
vn -0.043649 0.022190 0.998800
vn -0.061074 0.018192 0.997967
vn -0.077802 0.011845 0.996899
vn -0.094063 0.002917 0.995562
vn -0.103204 -0.006071 0.994642
vn -0.101277 -0.011172 0.994796
vn -0.091167 -0.009968 0.995786
vn -0.074822 -0.001866 0.997195
vn -0.048603 0.013979 0.998720
vn -0.014800 0.035780 0.999250
vn 0.014789 0.052980 0.998486
vn 0.020549 0.058643 0.998067
vn 0.025655 0.063733 0.997637
vn 0.029644 0.055877 0.997997
vn 0.031707 0.030975 0.999017
vn 0.042929 0.000488 0.999078
vn 0.063409 -0.025413 0.997664
vn 0.087228 -0.043736 0.995228
vn 0.108931 -0.059755 0.992252
vn 0.140481 -0.078313 0.986981
vn 0.193936 -0.100303 0.975873
vn 0.245467 -0.110742 0.963059
vn 0.262444 -0.112465 0.958371
vn 0.252769 -0.111994 0.961023
vn 0.205106 -0.104850 0.973107
vn 0.141836 -0.095894 0.985234
vn 0.111244 -0.088528 0.989842
vn 0.105321 -0.073604 0.991711
vn 0.095538 -0.052340 0.994049
vn 0.084861 -0.029422 0.995958
vn 0.073044 -0.008035 0.997296
vn 0.064359 0.006050 0.997908
vn 0.064963 0.011165 0.997825
vn 0.032411 0.011265 0.999411
vn 0.000000 0.011108 0.999938
vn 0.000000 0.011108 0.999938
vn 0.000000 0.011108 0.999938
vn 0.000000 0.011108 0.999938
vn 0.000000 0.011108 0.999938
vn 0.000000 0.011108 0.999938
vn 0.000000 0.011108 0.999938
vn 0.000000 0.011108 0.999938
vn 0.000000 0.011108 0.999938
vn 0.000000 0.011108 0.999938
vn 0.000000 0.011108 0.999938
vn 0.000000 0.011108 0.999938
vn 0.000000 0.009847 0.999952
vn 0.000000 -0.001465 0.999999
vn 0.000000 0.001831 0.999998
vn 0.000000 0.001831 0.999998
vn 0.000000 0.001831 0.999998
vn 0.000000 0.001831 0.999998
vn 0.000000 0.001831 0.999998
vn 0.000000 0.001831 0.999998
vn 0.000000 0.001831 0.999998
vn 0.000000 0.001831 0.999998
vn 0.000000 0.001831 0.999998
vn 0.000000 0.001831 0.999998
vn 0.000000 0.001831 0.999998
vn -0.002075 0.003296 0.999992
vn -0.003174 0.010619 0.999939
vn -0.004231 0.018999 0.999811
vn -0.005695 0.024854 0.999675
vn -0.010656 0.028104 0.999548
vn -0.023502 0.028992 0.999303
vn -0.042018 0.029461 0.998682
vn -0.057739 0.029844 0.997886
vn -0.070275 0.027063 0.997160
vn -0.082871 0.018042 0.996397
vn -0.092617 0.004983 0.995689
vn -0.095988 -0.006440 0.995362
vn -0.094138 -0.011220 0.995496
vn -0.086506 -0.006040 0.996233
vn -0.068844 0.009296 0.997584
vn -0.037470 0.032471 0.998770
vn 0.008371 0.050025 0.998713
vn 0.021459 0.043528 0.998822
vn 0.015609 0.041828 0.999003
vn 0.038736 0.052257 0.997882
vn 0.065328 0.036073 0.997212
vn 0.082722 -0.006204 0.996553
vn 0.094422 -0.051095 0.994220
vn 0.108813 -0.084753 0.990443
vn 0.129282 -0.109914 0.985497
vn 0.159501 -0.130714 0.978506
vn 0.204451 -0.142146 0.968501
vn 0.244052 -0.139676 0.959651
vn 0.257752 -0.131914 0.957164
vn 0.244029 -0.119861 0.962332
vn 0.190233 -0.101911 0.976435
vn 0.128892 -0.084628 0.988041
vn 0.100616 -0.072636 0.992270
vn 0.089316 -0.061041 0.994131
vn 0.076274 -0.046242 0.996014
vn 0.064937 -0.030236 0.997431
vn 0.056382 -0.014583 0.998303
vn 0.053796 -0.002357 0.998549
vn 0.061568 0.005929 0.998085
vn 0.032412 0.008581 0.999438
vn 0.000000 0.008667 0.999962
vn 0.000000 0.008667 0.999962
vn 0.000000 0.008667 0.999962
vn 0.000000 0.008667 0.999962
vn 0.000000 0.008667 0.999962
vn 0.000000 0.008667 0.999962
vn 0.000000 0.008667 0.999962
vn 0.000000 0.008667 0.999962
vn 0.000000 0.008667 0.999962
vn 0.000000 0.008667 0.999962
vn 0.000000 0.008667 0.999962
vn 0.000000 0.008667 0.999962
vn 0.000000 0.010742 0.999942
vn 0.000000 -0.004964 0.999988
vn 0.000000 -0.005737 0.999984
vn 0.000000 -0.005737 0.999984
vn 0.000000 -0.005737 0.999984
vn 0.000000 -0.005737 0.999984
vn 0.000000 -0.005737 0.999984
vn 0.000000 -0.005737 0.999984
vn 0.000000 -0.005737 0.999984
vn 0.000000 -0.005737 0.999984
vn 0.000000 -0.005737 0.999984
vn 0.000000 -0.005737 0.999984
vn 0.000000 -0.005737 0.999984
vn -0.006063 -0.004679 0.999971
vn -0.012857 0.001994 0.999915
vn -0.013588 0.012246 0.999833
vn -0.012529 0.021681 0.999686
vn -0.013909 0.028428 0.999499
vn -0.026181 0.032889 0.999116
vn -0.045571 0.039357 0.998185
vn -0.060452 0.046212 0.997101
vn -0.067310 0.049185 0.996519
vn -0.072089 0.043991 0.996428
vn -0.078093 0.030775 0.996471
vn -0.083601 0.014393 0.996395
vn -0.089081 0.000446 0.996024
vn -0.092215 -0.005389 0.995725
vn -0.083851 -0.001419 0.996477
vn -0.055010 0.005891 0.998468
vn -0.005370 0.017209 0.999837
vn 0.031138 0.031179 0.999029
vn 0.014153 0.028672 0.999489
vn 0.038042 0.028898 0.998858
vn 0.094940 0.011625 0.995415
vn 0.132929 -0.033414 0.990562
vn 0.138239 -0.088266 0.986458
vn 0.138906 -0.127277 0.982092
vn 0.152903 -0.151592 0.976545
vn 0.175241 -0.171098 0.969544
vn 0.205263 -0.180251 0.961965
vn 0.234130 -0.172581 0.956765
vn 0.242248 -0.154912 0.957767
vn 0.220100 -0.128621 0.966960
vn 0.166247 -0.098095 0.981193
vn 0.113414 -0.077746 0.990501
vn 0.090972 -0.066106 0.993657
vn 0.078007 -0.056014 0.995378
vn 0.063848 -0.045716 0.996912
vn 0.052949 -0.036991 0.997912
vn 0.045425 -0.028970 0.998548
vn 0.044947 -0.021905 0.998749
vn 0.055774 -0.015558 0.998322
vn 0.031029 -0.012119 0.999445
vn 0.000000 -0.011474 0.999934
vn 0.000000 -0.011474 0.999934
vn 0.000000 -0.011474 0.999934
vn 0.000000 -0.011474 0.999934
vn 0.000000 -0.011474 0.999934
vn 0.000000 -0.011474 0.999934
vn 0.000000 -0.011474 0.999934
vn 0.000000 -0.011474 0.999934
vn 0.000000 -0.011474 0.999934
vn 0.000000 -0.011474 0.999934
vn 0.000000 -0.011474 0.999934
vn 0.000000 -0.011474 0.999934
vn 0.000000 -0.006836 0.999977
vn 0.000000 -0.000488 1.000000
vn 0.000000 -0.001221 0.999999
vn 0.000000 -0.001221 0.999999
vn 0.000000 -0.001221 0.999999
vn 0.000000 -0.001221 0.999999
vn 0.000000 -0.001221 0.999999
vn 0.000000 -0.001221 0.999999
vn 0.000000 -0.001221 0.999999
vn 0.000000 -0.001221 0.999999
vn 0.000000 -0.001221 0.999999
vn 0.000000 -0.001221 0.999999
vn 0.000000 -0.001221 0.999999
vn -0.008911 -0.000488 0.999960
vn -0.020585 0.003987 0.999780
vn -0.023592 0.011633 0.999654
vn -0.021149 0.020905 0.999558
vn -0.019601 0.028629 0.999398
vn -0.034544 0.036007 0.998754
vn -0.057449 0.050389 0.997076
vn -0.069824 0.066179 0.995362
vn -0.069051 0.075851 0.994725
vn -0.063091 0.074754 0.995204
vn -0.060567 0.060810 0.996310
vn -0.063707 0.038143 0.997239
vn -0.072636 0.014202 0.997257
vn -0.084413 -0.005109 0.996418
vn -0.085855 -0.013863 0.996211
vn -0.058815 -0.007961 0.998237
vn -0.019121 0.003255 0.999812
vn 0.014317 0.024486 0.999598
vn 0.016590 0.033668 0.999295
vn 0.047464 0.018856 0.998695
vn 0.130857 -0.010085 0.991350
vn 0.183798 -0.052959 0.981536
vn 0.192372 -0.102064 0.976000
vn 0.170932 -0.153110 0.973314
vn 0.169359 -0.180712 0.968845
vn 0.188167 -0.192869 0.963013
vn 0.208290 -0.199406 0.957524
vn 0.219297 -0.193617 0.956254
vn 0.212939 -0.169004 0.962338
vn 0.184916 -0.131177 0.973960
vn 0.139135 -0.097996 0.985413
vn 0.099357 -0.080470 0.991793
vn 0.080112 -0.069431 0.994365
vn 0.066957 -0.057716 0.996085
vn 0.054305 -0.046269 0.997452
vn 0.046467 -0.037449 0.998218
vn 0.040391 -0.032589 0.998652
vn 0.040557 -0.030072 0.998725
vn 0.051588 -0.027459 0.998291
vn 0.029722 -0.025209 0.999240
vn 0.000000 -0.024895 0.999690
vn 0.000000 -0.024895 0.999690
vn 0.000000 -0.024895 0.999690
vn 0.000000 -0.024895 0.999690
vn 0.000000 -0.024895 0.999690
vn 0.000000 -0.024895 0.999690
vn 0.000000 -0.024895 0.999690
vn 0.000000 -0.024895 0.999690
vn 0.000000 -0.024895 0.999690
vn 0.000000 -0.024895 0.999690
vn 0.000000 -0.024895 0.999690
vn 0.000000 -0.024895 0.999690
vn 0.000000 -0.025057 0.999686
vn 0.000000 0.001628 0.999999
vn 0.000000 0.001465 0.999999
vn 0.000000 0.001465 0.999999
vn 0.000000 0.001465 0.999999
vn 0.000000 0.001465 0.999999
vn 0.000000 0.001465 0.999999
vn 0.000000 0.001465 0.999999
vn 0.000000 0.001465 0.999999
vn 0.000000 0.001465 0.999999
vn 0.000000 0.001465 0.999999
vn 0.000000 0.001465 0.999999
vn 0.000000 0.001465 0.999999
vn -0.011677 0.002767 0.999928
vn -0.025544 0.007484 0.999646
vn -0.030583 0.011794 0.999463
vn -0.029442 0.017730 0.999409
vn -0.027487 0.026023 0.999283
vn -0.045901 0.036152 0.998292
vn -0.074567 0.050251 0.995949
vn -0.085519 0.065373 0.994190
vn -0.077568 0.078296 0.993908
vn -0.057324 0.082829 0.994914
vn -0.039020 0.069440 0.996823
vn -0.035997 0.041360 0.998496
vn -0.047387 0.012761 0.998795
vn -0.065206 -0.009826 0.997823
vn -0.078183 -0.026439 0.996588
vn -0.069778 -0.032942 0.997018
vn -0.038616 -0.023332 0.998982
vn -0.008707 -0.006185 0.999943
vn 0.020665 0.008380 0.999751
vn 0.083524 -0.010299 0.996453
vn 0.170206 -0.056842 0.983768
vn 0.215446 -0.091306 0.972238
vn 0.233028 -0.111325 0.966077
vn 0.212931 -0.147613 0.965852
vn 0.189871 -0.179266 0.965304
vn 0.193663 -0.187080 0.963066
vn 0.205227 -0.177262 0.962528
vn 0.203035 -0.158449 0.966266
vn 0.182107 -0.133349 0.974195
vn 0.150706 -0.105350 0.982949
vn 0.116618 -0.083758 0.989639
vn 0.088687 -0.072437 0.993422
vn 0.070154 -0.064565 0.995445
vn 0.055494 -0.055007 0.996943
vn 0.043291 -0.044753 0.998060
vn 0.037873 -0.034947 0.998671
vn 0.036015 -0.026991 0.998987
vn 0.039104 -0.023007 0.998970
vn 0.048355 -0.020317 0.998624
vn 0.028590 -0.016023 0.999463
vn 0.000000 -0.015623 0.999878
vn 0.000000 -0.015623 0.999878
vn 0.000000 -0.015623 0.999878
vn 0.000000 -0.015623 0.999878
vn 0.000000 -0.015623 0.999878
vn 0.000000 -0.015623 0.999878
vn 0.000000 -0.015623 0.999878
vn 0.000000 -0.015623 0.999878
vn 0.000000 -0.015623 0.999878
vn 0.000000 -0.015623 0.999878
vn 0.000000 -0.015623 0.999878
vn 0.000000 -0.015623 0.999878
vn 0.000000 -0.018551 0.999828
vn 0.000000 0.001302 0.999999
vn 0.000000 0.001465 0.999999
vn 0.000000 0.001465 0.999999
vn 0.000000 0.001465 0.999999
vn 0.000000 0.001465 0.999999
vn 0.000000 0.001465 0.999999
vn 0.000000 0.001465 0.999999
vn 0.000000 0.001465 0.999999
vn 0.000000 0.001465 0.999999
vn 0.000000 0.001465 0.999999
vn 0.000000 0.001465 0.999999
vn 0.000000 0.001465 0.999999
vn -0.015094 0.002278 0.999883
vn -0.029893 0.006223 0.999534
vn -0.033590 0.008092 0.999403
vn -0.034402 0.009881 0.999359
vn -0.036024 0.014190 0.999250
vn -0.056537 0.021323 0.998173
vn -0.086070 0.028568 0.995879
vn -0.096173 0.034608 0.994763
vn -0.085312 0.039982 0.995552
vn -0.054641 0.040879 0.997669
vn -0.019274 0.031838 0.999307
vn -0.006998 0.011758 0.999906
vn -0.022942 -0.011593 0.999670
vn -0.048262 -0.029615 0.998396
vn -0.066122 -0.041823 0.996935
vn -0.065046 -0.050406 0.996608
vn -0.040675 -0.055653 0.997621
vn -0.015027 -0.059903 0.998091
vn 0.014539 -0.060227 0.998079
vn 0.084443 -0.034969 0.995815
vn 0.221821 -0.020587 0.974870
vn 0.247152 -0.083706 0.965354
vn 0.251582 -0.122314 0.960076
vn 0.242181 -0.148905 0.958736
vn 0.204340 -0.168675 0.964258
vn 0.185213 -0.166652 0.968464
vn 0.182038 -0.144879 0.972560
vn 0.175712 -0.113520 0.977874
vn 0.158035 -0.085142 0.983756
vn 0.133491 -0.067470 0.988751
vn 0.107654 -0.059803 0.992388
vn 0.083796 -0.056714 0.994868
vn 0.063745 -0.052918 0.996562
vn 0.047419 -0.047541 0.997743
vn 0.035752 -0.042456 0.998458
vn 0.029670 -0.037352 0.998862
vn 0.029027 -0.030125 0.999125
vn 0.033989 -0.022402 0.999171
vn 0.042438 -0.014756 0.998990
vn 0.024609 -0.007525 0.999669
vn 0.000000 -0.005737 0.999984
vn 0.000000 -0.005737 0.999984
vn 0.000000 -0.005737 0.999984
vn 0.000000 -0.005737 0.999984
vn 0.000000 -0.005737 0.999984
vn 0.000000 -0.005737 0.999984
vn 0.000000 -0.005737 0.999984
vn 0.000000 -0.005737 0.999984
vn 0.000000 -0.005737 0.999984
vn 0.000000 -0.005737 0.999984
vn 0.000000 -0.005737 0.999984
vn 0.000000 -0.005737 0.999984
vn 0.000000 -0.006103 0.999981
vn 0.000000 -0.001139 0.999999
vn 0.000000 -0.000610 1.000000
vn 0.000000 -0.000610 1.000000
vn 0.000000 -0.000610 1.000000
vn 0.000000 -0.000610 1.000000
vn 0.000000 -0.000610 1.000000
vn 0.000000 -0.000610 1.000000
vn 0.000000 -0.000610 1.000000
vn 0.000000 -0.000610 1.000000
vn 0.000000 -0.000610 1.000000
vn 0.000000 -0.000610 1.000000
vn 0.000000 -0.000610 1.000000
vn -0.016803 -0.000529 0.999859
vn -0.031722 0.000732 0.999496
vn -0.033022 -0.000407 0.999455
vn -0.036109 -0.001098 0.999347
vn -0.040007 0.001098 0.999199
vn -0.058655 0.001990 0.998276
vn -0.085702 -0.003446 0.996315
vn -0.095341 -0.012434 0.995367
vn -0.083429 -0.021526 0.996281
vn -0.048422 -0.031158 0.998341
vn -0.007806 -0.041102 0.999124
vn 0.009021 -0.050592 0.998679
vn -0.005604 -0.062741 0.998014
vn -0.033487 -0.078529 0.996349
vn -0.054361 -0.094526 0.994037
vn -0.053864 -0.111242 0.992333
vn -0.026118 -0.134581 0.990558
vn -0.003612 -0.165062 0.986277
vn 0.020385 -0.186219 0.982297
vn 0.049128 -0.208315 0.976827
vn 0.195014 -0.168239 0.966263
vn 0.292327 -0.127459 0.947787
vn 0.280793 -0.140203 0.949473
vn 0.260427 -0.145903 0.954406
vn 0.208665 -0.144790 0.967210
vn 0.170645 -0.133823 0.976203
vn 0.156042 -0.112799 0.981289
vn 0.148062 -0.088060 0.985050
vn 0.136980 -0.065916 0.988378
vn 0.122368 -0.050375 0.991206
vn 0.103512 -0.042497 0.993720
vn 0.080970 -0.039026 0.995952
vn 0.060235 -0.036246 0.997526
vn 0.045092 -0.035464 0.998353
vn 0.035595 -0.038643 0.998619
vn 0.026415 -0.042630 0.998742
vn 0.022275 -0.039956 0.998953
vn 0.024800 -0.032972 0.999149
vn 0.033014 -0.022646 0.999198
vn 0.019566 -0.014197 0.999708
vn 0.000000 -0.012572 0.999921
vn 0.000000 -0.012572 0.999921
vn 0.000000 -0.012572 0.999921
vn 0.000000 -0.012572 0.999921
vn 0.000000 -0.012572 0.999921
vn 0.000000 -0.012572 0.999921
vn 0.000000 -0.012572 0.999921
vn 0.000000 -0.012572 0.999921
vn 0.000000 -0.012572 0.999921
vn 0.000000 -0.012572 0.999921
vn 0.000000 -0.012572 0.999921
vn 0.000000 -0.012572 0.999921
vn 0.000000 -0.009928 0.999951
vn 0.000000 -0.022211 0.999753
vn 0.000000 -0.017209 0.999852
vn 0.000000 -0.017209 0.999852
vn 0.000000 -0.017209 0.999852
vn 0.000000 -0.017209 0.999852
vn 0.000000 -0.017209 0.999852
vn 0.000000 -0.017209 0.999852
vn 0.000000 -0.017209 0.999852
vn 0.000000 -0.017209 0.999852
vn 0.000000 -0.017209 0.999852
vn 0.000000 -0.017209 0.999852
vn 0.000000 -0.017209 0.999852
vn -0.017044 -0.017126 0.999708
vn -0.031880 -0.016550 0.999355
vn -0.031515 -0.016550 0.999366
vn -0.036348 -0.016832 0.999197
vn -0.042031 -0.016260 0.998984
vn -0.055084 -0.016574 0.998344
vn -0.074072 -0.025232 0.996934
vn -0.078704 -0.042391 0.995996
vn -0.066201 -0.065066 0.995683
vn -0.034843 -0.085731 0.995709
vn 0.000729 -0.097435 0.995242
vn 0.016834 -0.103511 0.994486
vn 0.008247 -0.113036 0.993557
vn -0.012502 -0.132439 0.991112
vn -0.030907 -0.161039 0.986464
vn -0.029631 -0.189606 0.981413
vn 0.004614 -0.211037 0.977467
vn 0.033845 -0.233828 0.971689
vn 0.045681 -0.260192 0.964476
vn 0.083233 -0.278741 0.956753
vn 0.151946 -0.299139 0.942034
vn 0.246390 -0.259157 0.933879
vn 0.250676 -0.211933 0.944588
vn 0.234088 -0.170054 0.957228
vn 0.188573 -0.137532 0.972381
vn 0.151710 -0.115280 0.981679
vn 0.135059 -0.096780 0.986100
vn 0.126758 -0.076779 0.988958
vn 0.118593 -0.056392 0.991340
vn 0.109603 -0.038798 0.993218
vn 0.096998 -0.027043 0.994917
vn 0.078513 -0.022305 0.996664
vn 0.061228 -0.024199 0.997830
vn 0.049718 -0.031927 0.998253
vn 0.044512 -0.042562 0.998102
vn 0.031028 -0.053203 0.998102
vn 0.018199 -0.054273 0.998360
vn 0.016418 -0.047628 0.998730
vn 0.021221 -0.036345 0.999114
vn 0.014846 -0.025217 0.999572
vn 0.000000 -0.023675 0.999720
vn 0.000000 -0.023675 0.999720
vn 0.000000 -0.023675 0.999720
vn 0.000000 -0.023675 0.999720
vn 0.000000 -0.023675 0.999720
vn 0.000000 -0.023675 0.999720
vn 0.000000 -0.023675 0.999720
vn 0.000000 -0.023675 0.999720
vn 0.000000 -0.023675 0.999720
vn 0.000000 -0.023675 0.999720
vn 0.000000 -0.023675 0.999720
vn 0.000000 -0.023675 0.999720
vn 0.000000 -0.022618 0.999744
vn 0.000000 -0.054930 0.998490
vn 0.000000 -0.049257 0.998786
vn 0.000000 -0.049257 0.998786
vn 0.000000 -0.049257 0.998786
vn 0.000000 -0.049257 0.998786
vn 0.000000 -0.049257 0.998786
vn 0.000000 -0.049257 0.998786
vn 0.000000 -0.049257 0.998786
vn 0.000000 -0.049257 0.998786
vn 0.000000 -0.049257 0.998786
vn 0.000000 -0.049257 0.998786
vn 0.000000 -0.049257 0.998786
vn -0.016945 -0.049493 0.998631
vn -0.033388 -0.048986 0.998241
vn -0.033393 -0.045825 0.998391
vn -0.037294 -0.042169 0.998414
vn -0.042651 -0.040457 0.998271
vn -0.051321 -0.041251 0.997830
vn -0.061494 -0.049244 0.996892
vn -0.058210 -0.064614 0.996211
vn -0.042773 -0.085302 0.995437
vn -0.017236 -0.104871 0.994336
vn 0.009293 -0.118139 0.992954
vn 0.023726 -0.126860 0.991637
vn 0.023124 -0.138665 0.990069
vn 0.016141 -0.161408 0.986756
vn 0.008295 -0.198287 0.980109
vn 0.003870 -0.241047 0.970506
vn 0.017710 -0.269250 0.962907
vn 0.047477 -0.277525 0.959545
vn 0.063593 -0.292574 0.954126
vn 0.091390 -0.305867 0.947678
vn 0.141117 -0.293467 0.945496
vn 0.200709 -0.243338 0.948948
vn 0.213097 -0.196507 0.957066
vn 0.199157 -0.157122 0.967290
vn 0.164170 -0.129792 0.977856
vn 0.135292 -0.113424 0.984292
vn 0.118586 -0.099773 0.987918
vn 0.107308 -0.083847 0.990684
vn 0.098027 -0.065298 0.993039
vn 0.091720 -0.045334 0.994752
vn 0.086231 -0.028365 0.995871
vn 0.077549 -0.020604 0.996776
vn 0.069633 -0.024834 0.997263
vn 0.061689 -0.036851 0.997415
vn 0.058503 -0.049253 0.997071
vn 0.039685 -0.062814 0.997236
vn 0.016154 -0.068999 0.997486
vn 0.008119 -0.067066 0.997715
vn 0.006418 -0.057844 0.998305
vn 0.006951 -0.043658 0.999022
vn 0.000000 -0.040494 0.999180
vn 0.000000 -0.040494 0.999180
vn 0.000000 -0.040494 0.999180
vn 0.000000 -0.040494 0.999180
vn 0.000000 -0.040494 0.999180
vn 0.000000 -0.040494 0.999180
vn 0.000000 -0.040494 0.999180
vn 0.000000 -0.040494 0.999180
vn 0.000000 -0.040494 0.999180
vn 0.000000 -0.040494 0.999180
vn 0.000000 -0.040494 0.999180
vn 0.000000 -0.040494 0.999180
vn 0.000000 -0.035947 0.999354
vn 0.000000 -0.076920 0.997037
vn 0.000000 -0.074257 0.997239
vn 0.000000 -0.074257 0.997239
vn 0.000000 -0.074257 0.997239
vn 0.000000 -0.074257 0.997239
vn 0.000000 -0.074257 0.997239
vn 0.000000 -0.074257 0.997239
vn 0.000000 -0.074257 0.997239
vn 0.000000 -0.074257 0.997239
vn 0.000000 -0.074257 0.997239
vn 0.000000 -0.074257 0.997239
vn 0.000000 -0.074257 0.997239
vn -0.015538 -0.075136 0.997052
vn -0.035599 -0.076307 0.996449
vn -0.038853 -0.071136 0.996710
vn -0.041626 -0.064021 0.997080
vn -0.044472 -0.059972 0.997209
vn -0.047873 -0.059720 0.997067
vn -0.049306 -0.067471 0.996502
vn -0.040679 -0.082574 0.995754
vn -0.023960 -0.100373 0.994661
vn -0.002708 -0.116112 0.993232
vn 0.018968 -0.126356 0.991804
vn 0.033370 -0.133603 0.990473
vn 0.039272 -0.143447 0.988879
vn 0.044138 -0.160060 0.986120
vn 0.048721 -0.185420 0.981451
vn 0.047109 -0.219246 0.974532
vn 0.043240 -0.254683 0.966057
vn 0.057063 -0.272224 0.960541
vn 0.080510 -0.273010 0.958636
vn 0.098573 -0.270979 0.957525
vn 0.112856 -0.262251 0.958378
vn 0.141691 -0.229268 0.962995
vn 0.163986 -0.183508 0.969244
vn 0.163689 -0.144032 0.975941
vn 0.145512 -0.121180 0.981907
vn 0.123127 -0.109763 0.986302
vn 0.105094 -0.098450 0.989577
vn 0.091485 -0.084582 0.992208
vn 0.081075 -0.069788 0.994262
vn 0.073743 -0.054659 0.995778
vn 0.071620 -0.038892 0.996673
vn 0.074631 -0.028271 0.996810
vn 0.079622 -0.031581 0.996325
vn 0.073697 -0.045361 0.996249
vn 0.070186 -0.057178 0.995894
vn 0.050997 -0.069604 0.996270
vn 0.020117 -0.077670 0.996776
vn 0.004381 -0.077040 0.997018
vn -0.003897 -0.069775 0.997555
vn -0.002234 -0.060396 0.998172
vn 0.000000 -0.057400 0.998351
vn 0.000000 -0.057400 0.998351
vn 0.000000 -0.057400 0.998351
vn 0.000000 -0.057400 0.998351
vn 0.000000 -0.057400 0.998351
vn 0.000000 -0.057400 0.998351
vn 0.000000 -0.057400 0.998351
vn 0.000000 -0.057400 0.998351
vn 0.000000 -0.057400 0.998351
vn 0.000000 -0.057400 0.998351
vn 0.000000 -0.057400 0.998351
vn 0.000000 -0.057400 0.998351
vn 0.000000 -0.056307 0.998414
vn 0.000000 -0.074338 0.997233
vn 0.000000 -0.076315 0.997084
vn 0.000000 -0.076315 0.997084
vn 0.000000 -0.076315 0.997084
vn 0.000000 -0.076315 0.997084
vn 0.000000 -0.076315 0.997084
vn 0.000000 -0.076315 0.997084
vn 0.000000 -0.076315 0.997084
vn 0.000000 -0.076315 0.997084
vn 0.000000 -0.076315 0.997084
vn 0.000000 -0.076315 0.997084
vn 0.000000 -0.076315 0.997084
vn -0.013346 -0.076711 0.996964
vn -0.036565 -0.078359 0.996254
vn -0.046615 -0.073894 0.996176
vn -0.049151 -0.065332 0.996652
vn -0.047308 -0.059196 0.997125
vn -0.043824 -0.059772 0.997250
vn -0.036264 -0.069972 0.996890
vn -0.023098 -0.087409 0.995905
vn -0.006393 -0.105645 0.994383
vn 0.011066 -0.121084 0.992581
vn 0.026452 -0.131452 0.990970
vn 0.038428 -0.136189 0.989937
vn 0.047569 -0.139689 0.989052
vn 0.057712 -0.145365 0.987693
vn 0.066844 -0.152426 0.986052
vn 0.072342 -0.160187 0.984432
vn 0.073675 -0.174478 0.981901
vn 0.070762 -0.195770 0.978093
vn 0.072046 -0.205137 0.976078
vn 0.080927 -0.193246 0.977807
vn 0.097172 -0.171727 0.980340
vn 0.118539 -0.154340 0.980881
vn 0.138270 -0.136234 0.980980
vn 0.141816 -0.117700 0.982871
vn 0.134092 -0.104138 0.985482
vn 0.114739 -0.096273 0.988720
vn 0.093462 -0.087530 0.991768
vn 0.077983 -0.076163 0.994041
vn 0.067657 -0.064132 0.995645
vn 0.060433 -0.052767 0.996777
vn 0.059249 -0.042570 0.997335
vn 0.070014 -0.035575 0.996911
vn 0.087736 -0.036334 0.995481
vn 0.087143 -0.044989 0.995179
vn 0.080353 -0.053258 0.995343
vn 0.062187 -0.059633 0.996281
vn 0.024758 -0.066765 0.997461
vn -0.001867 -0.068160 0.997673
vn -0.014702 -0.059256 0.998135
vn -0.008168 -0.050106 0.998710
vn 0.000000 -0.048648 0.998816
vn 0.000000 -0.048648 0.998816
vn 0.000000 -0.048648 0.998816
vn 0.000000 -0.048648 0.998816
vn 0.000000 -0.048648 0.998816
vn 0.000000 -0.048648 0.998816
vn 0.000000 -0.048648 0.998816
vn 0.000000 -0.048648 0.998816
vn 0.000000 -0.048648 0.998816
vn 0.000000 -0.048648 0.998816
vn 0.000000 -0.048648 0.998816
vn 0.000000 -0.048648 0.998816
vn 0.000000 -0.052661 0.998612
vn 0.000000 -0.051445 0.998676
vn 0.000000 -0.056186 0.998420
vn 0.000000 -0.056186 0.998420
vn 0.000000 -0.056186 0.998420
vn 0.000000 -0.056186 0.998420
vn 0.000000 -0.056186 0.998420
vn 0.000000 -0.056186 0.998420
vn 0.000000 -0.056186 0.998420
vn 0.000000 -0.056186 0.998420
vn 0.000000 -0.056186 0.998420
vn 0.000000 -0.056186 0.998420
vn 0.000000 -0.056186 0.998420
vn -0.011821 -0.056910 0.998309
vn -0.036776 -0.059061 0.997577
vn -0.052493 -0.057402 0.996970
vn -0.056389 -0.053265 0.996987
vn -0.050654 -0.049315 0.997498
vn -0.038903 -0.049665 0.998008
vn -0.021280 -0.058521 0.998059
vn -0.002678 -0.075831 0.997117
vn 0.012311 -0.096505 0.995256
vn 0.025215 -0.114560 0.993096
vn 0.035368 -0.128284 0.991107
vn 0.042921 -0.137863 0.989521
vn 0.050994 -0.143410 0.988349
vn 0.060433 -0.145538 0.987505
vn 0.067733 -0.143661 0.987306
vn 0.073461 -0.138563 0.987625
vn 0.081813 -0.134373 0.987548
vn 0.086563 -0.137393 0.986727
vn 0.082672 -0.149307 0.985329
vn 0.078996 -0.162795 0.983492
vn 0.086080 -0.167365 0.982130
vn 0.100166 -0.158203 0.982313
vn 0.115803 -0.134783 0.984085
vn 0.122570 -0.110048 0.986340
vn 0.121860 -0.090731 0.988392
vn 0.106876 -0.078564 0.991164
vn 0.084207 -0.070132 0.993977
vn 0.067347 -0.061026 0.995862
vn 0.057203 -0.051361 0.997041
vn 0.051156 -0.042387 0.997791
vn 0.052386 -0.035086 0.998010
vn 0.066715 -0.029949 0.997322
vn 0.089052 -0.025848 0.995692
vn 0.093794 -0.024542 0.995289
vn 0.083414 -0.028453 0.996109
vn 0.063888 -0.029062 0.997534
vn 0.026429 -0.027405 0.999275
vn -0.003254 -0.024813 0.999687
vn -0.024320 -0.020335 0.999497
vn -0.013059 -0.011961 0.999843
vn 0.000000 -0.010253 0.999947
vn 0.000000 -0.010253 0.999947
vn 0.000000 -0.010253 0.999947
vn 0.000000 -0.010253 0.999947
vn 0.000000 -0.010253 0.999947
vn 0.000000 -0.010253 0.999947
vn 0.000000 -0.010253 0.999947
vn 0.000000 -0.010253 0.999947
vn 0.000000 -0.010253 0.999947
vn 0.000000 -0.010253 0.999947
vn 0.000000 -0.010253 0.999947
vn 0.000000 -0.010253 0.999947
vn 0.000000 -0.019040 0.999819
vn 0.000000 -0.036109 0.999348
vn 0.000000 -0.037571 0.999294
vn 0.000000 -0.037571 0.999294
vn 0.000000 -0.037571 0.999294
vn 0.000000 -0.037571 0.999294
vn 0.000000 -0.037571 0.999294
vn 0.000000 -0.037571 0.999294
vn 0.000000 -0.037571 0.999294
vn 0.000000 -0.037571 0.999294
vn 0.000000 -0.037571 0.999294
vn 0.000000 -0.037571 0.999294
vn 0.000000 -0.037571 0.999294
vn -0.009799 -0.038138 0.999224
vn -0.034943 -0.040875 0.998553
vn -0.053668 -0.041814 0.997683
vn -0.057794 -0.042290 0.997432
vn -0.050910 -0.043846 0.997740
vn -0.035259 -0.046632 0.998290
vn -0.010402 -0.052496 0.998567
vn 0.014779 -0.063989 0.997841
vn 0.032025 -0.080426 0.996246
vn 0.043284 -0.098866 0.994159
vn 0.051651 -0.117748 0.991699
vn 0.056097 -0.136983 0.988984
vn 0.058528 -0.152701 0.986538
vn 0.060933 -0.160270 0.985191
vn 0.062546 -0.158769 0.985333
vn 0.065095 -0.151542 0.986305
vn 0.074553 -0.141073 0.987188
vn 0.087042 -0.130683 0.987596
vn 0.092511 -0.126510 0.987642
vn 0.090159 -0.129936 0.987415
vn 0.087337 -0.132653 0.987307
vn 0.086851 -0.126416 0.988168
vn 0.091112 -0.108513 0.989911
vn 0.098840 -0.085042 0.991463
vn 0.104114 -0.063890 0.992511
vn 0.096752 -0.049913 0.994056
vn 0.077652 -0.043851 0.996016
vn 0.059820 -0.040584 0.997384
vn 0.048740 -0.035336 0.998186
vn 0.043399 -0.028282 0.998657
vn 0.046812 -0.021943 0.998663
vn 0.061479 -0.017380 0.997957
vn 0.081510 -0.010949 0.996612
vn 0.089805 -0.000811 0.995959
vn 0.082399 0.007624 0.996570
vn 0.061885 0.016324 0.997950
vn 0.022124 0.022531 0.999501
vn -0.008459 0.029933 0.999516
vn -0.031702 0.036091 0.998846
vn -0.019144 0.042921 0.998895
vn 0.000000 0.045120 0.998982
vn 0.000000 0.045120 0.998982
vn 0.000000 0.045120 0.998982
vn 0.000000 0.045120 0.998982
vn 0.000000 0.045120 0.998982
vn 0.000000 0.045120 0.998982
vn 0.000000 0.045120 0.998982
vn 0.000000 0.045120 0.998982
vn 0.000000 0.045120 0.998982
vn 0.000000 0.045120 0.998982
vn 0.000000 0.045120 0.998982
vn 0.000000 0.045120 0.998982
vn 0.000000 0.035459 0.999371
vn 0.000000 -0.032535 0.999471
vn 0.000000 -0.032697 0.999465
vn 0.000000 -0.032697 0.999465
vn 0.000000 -0.032697 0.999465
vn 0.000000 -0.032697 0.999465
vn 0.000000 -0.032697 0.999465
vn 0.000000 -0.032697 0.999465
vn 0.000000 -0.032697 0.999465
vn 0.000000 -0.032697 0.999465
vn 0.000000 -0.032697 0.999465
vn 0.000000 -0.032697 0.999465
vn 0.000000 -0.032697 0.999465
vn -0.008499 -0.032859 0.999424
vn -0.031946 -0.035117 0.998872
vn -0.051973 -0.038899 0.997891
vn -0.055446 -0.042944 0.997538
vn -0.047176 -0.047582 0.997753
vn -0.031191 -0.052636 0.998127
vn -0.004956 -0.055739 0.998433
vn 0.024771 -0.058395 0.997986
vn 0.046643 -0.065138 0.996786
vn 0.061382 -0.077902 0.995070
vn 0.072944 -0.096935 0.992614
vn 0.078599 -0.120637 0.989580
vn 0.075878 -0.144048 0.986657
vn 0.068585 -0.161127 0.984548
vn 0.060923 -0.168999 0.983732
vn 0.056942 -0.168183 0.984110
vn 0.061426 -0.158859 0.985389
vn 0.072663 -0.142313 0.987151
vn 0.081858 -0.122786 0.989051
vn 0.084116 -0.104077 0.991006
vn 0.079670 -0.088518 0.992883
vn 0.073654 -0.073532 0.994569
vn 0.071636 -0.057414 0.995777
vn 0.078793 -0.039761 0.996098
vn 0.088333 -0.023542 0.995813
vn 0.089154 -0.012927 0.995934
vn 0.076432 -0.009858 0.997026
vn 0.059623 -0.010763 0.998163
vn 0.045928 -0.011909 0.998874
vn 0.038137 -0.010693 0.999215
vn 0.041467 -0.006464 0.999119
vn 0.056793 -0.001097 0.998385
vn 0.074176 0.004829 0.997233
vn 0.078928 0.013912 0.996783
vn 0.068903 0.026660 0.997267
vn 0.048319 0.043163 0.997899
vn 0.013975 0.054398 0.998422
vn -0.015433 0.059417 0.998114
vn -0.036119 0.062782 0.997373
vn -0.022935 0.065071 0.997617
vn 0.000000 0.065896 0.997826
vn 0.000000 0.065896 0.997826
vn 0.000000 0.065896 0.997826
vn 0.000000 0.065896 0.997826
vn 0.000000 0.065896 0.997826
vn 0.000000 0.065896 0.997826
vn 0.000000 0.065896 0.997826
vn 0.000000 0.065896 0.997826
vn 0.000000 0.065896 0.997826
vn 0.000000 0.065896 0.997826
vn 0.000000 0.065896 0.997826
vn 0.000000 0.065896 0.997826
vn 0.000000 0.068604 0.997644
vn 0.000000 -0.041468 0.999140
vn 0.000000 -0.039155 0.999233
vn 0.000000 -0.039155 0.999233
vn 0.000000 -0.039155 0.999233
vn 0.000000 -0.039155 0.999233
vn 0.000000 -0.039155 0.999233
vn 0.000000 -0.039155 0.999233
vn 0.000000 -0.039155 0.999233
vn 0.000000 -0.039155 0.999233
vn 0.000000 -0.039155 0.999233
vn 0.000000 -0.039155 0.999233
vn 0.000000 -0.039155 0.999233
vn -0.008823 -0.038503 0.999220
vn -0.028694 -0.038246 0.998856
vn -0.046213 -0.042843 0.998012
vn -0.048951 -0.050534 0.997522
vn -0.040505 -0.058729 0.997452
vn -0.025813 -0.066359 0.997462
vn -0.003978 -0.070906 0.997475
vn 0.023699 -0.069352 0.997311
vn 0.049960 -0.065410 0.996607
vn 0.072964 -0.066769 0.995097
vn 0.092741 -0.077351 0.992681
vn 0.102654 -0.095523 0.990120
vn 0.098127 -0.116345 0.988350
vn 0.084916 -0.135167 0.987177
vn 0.068954 -0.149267 0.986390
vn 0.056178 -0.155974 0.986162
vn 0.050591 -0.154062 0.986765
vn 0.053089 -0.142134 0.988423
vn 0.058302 -0.121441 0.990885
vn 0.061118 -0.096892 0.993417
vn 0.060835 -0.074079 0.995395
vn 0.057109 -0.055770 0.996809
vn 0.055858 -0.039904 0.997641
vn 0.063007 -0.024399 0.997715
vn 0.075141 -0.009778 0.997125
vn 0.082804 0.001014 0.996565
vn 0.076516 0.003935 0.997061
vn 0.060841 0.002396 0.998145
vn 0.046093 0.002317 0.998934
vn 0.036190 0.004432 0.999335
vn 0.036758 0.008498 0.999288
vn 0.051035 0.014181 0.998596
vn 0.067864 0.019685 0.997500
vn 0.069633 0.024713 0.997267
vn 0.056684 0.031144 0.997906
vn 0.036976 0.038235 0.998584
vn 0.009838 0.041750 0.999080
vn -0.016909 0.042639 0.998947
vn -0.036318 0.043509 0.998393
vn -0.023288 0.042552 0.998823
vn 0.000000 0.042320 0.999104
vn 0.000000 0.042320 0.999104
vn 0.000000 0.042320 0.999104
vn 0.000000 0.042320 0.999104
vn 0.000000 0.042320 0.999104
vn 0.000000 0.042320 0.999104
vn 0.000000 0.042320 0.999104
vn 0.000000 0.042320 0.999104
vn 0.000000 0.042320 0.999104
vn 0.000000 0.042320 0.999104
vn 0.000000 0.042320 0.999104
vn 0.000000 0.042320 0.999104
vn 0.000000 0.047472 0.998873
vn 0.000000 -0.056955 0.998377
vn 0.000000 -0.054241 0.998528
vn 0.000000 -0.054241 0.998528
vn 0.000000 -0.054241 0.998528
vn 0.000000 -0.054241 0.998528
vn 0.000000 -0.054241 0.998528
vn 0.000000 -0.054241 0.998528
vn 0.000000 -0.054241 0.998528
vn 0.000000 -0.054241 0.998528
vn 0.000000 -0.054241 0.998528
vn 0.000000 -0.054241 0.998528
vn 0.000000 -0.054241 0.998528
vn -0.008897 -0.055454 0.998422
vn -0.026313 -0.058595 0.997935
vn -0.039517 -0.065037 0.997100
vn -0.040954 -0.072542 0.996524
vn -0.032757 -0.079014 0.996335
vn -0.018727 -0.085003 0.996205
vn -0.001297 -0.089765 0.995962
vn 0.019692 -0.089345 0.995806
vn 0.043835 -0.082362 0.995638
vn 0.073328 -0.074178 0.994545
vn 0.102921 -0.074224 0.991916
vn 0.118127 -0.083703 0.989464
vn 0.114975 -0.096509 0.988669
vn 0.101296 -0.110830 0.988664
vn 0.080236 -0.125021 0.988904
vn 0.060140 -0.132961 0.989295
vn 0.047122 -0.134478 0.989796
vn 0.040553 -0.129924 0.990694
vn 0.038157 -0.117621 0.992325
vn 0.039322 -0.100004 0.994210
vn 0.042540 -0.082648 0.995670
vn 0.042100 -0.068382 0.996771
vn 0.041486 -0.055368 0.997604
vn 0.047836 -0.041988 0.997972
vn 0.060737 -0.027364 0.997779
vn 0.072960 -0.013066 0.997249
vn 0.074499 -0.003165 0.997216
vn 0.061812 0.000325 0.998088
vn 0.043903 0.002195 0.999033
vn 0.033184 0.005124 0.999436
vn 0.034403 0.003660 0.999401
vn 0.044065 0.003008 0.999024
vn 0.058406 0.014947 0.998181
vn 0.065909 0.029058 0.997402
vn 0.055227 0.031025 0.997992
vn 0.036825 0.028290 0.998921
vn 0.011470 0.024405 0.999636
vn -0.017165 0.021070 0.999631
vn -0.036670 0.020327 0.999121
vn -0.022736 0.018953 0.999562
vn 0.000000 0.018796 0.999823
vn 0.000000 0.018796 0.999823
vn 0.000000 0.018796 0.999823
vn 0.000000 0.018796 0.999823
vn 0.000000 0.018796 0.999823
vn 0.000000 0.018796 0.999823
vn 0.000000 0.018796 0.999823
vn 0.000000 0.018796 0.999823
vn 0.000000 0.018796 0.999823
vn 0.000000 0.018796 0.999823
vn 0.000000 0.018796 0.999823
vn 0.000000 0.018796 0.999823
vn 0.000000 0.021479 0.999769
vn 0.000000 -0.091734 0.995784
vn 0.000000 -0.084414 0.996431
vn 0.000000 -0.084414 0.996431
vn 0.000000 -0.084414 0.996431
vn 0.000000 -0.084414 0.996431
vn 0.000000 -0.084414 0.996431
vn 0.000000 -0.084414 0.996431
vn 0.000000 -0.084414 0.996431
vn 0.000000 -0.084414 0.996431
vn 0.000000 -0.084414 0.996431
vn 0.000000 -0.084414 0.996431
vn 0.000000 -0.084414 0.996431
vn -0.005635 -0.085218 0.996346
vn -0.018961 -0.090673 0.995700
vn -0.030919 -0.099232 0.994584
vn -0.034859 -0.105143 0.993846
vn -0.028628 -0.107963 0.993743
vn -0.015610 -0.109353 0.993880
vn -0.000404 -0.109046 0.994037
vn 0.015778 -0.106074 0.994233
vn 0.033426 -0.098983 0.994528
vn 0.064317 -0.087131 0.994118
vn 0.104475 -0.079546 0.991341
vn 0.127102 -0.081973 0.988497
vn 0.124821 -0.087906 0.988277
vn 0.112474 -0.092669 0.989324
vn 0.093894 -0.101873 0.990356
vn 0.067257 -0.116127 0.990955
vn 0.047350 -0.123578 0.991205
vn 0.036070 -0.124431 0.991572
vn 0.026405 -0.121367 0.992256
vn 0.024254 -0.111570 0.993461
vn 0.028493 -0.099159 0.994664
vn 0.030466 -0.087834 0.995669
vn 0.030328 -0.078497 0.996453
vn 0.034971 -0.068562 0.997034
vn 0.046024 -0.055034 0.997423
vn 0.058609 -0.039614 0.997495
vn 0.064137 -0.025411 0.997618
vn 0.055815 -0.014380 0.998338
vn 0.040249 -0.007806 0.999159
vn 0.032372 -0.005775 0.999459
vn 0.039276 -0.005855 0.999211
vn 0.045118 -0.008780 0.998943
vn 0.043415 -0.007805 0.999027
vn 0.048444 0.008128 0.998793
vn 0.054266 0.023965 0.998239
vn 0.041457 0.023167 0.998872
vn 0.016027 0.017410 0.999720
vn -0.013344 0.012368 0.999834
vn -0.033915 0.008052 0.999392
vn -0.020625 0.004638 0.999777
vn 0.000000 0.003662 0.999993
vn 0.000000 0.003662 0.999993
vn 0.000000 0.003662 0.999993
vn 0.000000 0.003662 0.999993
vn 0.000000 0.003662 0.999993
vn 0.000000 0.003662 0.999993
vn 0.000000 0.003662 0.999993
vn 0.000000 0.003662 0.999993
vn 0.000000 0.003662 0.999993
vn 0.000000 0.003662 0.999993
vn 0.000000 0.003662 0.999993
vn 0.000000 0.003662 0.999993
vn 0.000000 0.006022 0.999982
vn 0.000000 -0.113679 0.993518
vn 0.000000 -0.111843 0.993726
vn 0.000000 -0.111843 0.993726
vn 0.000000 -0.111843 0.993726
vn 0.000000 -0.111843 0.993726
vn 0.000000 -0.111843 0.993726
vn 0.000000 -0.111843 0.993726
vn 0.000000 -0.111843 0.993726
vn 0.000000 -0.111843 0.993726
vn 0.000000 -0.111843 0.993726
vn 0.000000 -0.111843 0.993726
vn 0.000000 -0.111843 0.993726
vn -0.002547 -0.113279 0.993560
vn -0.011311 -0.119571 0.992761
vn -0.024288 -0.127493 0.991542
vn -0.032576 -0.131190 0.990822
vn -0.028953 -0.130492 0.991027
vn -0.018242 -0.126318 0.991822
vn -0.004606 -0.119020 0.992881
vn 0.010270 -0.111917 0.993665
vn 0.024915 -0.106214 0.994031
vn 0.053212 -0.098338 0.993729
vn 0.099206 -0.088802 0.991097
vn 0.130158 -0.084574 0.987880
vn 0.127840 -0.086835 0.987986
vn 0.112602 -0.087955 0.989740
vn 0.102337 -0.086853 0.990951
vn 0.082420 -0.096223 0.991942
vn 0.056516 -0.111983 0.992102
vn 0.039141 -0.122668 0.991676
vn 0.025415 -0.128283 0.991412
vn 0.015574 -0.128389 0.991602
vn 0.016076 -0.119802 0.992668
vn 0.019901 -0.107026 0.994057
vn 0.022269 -0.096849 0.995050
vn 0.025200 -0.089133 0.995701
vn 0.031461 -0.078897 0.996386
vn 0.042678 -0.064342 0.997015
vn 0.050412 -0.048951 0.997528
vn 0.045414 -0.036397 0.998305
vn 0.033945 -0.025652 0.999094
vn 0.030580 -0.017039 0.999387
vn 0.037811 -0.013539 0.999193
vn 0.043819 -0.010772 0.998981
vn 0.041629 -0.008822 0.999094
vn 0.036351 -0.009881 0.999290
vn 0.045282 -0.004187 0.998965
vn 0.042767 0.000041 0.999085
vn 0.021235 -0.000122 0.999774
vn -0.008056 -0.004028 0.999959
vn -0.031153 -0.007524 0.999486
vn -0.018836 -0.008014 0.999790
vn 0.000000 -0.008423 0.999965
vn 0.000000 -0.008423 0.999965
vn 0.000000 -0.008423 0.999965
vn 0.000000 -0.008423 0.999965
vn 0.000000 -0.008423 0.999965
vn 0.000000 -0.008423 0.999965
vn 0.000000 -0.008423 0.999965
vn 0.000000 -0.008423 0.999965
vn 0.000000 -0.008423 0.999965
vn 0.000000 -0.008423 0.999965
vn 0.000000 -0.008423 0.999965
vn 0.000000 -0.008423 0.999965
vn 0.000000 -0.006754 0.999977
vn 0.000000 -0.122285 0.992495
vn 0.000000 -0.121051 0.992646
vn 0.000000 -0.121051 0.992646
vn 0.000000 -0.121051 0.992646
vn 0.000000 -0.121051 0.992646
vn 0.000000 -0.121051 0.992646
vn 0.000000 -0.121051 0.992646
vn 0.000000 -0.121051 0.992646
vn 0.000000 -0.121051 0.992646
vn 0.000000 -0.121051 0.992646
vn 0.000000 -0.121051 0.992646
vn 0.000000 -0.121051 0.992646
vn 0.001010 -0.121688 0.992568
vn -0.004117 -0.125584 0.992074
vn -0.017344 -0.130646 0.991277
vn -0.029658 -0.135597 0.990320
vn -0.030046 -0.138994 0.989837
vn -0.024250 -0.139253 0.989960
vn -0.013869 -0.134298 0.990844
vn 0.002664 -0.126776 0.991928
vn 0.020112 -0.120549 0.992504
vn 0.045304 -0.114957 0.992337
vn 0.088757 -0.104114 0.990597
vn 0.125894 -0.091044 0.987857
vn 0.130603 -0.087082 0.987603
vn 0.113607 -0.090781 0.989370
vn 0.100155 -0.089873 0.990905
vn 0.091472 -0.086265 0.992064
vn 0.072078 -0.094259 0.992935
vn 0.051933 -0.110934 0.992470
vn 0.034367 -0.126940 0.991315
vn 0.016681 -0.138643 0.990202
vn 0.007009 -0.140792 0.990014
vn 0.006615 -0.132089 0.991216
vn 0.010666 -0.118656 0.992878
vn 0.015537 -0.104994 0.994351
vn 0.020737 -0.093762 0.995379
vn 0.029182 -0.083533 0.996078
vn 0.036340 -0.071748 0.996761
vn 0.034666 -0.059874 0.997604
vn 0.024211 -0.051998 0.998354
vn 0.019833 -0.044219 0.998825
vn 0.029676 -0.031018 0.999078
vn 0.039270 -0.017928 0.999068
vn 0.042764 -0.012398 0.999008
vn 0.042354 -0.018575 0.998930
vn 0.044290 -0.028809 0.998603
vn 0.041124 -0.030762 0.998680
vn 0.020983 -0.028181 0.999383
vn -0.007484 -0.026073 0.999632
vn -0.032365 -0.021915 0.999236
vn -0.019728 -0.017125 0.999659
vn 0.000000 -0.016477 0.999864
vn 0.000000 -0.016477 0.999864
vn 0.000000 -0.016477 0.999864
vn 0.000000 -0.016477 0.999864
vn 0.000000 -0.016477 0.999864
vn 0.000000 -0.016477 0.999864
vn 0.000000 -0.016477 0.999864
vn 0.000000 -0.016477 0.999864
vn 0.000000 -0.016477 0.999864
vn 0.000000 -0.016477 0.999864
vn 0.000000 -0.016477 0.999864
vn 0.000000 -0.016477 0.999864
vn 0.000000 -0.015460 0.999880
vn 0.000000 -0.099359 0.995052
vn 0.000000 -0.105727 0.994395
vn 0.000000 -0.105727 0.994395
vn 0.000000 -0.105727 0.994395
vn 0.000000 -0.105727 0.994395
vn 0.000000 -0.105727 0.994395
vn 0.000000 -0.105727 0.994395
vn 0.000000 -0.105727 0.994395
vn 0.000000 -0.105727 0.994395
vn 0.000000 -0.105727 0.994395
vn 0.000000 -0.105727 0.994395
vn 0.000000 -0.105727 0.994395
vn 0.003762 -0.107167 0.994234
vn -0.000323 -0.112841 0.993613
vn -0.012686 -0.118334 0.992893
vn -0.023647 -0.126106 0.991735
vn -0.025151 -0.134822 0.990551
vn -0.021990 -0.140761 0.989799
vn -0.015298 -0.144487 0.989388
vn -0.000966 -0.146238 0.989249
vn 0.016421 -0.145982 0.989151
vn 0.037584 -0.143456 0.988943
vn 0.072884 -0.132373 0.988517
vn 0.110334 -0.112866 0.987465
vn 0.125606 -0.095349 0.987488
vn 0.115234 -0.087090 0.989513
vn 0.096437 -0.085663 0.991646
vn 0.088855 -0.082918 0.992587
vn 0.080024 -0.083783 0.993266
vn 0.067760 -0.090441 0.993594
vn 0.052053 -0.104065 0.993207
vn 0.029875 -0.121316 0.992164
vn 0.009437 -0.132958 0.991077
vn -0.000968 -0.135340 0.990799
vn -0.002098 -0.129951 0.991518
vn 0.001535 -0.119459 0.992838
vn 0.009304 -0.107483 0.994163
vn 0.018788 -0.096896 0.995117
vn 0.025045 -0.086198 0.995963
vn 0.023934 -0.074438 0.996938
vn 0.018432 -0.064107 0.997773
vn 0.014256 -0.059095 0.998151
vn 0.016980 -0.054760 0.998355
vn 0.024627 -0.043890 0.998733
vn 0.037146 -0.031782 0.998804
vn 0.051587 -0.028190 0.998271
vn 0.052630 -0.034356 0.998023
vn 0.041359 -0.036728 0.998469
vn 0.017727 -0.035291 0.999220
vn -0.011387 -0.032045 0.999422
vn -0.038612 -0.027476 0.998876
vn -0.024441 -0.022774 0.999442
vn 0.000000 -0.020747 0.999785
vn 0.000000 -0.020747 0.999785
vn 0.000000 -0.020747 0.999785
vn 0.000000 -0.020747 0.999785
vn 0.000000 -0.020747 0.999785
vn 0.000000 -0.020747 0.999785
vn 0.000000 -0.020747 0.999785
vn 0.000000 -0.020747 0.999785
vn 0.000000 -0.020747 0.999785
vn 0.000000 -0.020747 0.999785
vn 0.000000 -0.020747 0.999785
vn 0.000000 -0.020747 0.999785
vn 0.000000 -0.020341 0.999793
vn 0.000000 -0.083368 0.996519
vn 0.000000 -0.084173 0.996451
vn 0.000000 -0.084173 0.996451
vn 0.000000 -0.084173 0.996451
vn 0.000000 -0.084173 0.996451
vn 0.000000 -0.084173 0.996451
vn 0.000000 -0.084173 0.996451
vn 0.000000 -0.084173 0.996451
vn 0.000000 -0.084173 0.996451
vn 0.000000 -0.084173 0.996451
vn 0.000000 -0.084173 0.996451
vn 0.000000 -0.084173 0.996451
vn 0.008553 -0.086021 0.996257
vn 0.009073 -0.095344 0.995403
vn -0.002508 -0.107927 0.994156
vn -0.011389 -0.121402 0.992538
vn -0.014110 -0.134891 0.990760
vn -0.014166 -0.147129 0.989016
vn -0.010045 -0.157271 0.987504
vn 0.002328 -0.164164 0.986430
vn 0.017567 -0.167729 0.985677
vn 0.032962 -0.166494 0.985491
vn 0.056267 -0.154994 0.986312
vn 0.086324 -0.130691 0.987658
vn 0.105294 -0.102154 0.989180
vn 0.103357 -0.079636 0.991451
vn 0.093211 -0.067018 0.993388
vn 0.088499 -0.063745 0.994034
vn 0.082874 -0.064179 0.994491
vn 0.072491 -0.064715 0.995267
vn 0.063769 -0.067658 0.995669
vn 0.045545 -0.079096 0.995826
vn 0.020492 -0.094847 0.995281
vn 0.002913 -0.108007 0.994146
vn -0.004203 -0.115832 0.993260
vn -0.004687 -0.118223 0.992976
vn 0.000889 -0.116072 0.993240
vn 0.008898 -0.109601 0.993936
vn 0.012390 -0.098390 0.995071
vn 0.009974 -0.083444 0.996463
vn 0.007469 -0.068360 0.997633
vn 0.008937 -0.057681 0.998295
vn 0.012027 -0.051766 0.998587
vn 0.017068 -0.047060 0.998746
vn 0.030638 -0.042585 0.998623
vn 0.048088 -0.037122 0.998153
vn 0.050774 -0.029815 0.998265
vn 0.038617 -0.022032 0.999011
vn 0.015945 -0.019850 0.999676
vn -0.013424 -0.020014 0.999710
vn -0.040160 -0.021056 0.998971
vn -0.025498 -0.023180 0.999406
vn 0.000000 -0.023675 0.999720
vn 0.000000 -0.023675 0.999720
vn 0.000000 -0.023675 0.999720
vn 0.000000 -0.023675 0.999720
vn 0.000000 -0.023675 0.999720
vn 0.000000 -0.023675 0.999720
vn 0.000000 -0.023675 0.999720
vn 0.000000 -0.023675 0.999720
vn 0.000000 -0.023675 0.999720
vn 0.000000 -0.023675 0.999720
vn 0.000000 -0.023675 0.999720
vn 0.000000 -0.023675 0.999720
vn 0.000000 -0.023106 0.999733
vn 0.000000 -0.070139 0.997537
vn 0.000000 -0.073047 0.997329
vn 0.000000 -0.073047 0.997329
vn 0.000000 -0.073047 0.997329
vn 0.000000 -0.073047 0.997329
vn 0.000000 -0.073047 0.997329
vn 0.000000 -0.073047 0.997329
vn 0.000000 -0.073047 0.997329
vn 0.000000 -0.073047 0.997329
vn 0.000000 -0.073047 0.997329
vn 0.000000 -0.073047 0.997329
vn 0.000000 -0.073047 0.997329
vn 0.015537 -0.076265 0.996966
vn 0.022851 -0.089460 0.995728
vn 0.012300 -0.105279 0.994367
vn 0.001697 -0.119260 0.992862
vn -0.002744 -0.128721 0.991677
vn -0.003064 -0.135537 0.990768
vn -0.000483 -0.142098 0.989852
vn 0.008291 -0.146666 0.989151
vn 0.018268 -0.147670 0.988868
vn 0.025366 -0.142289 0.989500
vn 0.036459 -0.127446 0.991175
vn 0.056409 -0.103201 0.993060
vn 0.075663 -0.073964 0.994386
vn 0.083268 -0.048762 0.995333
vn 0.084848 -0.034037 0.995812
vn 0.085908 -0.029014 0.995881
vn 0.081487 -0.026270 0.996328
vn 0.071410 -0.024426 0.997148
vn 0.067050 -0.023703 0.997468
vn 0.058308 -0.028099 0.997903
vn 0.038835 -0.042491 0.998342
vn 0.020623 -0.064225 0.997722
vn 0.008189 -0.085780 0.996280
vn 0.001781 -0.101363 0.994848
vn 0.000809 -0.109766 0.993957
vn 0.001941 -0.109206 0.994017
vn -0.000567 -0.100722 0.994914
vn -0.005999 -0.087391 0.996156
vn -0.006899 -0.072964 0.997311
vn -0.000487 -0.061165 0.998128
vn 0.006582 -0.053632 0.998539
vn 0.013248 -0.049333 0.998695
vn 0.025762 -0.045997 0.998609
vn 0.039004 -0.038516 0.998496
vn 0.039589 -0.024713 0.998910
vn 0.029770 -0.010249 0.999504
vn 0.013752 -0.000570 0.999905
vn -0.010904 0.002116 0.999938
vn -0.034159 -0.003904 0.999409
vn -0.022901 -0.011634 0.999670
vn 0.000000 -0.012694 0.999919
vn 0.000000 -0.012694 0.999919
vn 0.000000 -0.012694 0.999919
vn 0.000000 -0.012694 0.999919
vn 0.000000 -0.012694 0.999919
vn 0.000000 -0.012694 0.999919
vn 0.000000 -0.012694 0.999919
vn 0.000000 -0.012694 0.999919
vn 0.000000 -0.012694 0.999919
vn 0.000000 -0.012694 0.999919
vn 0.000000 -0.012694 0.999919
vn 0.000000 -0.012694 0.999919
vn 0.000000 -0.016925 0.999857
vn 0.000000 -0.055416 0.998463
vn 0.000000 -0.057643 0.998337
vn 0.000000 -0.057643 0.998337
vn 0.000000 -0.057643 0.998337
vn 0.000000 -0.057643 0.998337
vn 0.000000 -0.057643 0.998337
vn 0.000000 -0.057643 0.998337
vn 0.000000 -0.057643 0.998337
vn 0.000000 -0.057643 0.998337
vn 0.000000 -0.057643 0.998337
vn 0.000000 -0.057643 0.998337
vn 0.000000 -0.057643 0.998337
vn 0.024241 -0.059812 0.997915
vn 0.039254 -0.072466 0.996598
vn 0.027796 -0.087238 0.995800
vn 0.012631 -0.099472 0.994960
vn 0.002347 -0.106127 0.994350
vn -0.001861 -0.106527 0.994308
vn -0.000648 -0.102685 0.994714
vn 0.005832 -0.097072 0.995260
vn 0.013453 -0.090159 0.995837
vn 0.014922 -0.082191 0.996505
vn 0.018667 -0.070652 0.997326
vn 0.033865 -0.054939 0.997915
vn 0.052543 -0.037560 0.997912
vn 0.065438 -0.020257 0.997651
vn 0.074902 -0.005883 0.997174
vn 0.081675 0.003853 0.996652
vn 0.079577 0.009613 0.996782
vn 0.072074 0.009861 0.997351
vn 0.067956 0.006942 0.997664
vn 0.064966 0.003614 0.997881
vn 0.055334 -0.005728 0.998451
vn 0.043810 -0.022962 0.998776
vn 0.030554 -0.045058 0.998517
vn 0.018187 -0.065805 0.997667
vn 0.008841 -0.080988 0.996676
vn -0.000486 -0.087191 0.996191
vn -0.010136 -0.083645 0.996444
vn -0.017931 -0.075173 0.997009
vn -0.017617 -0.066775 0.997612
vn -0.008773 -0.060312 0.998141
vn 0.001788 -0.055294 0.998468
vn 0.010970 -0.052780 0.998546
vn 0.020803 -0.050178 0.998524
vn 0.026986 -0.040763 0.998804
vn 0.022124 -0.024198 0.999462
vn 0.013020 -0.004842 0.999904
vn 0.002441 0.012816 0.999915
vn -0.012935 0.023795 0.999633
vn -0.026107 0.023789 0.999376
vn -0.017614 0.016393 0.999710
vn 0.000000 0.014281 0.999898
vn 0.000000 0.014281 0.999898
vn 0.000000 0.014281 0.999898
vn 0.000000 0.014281 0.999898
vn 0.000000 0.014281 0.999898
vn 0.000000 0.014281 0.999898
vn 0.000000 0.014281 0.999898
vn 0.000000 0.014281 0.999898
vn 0.000000 0.014281 0.999898
vn 0.000000 0.014281 0.999898
vn 0.000000 0.014281 0.999898
vn 0.000000 0.014281 0.999898
vn 0.000000 0.009521 0.999955
vn 0.000000 -0.045931 0.998945
vn 0.000000 -0.047189 0.998886
vn 0.000000 -0.047189 0.998886
vn 0.000000 -0.047189 0.998886
vn 0.000000 -0.047189 0.998886
vn 0.000000 -0.047189 0.998886
vn 0.000000 -0.047189 0.998886
vn 0.000000 -0.047189 0.998886
vn 0.000000 -0.047189 0.998886
vn 0.000000 -0.047189 0.998886
vn 0.000000 -0.047189 0.998886
vn 0.000000 -0.047189 0.998886
vn 0.030588 -0.049112 0.998325
vn 0.052407 -0.059100 0.996875
vn 0.039504 -0.070044 0.996761
vn 0.020926 -0.078717 0.996677
vn 0.004542 -0.082521 0.996579
vn -0.005922 -0.080103 0.996769
vn -0.007386 -0.072843 0.997316
vn -0.001056 -0.065816 0.997831
vn 0.006417 -0.060394 0.998154
vn 0.008125 -0.056022 0.998396
vn 0.010320 -0.052618 0.998561
vn 0.022511 -0.047744 0.998606
vn 0.038842 -0.038476 0.998504
vn 0.050052 -0.024823 0.998438
vn 0.060515 -0.008732 0.998129
vn 0.070299 0.006778 0.997503
vn 0.073599 0.018298 0.997120
vn 0.073593 0.022192 0.997041
vn 0.072064 0.019112 0.997217
vn 0.071344 0.013757 0.997357
vn 0.066259 0.005481 0.997787
vn 0.059060 -0.003859 0.998247
vn 0.048116 -0.014345 0.998739
vn 0.034635 -0.026220 0.999056
vn 0.020570 -0.038010 0.999066
vn 0.003983 -0.046783 0.998897
vn -0.012515 -0.051725 0.998583
vn -0.022504 -0.053661 0.998306
vn -0.021447 -0.054715 0.998272
vn -0.011944 -0.054967 0.998417
vn -0.001056 -0.053431 0.998571
vn 0.008940 -0.050511 0.998683
vn 0.014469 -0.045318 0.998868
vn 0.012443 -0.033304 0.999368
vn 0.002441 -0.015013 0.999884
vn -0.006510 0.005167 0.999965
vn -0.013992 0.023144 0.999634
vn -0.020490 0.035980 0.999142
vn -0.023088 0.038819 0.998979
vn -0.012890 0.034847 0.999310
vn 0.000000 0.033550 0.999437
vn 0.000000 0.033550 0.999437
vn 0.000000 0.033550 0.999437
vn 0.000000 0.033550 0.999437
vn 0.000000 0.033550 0.999437
vn 0.000000 0.033550 0.999437
vn 0.000000 0.033550 0.999437
vn 0.000000 0.033550 0.999437
vn 0.000000 0.033550 0.999437
vn 0.000000 0.033550 0.999437
vn 0.000000 0.033550 0.999437
vn 0.000000 0.033550 0.999437
vn 0.000000 0.031885 0.999492
vn 0.000000 -0.045688 0.998956
vn 0.000000 -0.045120 0.998982
vn 0.000000 -0.045120 0.998982
vn 0.000000 -0.045120 0.998982
vn 0.000000 -0.045120 0.998982
vn 0.000000 -0.045120 0.998982
vn 0.000000 -0.045120 0.998982
vn 0.000000 -0.045120 0.998982
vn 0.000000 -0.045120 0.998982
vn 0.000000 -0.045120 0.998982
vn 0.000000 -0.045120 0.998982
vn 0.000000 -0.045120 0.998982
vn 0.035462 -0.046065 0.998309
vn 0.062696 -0.052477 0.996652
vn 0.048440 -0.059880 0.997030
vn 0.026949 -0.066155 0.997445
vn 0.005033 -0.069573 0.997564
vn -0.011285 -0.068357 0.997597
vn -0.015105 -0.063099 0.997893
vn -0.006012 -0.057845 0.998307
vn 0.003981 -0.055659 0.998442
vn 0.007475 -0.055738 0.998417
vn 0.010318 -0.057357 0.998300
vn 0.018926 -0.058402 0.998114
vn 0.028673 -0.054017 0.998128
vn 0.034778 -0.042822 0.998477
vn 0.042752 -0.026659 0.998730
vn 0.054442 -0.008369 0.998482
vn 0.063752 0.006903 0.997942
vn 0.071746 0.015421 0.997304
vn 0.075215 0.017039 0.997022
vn 0.078203 0.013791 0.996842
vn 0.074337 0.005518 0.997218
vn 0.065290 -0.000731 0.997866
vn 0.053957 -0.003738 0.998536
vn 0.042279 -0.006667 0.999084
vn 0.028551 -0.012201 0.999518
vn 0.011065 -0.018632 0.999765
vn -0.006508 -0.025707 0.999648
vn -0.016997 -0.032774 0.999318
vn -0.016667 -0.039677 0.999074
vn -0.009837 -0.045037 0.998937
vn -0.002601 -0.046661 0.998907
vn 0.004228 -0.043984 0.999023
vn 0.005042 -0.037002 0.999302
vn -0.003254 -0.024813 0.999687
vn -0.016192 -0.009438 0.999824
vn -0.024732 0.006427 0.999673
vn -0.029034 0.020983 0.999358
vn -0.027726 0.031385 0.999123
vn -0.021305 0.033259 0.999220
vn -0.009639 0.030258 0.999496
vn 0.000000 0.029284 0.999571
vn 0.000000 0.029284 0.999571
vn 0.000000 0.029284 0.999571
vn 0.000000 0.029284 0.999571
vn 0.000000 0.029284 0.999571
vn 0.000000 0.029284 0.999571
vn 0.000000 0.029284 0.999571
vn 0.000000 0.029284 0.999571
vn 0.000000 0.029284 0.999571
vn 0.000000 0.029284 0.999571
vn 0.000000 0.029284 0.999571
vn 0.000000 0.029284 0.999571
vn 0.000000 0.032372 0.999476
vn 0.000000 -0.033835 0.999427
vn 0.000000 -0.037084 0.999312
vn 0.000000 -0.037084 0.999312
vn 0.000000 -0.037084 0.999312
vn 0.000000 -0.037084 0.999312
vn 0.000000 -0.037084 0.999312
vn 0.000000 -0.037084 0.999312
vn 0.000000 -0.037084 0.999312
vn 0.000000 -0.037084 0.999312
vn 0.000000 -0.037084 0.999312
vn 0.000000 -0.037084 0.999312
vn 0.000000 -0.037084 0.999312
vn 0.037424 -0.037058 0.998612
vn 0.068550 -0.039589 0.996862
vn 0.053824 -0.044325 0.997566
vn 0.031845 -0.049880 0.998247
vn 0.007719 -0.055252 0.998443
vn -0.012592 -0.058084 0.998232
vn -0.018521 -0.057269 0.998187
vn -0.008125 -0.055981 0.998399
vn 0.003981 -0.056145 0.998415
vn 0.008937 -0.057439 0.998309
vn 0.012753 -0.060027 0.998115
vn 0.019002 -0.062367 0.997872
vn 0.022576 -0.060825 0.997893
vn 0.023478 -0.053943 0.998268
vn 0.027713 -0.044048 0.998645
vn 0.037958 -0.031618 0.998779
vn 0.049897 -0.017716 0.998597
vn 0.063429 -0.004954 0.997974
vn 0.072965 0.003490 0.997328
vn 0.081352 0.006732 0.996663
vn 0.081353 0.004785 0.996674
vn 0.069493 0.000649 0.997582
vn 0.056145 -0.002763 0.998419
vn 0.045606 -0.006097 0.998941
vn 0.034077 -0.010654 0.999362
vn 0.017248 -0.015783 0.999727
vn 0.000081 -0.021073 0.999778
vn -0.011307 -0.025787 0.999604
vn -0.011957 -0.029038 0.999507
vn -0.006588 -0.031234 0.999490
vn -0.003009 -0.032128 0.999479
vn -0.000651 -0.029122 0.999576
vn -0.001627 -0.024000 0.999711
vn -0.013749 -0.020176 0.999702
vn -0.028632 -0.013096 0.999504
vn -0.037002 -0.003741 0.999308
vn -0.035541 0.001383 0.999367
vn -0.035216 0.002277 0.999377
vn -0.022129 0.010170 0.999703
vn -0.007527 0.012775 0.999890
vn 0.000000 0.012206 0.999926
vn 0.000000 0.012206 0.999926
vn 0.000000 0.012206 0.999926
vn 0.000000 0.012206 0.999926
vn 0.000000 0.012206 0.999926
vn 0.000000 0.012206 0.999926
vn 0.000000 0.012206 0.999926
vn 0.000000 0.012206 0.999926
vn 0.000000 0.012206 0.999926
vn 0.000000 0.012206 0.999926
vn 0.000000 0.012206 0.999926
vn 0.000000 0.012206 0.999926
vn 0.000000 0.014810 0.999890
vn 0.000000 -0.015135 0.999885
vn 0.000000 -0.018185 0.999835
vn 0.000000 -0.018185 0.999835
vn 0.000000 -0.018185 0.999835
vn 0.000000 -0.018185 0.999835
vn 0.000000 -0.018185 0.999835
vn 0.000000 -0.018185 0.999835
vn 0.000000 -0.018185 0.999835
vn 0.000000 -0.018185 0.999835
vn 0.000000 -0.018185 0.999835
vn 0.000000 -0.018185 0.999835
vn 0.000000 -0.018185 0.999835
vn 0.037362 -0.018091 0.999138
vn 0.070936 -0.017977 0.997319
vn 0.058967 -0.020346 0.998053
vn 0.039424 -0.026866 0.998861
vn 0.015450 -0.036795 0.999203
vn -0.009186 -0.046051 0.998897
vn -0.018853 -0.049775 0.998583
vn -0.007883 -0.050755 0.998680
vn 0.005445 -0.052620 0.998600
vn 0.011213 -0.054967 0.998425
vn 0.016084 -0.057879 0.998194
vn 0.021114 -0.061434 0.997888
vn 0.020138 -0.063134 0.997802
vn 0.016569 -0.060549 0.998028
vn 0.019255 -0.054474 0.998330
vn 0.028034 -0.047170 0.998493
vn 0.038192 -0.038558 0.998526
vn 0.051183 -0.027176 0.998319
vn 0.065040 -0.014981 0.997770
vn 0.077402 -0.007180 0.996974
vn 0.081112 -0.002393 0.996702
vn 0.071755 -0.001015 0.997422
vn 0.060436 -0.004021 0.998164
vn 0.050794 -0.009956 0.998660
vn 0.039434 -0.015895 0.999096
vn 0.021963 -0.020864 0.999541
vn 0.003580 -0.024447 0.999695
vn -0.009681 -0.025341 0.999632
vn -0.012203 -0.023307 0.999654
vn -0.007160 -0.019568 0.999783
vn -0.003580 -0.017535 0.999840
vn -0.004068 -0.018023 0.999829
vn -0.004638 -0.016965 0.999845
vn -0.013668 -0.017696 0.999750
vn -0.031553 -0.021266 0.999276
vn -0.043974 -0.021256 0.998807
vn -0.036999 -0.013621 0.999222
vn -0.033669 -0.013541 0.999341
vn -0.029443 -0.015820 0.999441
vn -0.010700 -0.011758 0.999874
vn 0.000000 -0.009887 0.999951
vn 0.000000 -0.009887 0.999951
vn 0.000000 -0.009887 0.999951
vn 0.000000 -0.009887 0.999951
vn 0.000000 -0.009887 0.999951
vn 0.000000 -0.009887 0.999951
vn 0.000000 -0.009887 0.999951
vn 0.000000 -0.009887 0.999951
vn 0.000000 -0.009887 0.999951
vn 0.000000 -0.009887 0.999951
vn 0.000000 -0.009887 0.999951
vn 0.000000 -0.009887 0.999951
vn 0.000000 -0.005127 0.999987
vn 0.000000 -0.008219 0.999966
vn 0.000000 -0.008423 0.999965
vn 0.000000 -0.008423 0.999965
vn 0.000000 -0.008423 0.999965
vn 0.000000 -0.008423 0.999965
vn 0.000000 -0.008423 0.999965
vn 0.000000 -0.008423 0.999965
vn 0.000000 -0.008423 0.999965
vn 0.000000 -0.008423 0.999965
vn 0.000000 -0.008423 0.999965
vn 0.000000 -0.008423 0.999965
vn 0.000000 -0.008423 0.999965
vn 0.036392 -0.007604 0.999309
vn 0.070623 -0.005479 0.997488
vn 0.061730 -0.005076 0.998080
vn 0.047390 -0.008738 0.998838
vn 0.026598 -0.017691 0.999490
vn 0.000244 -0.028675 0.999589
vn -0.014311 -0.037770 0.999184
vn -0.004797 -0.044105 0.999015
vn 0.008940 -0.049538 0.998732
vn 0.013976 -0.053831 0.998452
vn 0.019009 -0.056418 0.998226
vn 0.025013 -0.059487 0.997916
vn 0.022247 -0.064021 0.997701
vn 0.014614 -0.066859 0.997655
vn 0.014128 -0.065890 0.997727
vn 0.021195 -0.061758 0.997866
vn 0.029240 -0.055190 0.998048
vn 0.038668 -0.045370 0.998222
vn 0.052797 -0.031719 0.998101
vn 0.069641 -0.019602 0.997379
vn 0.076511 -0.011886 0.996998
vn 0.071752 -0.008563 0.997386
vn 0.065206 -0.010272 0.997819
vn 0.057272 -0.015963 0.998231
vn 0.044785 -0.021986 0.998755
vn 0.026105 -0.026471 0.999309
vn 0.005694 -0.029487 0.999549
vn -0.011469 -0.029404 0.999502
vn -0.017733 -0.024606 0.999540
vn -0.013669 -0.016476 0.999771
vn -0.006103 -0.008911 0.999942
vn -0.001790 -0.006632 0.999976
vn -0.002604 -0.009969 0.999947
vn -0.009276 -0.014768 0.999848
vn -0.025539 -0.021920 0.999433
vn -0.042342 -0.029705 0.998661
vn -0.046233 -0.031404 0.998437
vn -0.034232 -0.022970 0.999150
vn -0.026758 -0.022650 0.999385
vn -0.010616 -0.026478 0.999593
vn 0.000000 -0.027455 0.999623
vn 0.000000 -0.027455 0.999623
vn 0.000000 -0.027455 0.999623
vn 0.000000 -0.027455 0.999623
vn 0.000000 -0.027455 0.999623
vn 0.000000 -0.027455 0.999623
vn 0.000000 -0.027455 0.999623
vn 0.000000 -0.027455 0.999623
vn 0.000000 -0.027455 0.999623
vn 0.000000 -0.027455 0.999623
vn 0.000000 -0.027455 0.999623
vn 0.000000 -0.027455 0.999623
vn 0.000000 -0.026358 0.999653
vn 0.000000 -0.023756 0.999718
vn 0.000000 -0.019772 0.999805
vn 0.000000 -0.019772 0.999805
vn 0.000000 -0.019772 0.999805
vn 0.000000 -0.019772 0.999805
vn 0.000000 -0.019772 0.999805
vn 0.000000 -0.019772 0.999805
vn 0.000000 -0.019772 0.999805
vn 0.000000 -0.019772 0.999805
vn 0.000000 -0.019772 0.999805
vn 0.000000 -0.019772 0.999805
vn 0.000000 -0.019772 0.999805
vn 0.034194 -0.019191 0.999231
vn 0.067222 -0.015344 0.997620
vn 0.060190 -0.010478 0.998132
vn 0.050228 -0.006583 0.998716
vn 0.033672 -0.006344 0.999413
vn 0.009683 -0.010416 0.999899
vn -0.005370 -0.018795 0.999809
vn 0.002929 -0.028309 0.999595
vn 0.016344 -0.037322 0.999170
vn 0.019344 -0.046166 0.998746
vn 0.022424 -0.053134 0.998336
vn 0.029801 -0.059034 0.997811
vn 0.028489 -0.066718 0.997365
vn 0.018095 -0.074326 0.997070
vn 0.013548 -0.077800 0.996877
vn 0.017685 -0.077311 0.996850
vn 0.022556 -0.073674 0.997027
vn 0.026870 -0.065347 0.997501
vn 0.037603 -0.051004 0.997990
vn 0.056517 -0.034105 0.997819
vn 0.069317 -0.020130 0.997392
vn 0.069648 -0.013394 0.997482
vn 0.068599 -0.012583 0.997565
vn 0.063420 -0.017378 0.997836
vn 0.050134 -0.023564 0.998464
vn 0.029841 -0.028378 0.999152
vn 0.007727 -0.031640 0.999469
vn -0.013501 -0.032613 0.999377
vn -0.024803 -0.028869 0.999275
vn -0.022938 -0.020498 0.999527
vn -0.013751 -0.010903 0.999846
vn -0.004313 -0.003255 0.999985
vn 0.000732 -0.000977 0.999999
vn -0.002279 -0.005778 0.999981
vn -0.015784 -0.015702 0.999752
vn -0.033985 -0.026505 0.999071
vn -0.045743 -0.033962 0.998376
vn -0.039660 -0.033727 0.998644
vn -0.025370 -0.031468 0.999183
vn -0.009150 -0.031233 0.999470
vn 0.000000 -0.031479 0.999504
vn 0.000000 -0.031479 0.999504
vn 0.000000 -0.031479 0.999504
vn 0.000000 -0.031479 0.999504
vn 0.000000 -0.031479 0.999504
vn 0.000000 -0.031479 0.999504
vn 0.000000 -0.031479 0.999504
vn 0.000000 -0.031479 0.999504
vn 0.000000 -0.031479 0.999504
vn 0.000000 -0.031479 0.999504
vn 0.000000 -0.031479 0.999504
vn 0.000000 -0.031479 0.999504
vn 0.000000 -0.031235 0.999512
vn 0.000000 -0.032697 0.999465
vn 0.000000 -0.032454 0.999473
vn 0.000000 -0.032454 0.999473
vn 0.000000 -0.032454 0.999473
vn 0.000000 -0.032454 0.999473
vn 0.000000 -0.032454 0.999473
vn 0.000000 -0.032454 0.999473
vn 0.000000 -0.032454 0.999473
vn 0.000000 -0.032454 0.999473
vn 0.000000 -0.032454 0.999473
vn 0.000000 -0.032454 0.999473
vn 0.000000 -0.032454 0.999473
vn 0.031748 -0.031138 0.999011
vn 0.061872 -0.026064 0.997744
vn 0.054109 -0.019743 0.998340
vn 0.043088 -0.011870 0.999001
vn 0.028878 -0.001546 0.999582
vn 0.011230 0.006103 0.999918
vn 0.002604 0.004964 0.999984
vn 0.012450 -0.002929 0.999918
vn 0.026112 -0.012690 0.999578
vn 0.029926 -0.024071 0.999262
vn 0.032026 -0.036902 0.998806
vn 0.039148 -0.049138 0.998025
vn 0.039365 -0.061279 0.997344
vn 0.027096 -0.074069 0.996885
vn 0.017027 -0.083678 0.996347
vn 0.017103 -0.087379 0.996028
vn 0.018157 -0.086734 0.996066
vn 0.016706 -0.081665 0.996520
vn 0.022317 -0.071252 0.997209
vn 0.038564 -0.056832 0.997639
vn 0.055696 -0.039621 0.997661
vn 0.062921 -0.027117 0.997650
vn 0.068025 -0.020050 0.997482
vn 0.067381 -0.017941 0.997566
vn 0.055001 -0.018929 0.998307
vn 0.033502 -0.021305 0.999212
vn 0.010251 -0.023430 0.999673
vn -0.013585 -0.024730 0.999602
vn -0.029764 -0.023177 0.999288
vn -0.031474 -0.017567 0.999350
vn -0.022454 -0.010251 0.999695
vn -0.010660 -0.003987 0.999935
vn 0.000732 -0.000732 0.999999
vn 0.005127 -0.003906 0.999979
vn -0.005045 -0.012531 0.999909
vn -0.023181 -0.022693 0.999474
vn -0.039174 -0.032997 0.998687
vn -0.040220 -0.038758 0.998439
vn -0.027801 -0.038287 0.998880
vn -0.009556 -0.035702 0.999317
vn 0.000000 -0.035378 0.999374
vn 0.000000 -0.035378 0.999374
vn 0.000000 -0.035378 0.999374
vn 0.000000 -0.035378 0.999374
vn 0.000000 -0.035378 0.999374
vn 0.000000 -0.035378 0.999374
vn 0.000000 -0.035378 0.999374
vn 0.000000 -0.035378 0.999374
vn 0.000000 -0.035378 0.999374
vn 0.000000 -0.035378 0.999374
vn 0.000000 -0.035378 0.999374
vn 0.000000 -0.035378 0.999374
vn 0.000000 -0.034322 0.999411
vn 0.000000 -0.011067 0.999939
vn 0.000000 -0.016599 0.999862
vn 0.000000 -0.016599 0.999862
vn 0.000000 -0.016599 0.999862
vn 0.000000 -0.016599 0.999862
vn 0.000000 -0.016599 0.999862
vn 0.000000 -0.016599 0.999862
vn 0.000000 -0.016599 0.999862
vn 0.000000 -0.016599 0.999862
vn 0.000000 -0.016599 0.999862
vn 0.000000 -0.016599 0.999862
vn 0.000000 -0.016599 0.999862
vn 0.029158 -0.016592 0.999437
vn 0.056140 -0.013974 0.998325
vn 0.048362 -0.010079 0.998779
vn 0.035459 -0.006669 0.999349
vn 0.018958 -0.001383 0.999819
vn 0.005127 0.005127 0.999974
vn 0.004394 0.008300 0.999956
vn 0.019120 0.006997 0.999793
vn 0.034566 0.003009 0.999398
vn 0.040738 -0.002439 0.999167
vn 0.043982 -0.009593 0.998986
vn 0.050384 -0.017228 0.998581
vn 0.050620 -0.024294 0.998422
vn 0.038526 -0.031455 0.998762
vn 0.025039 -0.038452 0.998947
vn 0.020241 -0.043164 0.998863
vn 0.017233 -0.045032 0.998837
vn 0.011869 -0.044062 0.998958
vn 0.014147 -0.040977 0.999060
vn 0.027153 -0.036664 0.998959
vn 0.042667 -0.029745 0.998646
vn 0.053863 -0.022666 0.998291
vn 0.062207 -0.017379 0.997912
vn 0.064152 -0.013724 0.997846
vn 0.053631 -0.010726 0.998503
vn 0.033752 -0.009109 0.999389
vn 0.010985 -0.008788 0.999901
vn -0.013507 -0.008951 0.999869
vn -0.032209 -0.008540 0.999445
vn -0.036515 -0.006669 0.999311
vn -0.027496 -0.003742 0.999615
vn -0.013752 -0.001383 0.999904
vn 0.000814 -0.000570 1.000000
vn 0.010091 -0.001790 0.999947
vn 0.002197 -0.005371 0.999983
vn -0.015134 -0.009276 0.999842
vn -0.031069 -0.014071 0.999418
vn -0.036103 -0.018783 0.999172
vn -0.028953 -0.021064 0.999359
vn -0.011350 -0.020014 0.999735
vn 0.000000 -0.019284 0.999814
vn 0.000000 -0.019284 0.999814
vn 0.000000 -0.019284 0.999814
vn 0.000000 -0.019284 0.999814
vn 0.000000 -0.019284 0.999814
vn 0.000000 -0.019284 0.999814
vn 0.000000 -0.019284 0.999814
vn 0.000000 -0.019284 0.999814
vn 0.000000 -0.019284 0.999814
vn 0.000000 -0.019284 0.999814
vn 0.000000 -0.019284 0.999814
vn 0.000000 -0.019284 0.999814
vn 0.000000 -0.025708 0.999670
vn 0.000000 0.000000 1.000000
vn 0.000000 0.000000 1.000000
vn 0.000000 0.000000 1.000000
vn 0.000000 0.000000 1.000000
vn 0.000000 0.000000 1.000000
vn 0.000000 0.000000 1.000000
vn 0.000000 0.000000 1.000000
vn 0.000000 0.000000 1.000000
vn 0.000000 0.000000 1.000000
vn 0.000000 0.000000 1.000000
vn 0.000000 0.000000 1.000000
vn 0.000000 0.000000 1.000000
vn 0.029162 0.000000 0.999575
vn 0.054849 0.000000 0.998495
vn 0.047067 0.000000 0.998892
vn 0.034403 0.000000 0.999408
vn 0.016843 0.000000 0.999858
vn 0.002930 0.000000 0.999996
vn 0.003906 0.000000 0.999992
vn 0.020016 0.000000 0.999800
vn 0.036109 0.000000 0.999348
vn 0.042686 0.000000 0.999089
vn 0.046580 0.000000 0.998915
vn 0.052904 0.000000 0.998600
vn 0.052904 0.000000 0.998600
vn 0.040981 0.000000 0.999160
vn 0.027334 0.000000 0.999626
vn 0.021479 0.000000 0.999769
vn 0.017575 0.000000 0.999846
vn 0.011230 0.000000 0.999937
vn 0.012938 0.000000 0.999916
vn 0.025626 0.000000 0.999672
vn 0.040007 0.000000 0.999199
vn 0.051689 0.000000 0.998663
vn 0.060679 0.000000 0.998157
vn 0.063106 0.000000 0.998007
vn 0.052661 0.000000 0.998612
vn 0.033429 0.000000 0.999441
vn 0.010986 0.000000 0.999940
vn -0.013427 0.000000 0.999910
vn -0.032454 0.000000 0.999473
vn -0.037327 0.000000 0.999303
vn -0.028553 0.000000 0.999592
vn -0.014403 0.000000 0.999896
vn 0.000732 0.000000 1.000000
vn 0.010742 0.000000 0.999942
vn 0.003662 0.000000 0.999993
vn -0.013915 0.000000 0.999903
vn -0.029284 0.000000 0.999571
vn -0.034647 0.000000 0.999400
vn -0.028553 0.000000 0.999592
vn -0.012084 0.000000 0.999927
vn 0.000000 0.000000 1.000000
vn 0.000000 0.000000 1.000000
vn 0.000000 0.000000 1.000000
vn 0.000000 0.000000 1.000000
vn 0.000000 0.000000 1.000000
vn 0.000000 0.000000 1.000000
vn 0.000000 0.000000 1.000000
vn 0.000000 0.000000 1.000000
vn 0.000000 0.000000 1.000000
vn 0.000000 0.000000 1.000000
vn 0.000000 0.000000 1.000000
vn 0.000000 0.000000 1.000000
vn 0.000000 0.000000 1.000000
vn 0.000000 0.000000 1.000000
vn 0.000000 0.000000 1.000000
vn 0.000000 0.000000 1.000000
vn 0.000000 0.000000 1.000000
vn 0.000000 0.000000 1.000000
vn 0.000000 0.000000 1.000000
vn 0.000000 0.000000 1.000000
vn 0.000000 0.000000 1.000000
vn 0.000000 0.000000 1.000000
vn 0.000000 0.000000 1.000000
vn 0.000000 0.000000 1.000000
vn 0.000000 0.000000 1.000000
vn 0.029162 0.000000 0.999575
vn 0.054849 0.000000 0.998495
vn 0.047067 0.000000 0.998892
vn 0.034403 0.000000 0.999408
vn 0.016843 0.000000 0.999858
vn 0.002930 0.000000 0.999996
vn 0.003906 0.000000 0.999992
vn 0.020016 0.000000 0.999800
vn 0.036109 0.000000 0.999348
vn 0.042686 0.000000 0.999089
vn 0.046580 0.000000 0.998915
vn 0.052904 0.000000 0.998600
vn 0.052904 0.000000 0.998600
vn 0.040981 0.000000 0.999160
vn 0.027334 0.000000 0.999626
vn 0.021479 0.000000 0.999769
vn 0.017575 0.000000 0.999846
vn 0.011230 0.000000 0.999937
vn 0.012938 0.000000 0.999916
vn 0.025626 0.000000 0.999672
vn 0.040007 0.000000 0.999199
vn 0.051689 0.000000 0.998663
vn 0.060679 0.000000 0.998157
vn 0.063106 0.000000 0.998007
vn 0.052661 0.000000 0.998612
vn 0.033429 0.000000 0.999441
vn 0.010986 0.000000 0.999940
vn -0.013427 0.000000 0.999910
vn -0.032454 0.000000 0.999473
vn -0.037327 0.000000 0.999303
vn -0.028553 0.000000 0.999592
vn -0.014403 0.000000 0.999896
vn 0.000732 0.000000 1.000000
vn 0.010742 0.000000 0.999942
vn 0.003662 0.000000 0.999993
vn -0.013915 0.000000 0.999903
vn -0.029284 0.000000 0.999571
vn -0.034647 0.000000 0.999400
vn -0.028553 0.000000 0.999592
vn -0.012084 0.000000 0.999927
vn 0.000000 0.000000 1.000000
vn 0.000000 0.000000 1.000000
vn 0.000000 0.000000 1.000000
vn 0.000000 0.000000 1.000000
vn 0.000000 0.000000 1.000000
vn 0.000000 0.000000 1.000000
vn 0.000000 0.000000 1.000000
vn 0.000000 0.000000 1.000000
vn 0.000000 0.000000 1.000000
vn 0.000000 0.000000 1.000000
vn 0.000000 0.000000 1.000000
vn 0.000000 0.000000 1.000000
vn 0.000000 0.000000 1.000000
vn 0.000000 0.000000 1.000000
vn 0.000000 0.000000 1.000000
vn 0.000000 0.000000 1.000000
vn 0.000000 0.000000 1.000000
vn 0.000000 0.000000 1.000000
vn 0.000000 0.000000 1.000000
vn 0.000000 0.000000 1.000000
vn 0.000000 0.000000 1.000000
vn 0.000000 0.000000 1.000000
vn 0.000000 0.000000 1.000000
vn 0.000000 0.000000 1.000000
vn 0.000000 0.000000 1.000000
vn 0.029162 0.000000 0.999575
vn 0.054849 0.000000 0.998495
vn 0.047067 0.000000 0.998892
vn 0.034403 0.000000 0.999408
vn 0.016843 0.000000 0.999858
vn 0.002930 0.000000 0.999996
vn 0.003906 0.000000 0.999992
vn 0.020016 0.000000 0.999800
vn 0.036109 0.000000 0.999348
vn 0.042686 0.000000 0.999089
vn 0.046580 0.000000 0.998915
vn 0.052904 0.000000 0.998600
vn 0.052904 0.000000 0.998600
vn 0.040981 0.000000 0.999160
vn 0.027334 0.000000 0.999626
vn 0.021479 0.000000 0.999769
vn 0.017575 0.000000 0.999846
vn 0.011230 0.000000 0.999937
vn 0.012938 0.000000 0.999916
vn 0.025626 0.000000 0.999672
vn 0.040007 0.000000 0.999199
vn 0.051689 0.000000 0.998663
vn 0.060679 0.000000 0.998157
vn 0.063106 0.000000 0.998007
vn 0.052661 0.000000 0.998612
vn 0.033429 0.000000 0.999441
vn 0.010986 0.000000 0.999940
vn -0.013427 0.000000 0.999910
vn -0.032454 0.000000 0.999473
vn -0.037327 0.000000 0.999303
vn -0.028553 0.000000 0.999592
vn -0.014403 0.000000 0.999896
vn 0.000732 0.000000 1.000000
vn 0.010742 0.000000 0.999942
vn 0.003662 0.000000 0.999993
vn -0.013915 0.000000 0.999903
vn -0.029284 0.000000 0.999571
vn -0.034647 0.000000 0.999400
vn -0.028553 0.000000 0.999592
vn -0.012084 0.000000 0.999927
vn 0.000000 0.000000 1.000000
vn 0.000000 0.000000 1.000000
vn 0.000000 0.000000 1.000000
vn 0.000000 0.000000 1.000000
vn 0.000000 0.000000 1.000000
vn 0.000000 0.000000 1.000000
vn 0.000000 0.000000 1.000000
vn 0.000000 0.000000 1.000000
vn 0.000000 0.000000 1.000000
vn 0.000000 0.000000 1.000000
vn 0.000000 0.000000 1.000000
vn 0.000000 0.000000 1.000000
vn 0.000000 0.000000 1.000000
vn 0.000000 0.000000 1.000000
vn 0.000000 0.000000 1.000000
vn 0.000000 0.000000 1.000000
vn 0.000000 0.000000 1.000000
vn 0.000000 0.000000 1.000000
vn 0.000000 0.000000 1.000000
vn 0.000000 0.000000 1.000000
vn 0.000000 0.000000 1.000000
vn 0.000000 0.000000 1.000000
vn 0.000000 0.000000 1.000000
vn 0.000000 0.000000 1.000000
vn 0.000000 0.000000 1.000000
vn 0.029162 0.000000 0.999575
vn 0.054849 0.000000 0.998495
vn 0.047067 0.000000 0.998892
vn 0.034403 0.000000 0.999408
vn 0.016843 0.000000 0.999858
vn 0.002930 0.000000 0.999996
vn 0.003906 0.000000 0.999992
vn 0.020016 0.000000 0.999800
vn 0.036109 0.000000 0.999348
vn 0.042686 0.000000 0.999089
vn 0.046580 0.000000 0.998915
vn 0.052904 0.000000 0.998600
vn 0.052904 0.000000 0.998600
vn 0.040981 0.000000 0.999160
vn 0.027334 0.000000 0.999626
vn 0.021479 0.000000 0.999769
vn 0.017575 0.000000 0.999846
vn 0.011230 0.000000 0.999937
vn 0.012938 0.000000 0.999916
vn 0.025626 0.000000 0.999672
vn 0.040007 0.000000 0.999199
vn 0.051689 0.000000 0.998663
vn 0.060679 0.000000 0.998157
vn 0.063106 0.000000 0.998007
vn 0.052661 0.000000 0.998612
vn 0.033429 0.000000 0.999441
vn 0.010986 0.000000 0.999940
vn -0.013427 0.000000 0.999910
vn -0.032454 0.000000 0.999473
vn -0.037327 0.000000 0.999303
vn -0.028553 0.000000 0.999592
vn -0.014403 0.000000 0.999896
vn 0.000732 0.000000 1.000000
vn 0.010742 0.000000 0.999942
vn 0.003662 0.000000 0.999993
vn -0.013915 0.000000 0.999903
vn -0.029284 0.000000 0.999571
vn -0.034647 0.000000 0.999400
vn -0.028553 0.000000 0.999592
vn -0.012084 0.000000 0.999927
vn 0.000000 0.000000 1.000000
vn 0.000000 0.000000 1.000000
vn 0.000000 0.000000 1.000000
vn 0.000000 0.000000 1.000000
vn 0.000000 0.000000 1.000000
vn 0.000000 0.000000 1.000000
vn 0.000000 0.000000 1.000000
vn 0.000000 0.000000 1.000000
vn 0.000000 0.000000 1.000000
vn 0.000000 0.000000 1.000000
vn 0.000000 0.000000 1.000000
vn 0.000000 0.000000 1.000000
vn 0.000000 0.000000 1.000000
vn 0.000000 0.000000 1.000000
vn 0.000000 0.000000 1.000000
vn 0.000000 0.000000 1.000000
vn 0.000000 0.000000 1.000000
vn 0.000000 0.000000 1.000000
vn 0.000000 0.000000 1.000000
vn 0.000000 0.000000 1.000000
vn 0.000000 0.000000 1.000000
vn 0.000000 0.000000 1.000000
vn 0.000000 0.000000 1.000000
vn 0.000000 0.000000 1.000000
vn 0.000000 0.000000 1.000000
vn 0.029162 0.000000 0.999575
vn 0.054849 0.000000 0.998495
vn 0.047067 0.000000 0.998892
vn 0.034403 0.000000 0.999408
vn 0.016843 0.000000 0.999858
vn 0.002930 0.000000 0.999996
vn 0.003906 0.000000 0.999992
vn 0.020016 0.000000 0.999800
vn 0.036109 0.000000 0.999348
vn 0.042686 0.000000 0.999089
vn 0.046580 0.000000 0.998915
vn 0.052904 0.000000 0.998600
vn 0.052904 0.000000 0.998600
vn 0.040981 0.000000 0.999160
vn 0.027334 0.000000 0.999626
vn 0.021479 0.000000 0.999769
vn 0.017575 0.000000 0.999846
vn 0.011230 0.000000 0.999937
vn 0.012938 0.000000 0.999916
vn 0.025626 0.000000 0.999672
vn 0.040007 0.000000 0.999199
vn 0.051689 0.000000 0.998663
vn 0.060679 0.000000 0.998157
vn 0.063106 0.000000 0.998007
vn 0.052661 0.000000 0.998612
vn 0.033429 0.000000 0.999441
vn 0.010986 0.000000 0.999940
vn -0.013427 0.000000 0.999910
vn -0.032454 0.000000 0.999473
vn -0.037327 0.000000 0.999303
vn -0.028553 0.000000 0.999592
vn -0.014403 0.000000 0.999896
vn 0.000732 0.000000 1.000000
vn 0.010742 0.000000 0.999942
vn 0.003662 0.000000 0.999993
vn -0.013915 0.000000 0.999903
vn -0.029284 0.000000 0.999571
vn -0.034647 0.000000 0.999400
vn -0.028553 0.000000 0.999592
vn -0.012084 0.000000 0.999927
vn 0.000000 0.000000 1.000000
vn 0.000000 0.000000 1.000000
vn 0.000000 0.000000 1.000000
vn 0.000000 0.000000 1.000000
vn 0.000000 0.000000 1.000000
vn 0.000000 0.000000 1.000000
vn 0.000000 0.000000 1.000000
vn 0.000000 0.000000 1.000000
vn 0.000000 0.000000 1.000000
vn 0.000000 0.000000 1.000000
vn 0.000000 0.000000 1.000000
vn 0.000000 0.000000 1.000000
vn 0.000000 0.000000 1.000000
vn 0.000000 0.000000 1.000000
vn 0.000000 0.000000 1.000000
vn 0.000000 0.000000 1.000000
vn 0.000000 0.000000 1.000000
vn 0.000000 0.000000 1.000000
vn 0.000000 0.000000 1.000000
vn 0.000000 0.000000 1.000000
vn 0.000000 0.000000 1.000000
vn 0.000000 0.000000 1.000000
vn 0.000000 0.000000 1.000000
vn 0.000000 0.000000 1.000000
vn 0.000000 0.000000 1.000000
vn 0.029162 0.000000 0.999575
vn 0.054849 0.000000 0.998495
vn 0.047067 0.000000 0.998892
vn 0.034403 0.000000 0.999408
vn 0.016843 0.000000 0.999858
vn 0.002930 0.000000 0.999996
vn 0.003906 0.000000 0.999992
vn 0.020016 0.000000 0.999800
vn 0.036109 0.000000 0.999348
vn 0.042686 0.000000 0.999089
vn 0.046580 0.000000 0.998915
vn 0.052904 0.000000 0.998600
vn 0.052904 0.000000 0.998600
vn 0.040981 0.000000 0.999160
vn 0.027334 0.000000 0.999626
vn 0.021479 0.000000 0.999769
vn 0.017575 0.000000 0.999846
vn 0.011230 0.000000 0.999937
vn 0.012938 0.000000 0.999916
vn 0.025626 0.000000 0.999672
vn 0.040007 0.000000 0.999199
vn 0.051689 0.000000 0.998663
vn 0.060679 0.000000 0.998157
vn 0.063106 0.000000 0.998007
vn 0.052661 0.000000 0.998612
vn 0.033429 0.000000 0.999441
vn 0.010986 0.000000 0.999940
vn -0.013427 0.000000 0.999910
vn -0.032454 0.000000 0.999473
vn -0.037327 0.000000 0.999303
vn -0.028553 0.000000 0.999592
vn -0.014403 0.000000 0.999896
vn 0.000732 0.000000 1.000000
vn 0.010742 0.000000 0.999942
vn 0.003662 0.000000 0.999993
vn -0.013915 0.000000 0.999903
vn -0.029284 0.000000 0.999571
vn -0.034647 0.000000 0.999400
vn -0.028553 0.000000 0.999592
vn -0.012084 0.000000 0.999927
vn 0.000000 0.000000 1.000000
vn 0.000000 0.000000 1.000000
vn 0.000000 0.000000 1.000000
vn 0.000000 0.000000 1.000000
vn 0.000000 0.000000 1.000000
vn 0.000000 0.000000 1.000000
vn 0.000000 0.000000 1.000000
vn 0.000000 0.000000 1.000000
vn 0.000000 0.000000 1.000000
vn 0.000000 0.000000 1.000000
vn 0.000000 0.000000 1.000000
vn 0.000000 0.000000 1.000000
vn 0.000000 0.000000 1.000000
vn 0.000000 0.000000 1.000000
vn 0.000000 0.000000 1.000000
vn 0.000000 0.000000 1.000000
vn 0.000000 0.000000 1.000000
vn 0.000000 0.000000 1.000000
vn 0.000000 0.000000 1.000000
vn 0.000000 0.000000 1.000000
vn 0.000000 0.000000 1.000000
vn 0.000000 0.000000 1.000000
vn 0.000000 0.000000 1.000000
vn 0.000000 0.000000 1.000000
vn 0.000000 0.000000 1.000000
vn 0.029162 0.000000 0.999575
vn 0.054849 0.000000 0.998495
vn 0.047067 0.000000 0.998892
vn 0.034403 0.000000 0.999408
vn 0.016843 0.000000 0.999858
vn 0.002930 0.000000 0.999996
vn 0.003906 0.000000 0.999992
vn 0.020016 0.000000 0.999800
vn 0.036109 0.000000 0.999348
vn 0.042686 0.000000 0.999089
vn 0.046580 0.000000 0.998915
vn 0.052904 0.000000 0.998600
vn 0.052904 0.000000 0.998600
vn 0.040981 0.000000 0.999160
vn 0.027334 0.000000 0.999626
vn 0.021479 0.000000 0.999769
vn 0.017575 0.000000 0.999846
vn 0.011230 0.000000 0.999937
vn 0.012938 0.000000 0.999916
vn 0.025626 0.000000 0.999672
vn 0.040007 0.000000 0.999199
vn 0.051689 0.000000 0.998663
vn 0.060679 0.000000 0.998157
vn 0.063106 0.000000 0.998007
vn 0.052661 0.000000 0.998612
vn 0.033429 0.000000 0.999441
vn 0.010986 0.000000 0.999940
vn -0.013427 0.000000 0.999910
vn -0.032454 0.000000 0.999473
vn -0.037327 0.000000 0.999303
vn -0.028553 0.000000 0.999592
vn -0.014403 0.000000 0.999896
vn 0.000732 0.000000 1.000000
vn 0.010742 0.000000 0.999942
vn 0.003662 0.000000 0.999993
vn -0.013915 0.000000 0.999903
vn -0.029284 0.000000 0.999571
vn -0.034647 0.000000 0.999400
vn -0.028553 0.000000 0.999592
vn -0.012084 0.000000 0.999927
vn 0.000000 0.000000 1.000000
vn 0.000000 0.000000 1.000000
vn 0.000000 0.000000 1.000000
vn 0.000000 0.000000 1.000000
vn 0.000000 0.000000 1.000000
vn 0.000000 0.000000 1.000000
vn 0.000000 0.000000 1.000000
vn 0.000000 0.000000 1.000000
vn 0.000000 0.000000 1.000000
vn 0.000000 0.000000 1.000000
vn 0.000000 0.000000 1.000000
vn 0.000000 0.000000 1.000000
vn 0.000000 0.000000 1.000000
vn 0.000000 0.000000 1.000000
vn 0.000000 0.000000 1.000000
vn 0.000000 0.000000 1.000000
vn 0.000000 0.000000 1.000000
vn 0.000000 0.000000 1.000000
vn 0.000000 0.000000 1.000000
vn 0.000000 0.000000 1.000000
vn 0.000000 0.000000 1.000000
vn 0.000000 0.000000 1.000000
vn 0.000000 0.000000 1.000000
vn 0.000000 0.000000 1.000000
vn 0.000000 0.000000 1.000000
vn 0.029162 0.000000 0.999575
vn 0.054849 0.000000 0.998495
vn 0.047067 0.000000 0.998892
vn 0.034403 0.000000 0.999408
vn 0.016843 0.000000 0.999858
vn 0.002930 0.000000 0.999996
vn 0.003906 0.000000 0.999992
vn 0.020016 0.000000 0.999800
vn 0.036109 0.000000 0.999348
vn 0.042686 0.000000 0.999089
vn 0.046580 0.000000 0.998915
vn 0.052904 0.000000 0.998600
vn 0.052904 0.000000 0.998600
vn 0.040981 0.000000 0.999160
vn 0.027334 0.000000 0.999626
vn 0.021479 0.000000 0.999769
vn 0.017575 0.000000 0.999846
vn 0.011230 0.000000 0.999937
vn 0.012938 0.000000 0.999916
vn 0.025626 0.000000 0.999672
vn 0.040007 0.000000 0.999199
vn 0.051689 0.000000 0.998663
vn 0.060679 0.000000 0.998157
vn 0.063106 0.000000 0.998007
vn 0.052661 0.000000 0.998612
vn 0.033429 0.000000 0.999441
vn 0.010986 0.000000 0.999940
vn -0.013427 0.000000 0.999910
vn -0.032454 0.000000 0.999473
vn -0.037327 0.000000 0.999303
vn -0.028553 0.000000 0.999592
vn -0.014403 0.000000 0.999896
vn 0.000732 0.000000 1.000000
vn 0.010742 0.000000 0.999942
vn 0.003662 0.000000 0.999993
vn -0.013915 0.000000 0.999903
vn -0.029284 0.000000 0.999571
vn -0.034647 0.000000 0.999400
vn -0.028553 0.000000 0.999592
vn -0.012084 0.000000 0.999927
vn 0.000000 0.000000 1.000000
vn 0.000000 0.000000 1.000000
vn 0.000000 0.000000 1.000000
vn 0.000000 0.000000 1.000000
vn 0.000000 0.000000 1.000000
vn 0.000000 0.000000 1.000000
vn 0.000000 0.000000 1.000000
vn 0.000000 0.000000 1.000000
vn 0.000000 0.000000 1.000000
vn 0.000000 0.000000 1.000000
vn 0.000000 0.000000 1.000000
vn 0.000000 0.000000 1.000000
vn 0.000000 0.000000 1.000000
vn 0.000000 0.000000 1.000000
vn 0.000000 0.000000 1.000000
vn 0.000000 0.000000 1.000000
vn 0.000000 0.000000 1.000000
vn 0.000000 0.000000 1.000000
vn 0.000000 0.000000 1.000000
vn 0.000000 0.000000 1.000000
vn 0.000000 0.000000 1.000000
vn 0.000000 0.000000 1.000000
vn 0.000000 0.000000 1.000000
vn 0.000000 0.000000 1.000000
vn 0.000000 0.000000 1.000000
vn 0.029162 0.000000 0.999575
vn 0.054849 0.000000 0.998495
vn 0.047067 0.000000 0.998892
vn 0.034403 0.000000 0.999408
vn 0.016843 0.000000 0.999858
vn 0.002930 0.000000 0.999996
vn 0.003906 0.000000 0.999992
vn 0.020016 0.000000 0.999800
vn 0.036109 0.000000 0.999348
vn 0.042686 0.000000 0.999089
vn 0.046580 0.000000 0.998915
vn 0.052904 0.000000 0.998600
vn 0.052904 0.000000 0.998600
vn 0.040981 0.000000 0.999160
vn 0.027334 0.000000 0.999626
vn 0.021479 0.000000 0.999769
vn 0.017575 0.000000 0.999846
vn 0.011230 0.000000 0.999937
vn 0.012938 0.000000 0.999916
vn 0.025626 0.000000 0.999672
vn 0.040007 0.000000 0.999199
vn 0.051689 0.000000 0.998663
vn 0.060679 0.000000 0.998157
vn 0.063106 0.000000 0.998007
vn 0.052661 0.000000 0.998612
vn 0.033429 0.000000 0.999441
vn 0.010986 0.000000 0.999940
vn -0.013427 0.000000 0.999910
vn -0.032454 0.000000 0.999473
vn -0.037327 0.000000 0.999303
vn -0.028553 0.000000 0.999592
vn -0.014403 0.000000 0.999896
vn 0.000732 0.000000 1.000000
vn 0.010742 0.000000 0.999942
vn 0.003662 0.000000 0.999993
vn -0.013915 0.000000 0.999903
vn -0.029284 0.000000 0.999571
vn -0.034647 0.000000 0.999400
vn -0.028553 0.000000 0.999592
vn -0.012084 0.000000 0.999927
vn 0.000000 0.000000 1.000000
vn 0.000000 0.000000 1.000000
vn 0.000000 0.000000 1.000000
vn 0.000000 0.000000 1.000000
vn 0.000000 0.000000 1.000000
vn 0.000000 0.000000 1.000000
vn 0.000000 0.000000 1.000000
vn 0.000000 0.000000 1.000000
vn 0.000000 0.000000 1.000000
vn 0.000000 0.000000 1.000000
vn 0.000000 0.000000 1.000000
vn 0.000000 0.000000 1.000000
vn 0.000000 0.000000 1.000000
vn 0.000000 0.000000 1.000000
vn 0.000000 0.000000 1.000000
vn 0.000000 0.000000 1.000000
vn 0.000000 0.000000 1.000000
vn 0.000000 0.000000 1.000000
vn 0.000000 0.000000 1.000000
vn 0.000000 0.000000 1.000000
vn 0.000000 0.000000 1.000000
vn 0.000000 0.000000 1.000000
vn 0.000000 0.000000 1.000000
vn 0.000000 0.000000 1.000000
vn 0.000000 0.000000 1.000000
vn 0.029162 0.000000 0.999575
vn 0.054849 0.000000 0.998495
vn 0.047067 0.000000 0.998892
vn 0.034403 0.000000 0.999408
vn 0.016843 0.000000 0.999858
vn 0.002930 0.000000 0.999996
vn 0.003906 0.000000 0.999992
vn 0.020016 0.000000 0.999800
vn 0.036109 0.000000 0.999348
vn 0.042686 0.000000 0.999089
vn 0.046580 0.000000 0.998915
vn 0.052904 0.000000 0.998600
vn 0.052904 0.000000 0.998600
vn 0.040981 0.000000 0.999160
vn 0.027334 0.000000 0.999626
vn 0.021479 0.000000 0.999769
vn 0.017575 0.000000 0.999846
vn 0.011230 0.000000 0.999937
vn 0.012938 0.000000 0.999916
vn 0.025626 0.000000 0.999672
vn 0.040007 0.000000 0.999199
vn 0.051689 0.000000 0.998663
vn 0.060679 0.000000 0.998157
vn 0.063106 0.000000 0.998007
vn 0.052661 0.000000 0.998612
vn 0.033429 0.000000 0.999441
vn 0.010986 0.000000 0.999940
vn -0.013427 0.000000 0.999910
vn -0.032454 0.000000 0.999473
vn -0.037327 0.000000 0.999303
vn -0.028553 0.000000 0.999592
vn -0.014403 0.000000 0.999896
vn 0.000732 0.000000 1.000000
vn 0.010742 0.000000 0.999942
vn 0.003662 0.000000 0.999993
vn -0.013915 0.000000 0.999903
vn -0.029284 0.000000 0.999571
vn -0.034647 0.000000 0.999400
vn -0.028553 0.000000 0.999592
vn -0.012084 0.000000 0.999927
vn 0.000000 0.000000 1.000000
vn 0.000000 0.000000 1.000000
vn 0.000000 0.000000 1.000000
vn 0.000000 0.000000 1.000000
vn 0.000000 0.000000 1.000000
vn 0.000000 0.000000 1.000000
vn 0.000000 0.000000 1.000000
vn 0.000000 0.000000 1.000000
vn 0.000000 0.000000 1.000000
vn 0.000000 0.000000 1.000000
vn 0.000000 0.000000 1.000000
vn 0.000000 0.000000 1.000000
vn 0.000000 0.000000 1.000000
vn 0.000000 0.000000 1.000000
vn 0.000000 0.000000 1.000000
vn 0.000000 0.000000 1.000000
vn 0.000000 0.000000 1.000000
vn 0.000000 0.000000 1.000000
vn 0.000000 0.000000 1.000000
vn 0.000000 0.000000 1.000000
vn 0.000000 0.000000 1.000000
vn 0.000000 0.000000 1.000000
vn 0.000000 0.000000 1.000000
vn 0.000000 0.000000 1.000000
vn 0.000000 0.000000 1.000000
vn 0.029162 0.000000 0.999575
vn 0.054849 0.000000 0.998495
vn 0.047067 0.000000 0.998892
vn 0.034403 0.000000 0.999408
vn 0.016843 0.000000 0.999858
vn 0.002930 0.000000 0.999996
vn 0.003906 0.000000 0.999992
vn 0.020016 0.000000 0.999800
vn 0.036109 0.000000 0.999348
vn 0.042686 0.000000 0.999089
vn 0.046580 0.000000 0.998915
vn 0.052904 0.000000 0.998600
vn 0.052904 0.000000 0.998600
vn 0.040981 0.000000 0.999160
vn 0.027334 0.000000 0.999626
vn 0.021479 0.000000 0.999769
vn 0.017575 0.000000 0.999846
vn 0.011230 0.000000 0.999937
vn 0.012938 0.000000 0.999916
vn 0.025626 0.000000 0.999672
vn 0.040007 0.000000 0.999199
vn 0.051689 0.000000 0.998663
vn 0.060679 0.000000 0.998157
vn 0.063106 0.000000 0.998007
vn 0.052661 0.000000 0.998612
vn 0.033429 0.000000 0.999441
vn 0.010986 0.000000 0.999940
vn -0.013427 0.000000 0.999910
vn -0.032454 0.000000 0.999473
vn -0.037327 0.000000 0.999303
vn -0.028553 0.000000 0.999592
vn -0.014403 0.000000 0.999896
vn 0.000732 0.000000 1.000000
vn 0.010742 0.000000 0.999942
vn 0.003662 0.000000 0.999993
vn -0.013915 0.000000 0.999903
vn -0.029284 0.000000 0.999571
vn -0.034647 0.000000 0.999400
vn -0.028553 0.000000 0.999592
vn -0.012084 0.000000 0.999927
vn 0.000000 0.000000 1.000000
vn 0.000000 0.000000 1.000000
vn 0.000000 0.000000 1.000000
vn 0.000000 0.000000 1.000000
vn 0.000000 0.000000 1.000000
vn 0.000000 0.000000 1.000000
vn 0.000000 0.000000 1.000000
vn 0.000000 0.000000 1.000000
vn 0.000000 0.000000 1.000000
vn 0.000000 0.000000 1.000000
vn 0.000000 0.000000 1.000000
vn 0.000000 0.000000 1.000000
vn 0.000000 0.000000 1.000000
vn 0.000000 0.000000 1.000000
vn 0.000000 0.000000 1.000000
vn 0.000000 0.000000 1.000000
vn 0.000000 0.000000 1.000000
vn 0.000000 0.000000 1.000000
vn 0.000000 0.000000 1.000000
vn 0.000000 0.000000 1.000000
vn 0.000000 0.000000 1.000000
vn 0.000000 0.000000 1.000000
vn 0.000000 0.000000 1.000000
vn 0.000000 0.000000 1.000000
vn 0.000000 0.000000 1.000000
vn 0.029162 0.000000 0.999575
vn 0.054849 0.000000 0.998495
vn 0.047067 0.000000 0.998892
vn 0.034403 0.000000 0.999408
vn 0.016843 0.000000 0.999858
vn 0.002930 0.000000 0.999996
vn 0.003906 0.000000 0.999992
vn 0.020016 0.000000 0.999800
vn 0.036109 0.000000 0.999348
vn 0.042686 0.000000 0.999089
vn 0.046580 0.000000 0.998915
vn 0.052904 0.000000 0.998600
vn 0.052904 0.000000 0.998600
vn 0.040981 0.000000 0.999160
vn 0.027334 0.000000 0.999626
vn 0.021479 0.000000 0.999769
vn 0.017575 0.000000 0.999846
vn 0.011230 0.000000 0.999937
vn 0.012938 0.000000 0.999916
vn 0.025626 0.000000 0.999672
vn 0.040007 0.000000 0.999199
vn 0.051689 0.000000 0.998663
vn 0.060679 0.000000 0.998157
vn 0.063106 0.000000 0.998007
vn 0.052661 0.000000 0.998612
vn 0.033429 0.000000 0.999441
vn 0.010986 0.000000 0.999940
vn -0.013427 0.000000 0.999910
vn -0.032454 0.000000 0.999473
vn -0.037327 0.000000 0.999303
vn -0.028553 0.000000 0.999592
vn -0.014403 0.000000 0.999896
vn 0.000732 0.000000 1.000000
vn 0.010742 0.000000 0.999942
vn 0.003662 0.000000 0.999993
vn -0.013915 0.000000 0.999903
vn -0.029284 0.000000 0.999571
vn -0.034647 0.000000 0.999400
vn -0.028553 0.000000 0.999592
vn -0.012084 0.000000 0.999927
vn 0.000000 0.000000 1.000000
vn 0.000000 0.000000 1.000000
vn 0.000000 0.000000 1.000000
vn 0.000000 0.000000 1.000000
vn 0.000000 0.000000 1.000000
vn 0.000000 0.000000 1.000000
vn 0.000000 0.000000 1.000000
vn 0.000000 0.000000 1.000000
vn 0.000000 0.000000 1.000000
vn 0.000000 0.000000 1.000000
vn 0.000000 0.000000 1.000000
vn 0.000000 0.000000 1.000000
vn 0.000000 0.000000 1.000000
vn 0.000000 0.000000 1.000000
vn 0.000000 0.000000 1.000000
vn 0.000000 0.000000 1.000000
vn 0.000000 0.000000 1.000000
vn 0.000000 0.000000 1.000000
vn 0.000000 0.000000 1.000000
vn 0.000000 0.000000 1.000000
vn 0.000000 0.000000 1.000000
vn 0.000000 0.000000 1.000000
vn 0.000000 0.000000 1.000000
vn 0.000000 0.000000 1.000000
vn 0.000000 0.000000 1.000000
vn 0.019446 0.000000 0.999811
vn 0.055983 0.000000 0.998432
vn 0.048527 0.000000 0.998822
vn 0.037165 0.000000 0.999309
vn 0.019934 0.000000 0.999801
vn 0.004476 0.000000 0.999990
vn 0.002035 0.000000 0.999998
vn 0.016518 0.000000 0.999864
vn 0.034241 0.000000 0.999414
vn 0.042361 0.000000 0.999102
vn 0.045607 0.000000 0.998959
vn 0.051770 0.000000 0.998659
vn 0.054039 0.000000 0.998539
vn 0.043822 0.000000 0.999039
vn 0.029040 0.000000 0.999578
vn 0.021723 0.000000 0.999764
vn 0.018633 0.000000 0.999826
vn 0.012287 0.000000 0.999925
vn 0.011311 0.000000 0.999936
vn 0.023024 0.000000 0.999735
vn 0.037815 0.000000 0.999285
vn 0.049986 0.000000 0.998750
vn 0.059384 0.000000 0.998235
vn 0.063592 0.000000 0.997976
vn 0.055659 0.000000 0.998450
vn 0.036840 0.000000 0.999321
vn 0.015054 0.000000 0.999887
vn -0.009358 0.000000 0.999956
vn -0.030178 0.000000 0.999545
vn -0.037977 0.000000 0.999279
vn -0.030828 0.000000 0.999525
vn -0.016843 0.000000 0.999858
vn -0.001872 0.000000 0.999998
vn 0.010009 0.000000 0.999950
vn 0.006754 0.000000 0.999977
vn -0.011148 0.000000 0.999938
vn -0.026927 0.000000 0.999637
vn -0.035216 0.000000 0.999380
vn -0.030016 0.000000 0.999549
vn -0.016111 0.000000 0.999870
vn 0.000000 0.000000 1.000000
vn 0.000000 0.000000 1.000000
vn 0.000000 0.000000 1.000000
vn 0.000000 0.000000 1.000000
vn 0.000000 0.000000 1.000000
vn 0.000000 0.000000 1.000000
vn 0.000000 0.000000 1.000000
vn 0.000000 0.000000 1.000000
vn 0.000000 0.000000 1.000000
vn 0.000000 0.000000 1.000000
vn 0.000000 0.000000 1.000000
vn 0.000000 0.000000 1.000000
vn 0.000000 0.000000 1.000000

usemtl jezero_terrain_mat
s off
f 1/1/1 66/66/66 67/67/67
f 1/1/1 67/67/67 2/2/2
f 2/2/2 67/67/67 68/68/68
f 2/2/2 68/68/68 3/3/3
f 3/3/3 68/68/68 69/69/69
f 3/3/3 69/69/69 4/4/4
f 4/4/4 69/69/69 70/70/70
f 4/4/4 70/70/70 5/5/5
f 5/5/5 70/70/70 71/71/71
f 5/5/5 71/71/71 6/6/6
f 6/6/6 71/71/71 72/72/72
f 6/6/6 72/72/72 7/7/7
f 7/7/7 72/72/72 73/73/73
f 7/7/7 73/73/73 8/8/8
f 8/8/8 73/73/73 74/74/74
f 8/8/8 74/74/74 9/9/9
f 9/9/9 74/74/74 75/75/75
f 9/9/9 75/75/75 10/10/10
f 10/10/10 75/75/75 76/76/76
f 10/10/10 76/76/76 11/11/11
f 11/11/11 76/76/76 77/77/77
f 11/11/11 77/77/77 12/12/12
f 12/12/12 77/77/77 78/78/78
f 12/12/12 78/78/78 13/13/13
f 13/13/13 78/78/78 79/79/79
f 13/13/13 79/79/79 14/14/14
f 14/14/14 79/79/79 80/80/80
f 14/14/14 80/80/80 15/15/15
f 15/15/15 80/80/80 81/81/81
f 15/15/15 81/81/81 16/16/16
f 16/16/16 81/81/81 82/82/82
f 16/16/16 82/82/82 17/17/17
f 17/17/17 82/82/82 83/83/83
f 17/17/17 83/83/83 18/18/18
f 18/18/18 83/83/83 84/84/84
f 18/18/18 84/84/84 19/19/19
f 19/19/19 84/84/84 85/85/85
f 19/19/19 85/85/85 20/20/20
f 20/20/20 85/85/85 86/86/86
f 20/20/20 86/86/86 21/21/21
f 21/21/21 86/86/86 87/87/87
f 21/21/21 87/87/87 22/22/22
f 22/22/22 87/87/87 88/88/88
f 22/22/22 88/88/88 23/23/23
f 23/23/23 88/88/88 89/89/89
f 23/23/23 89/89/89 24/24/24
f 24/24/24 89/89/89 90/90/90
f 24/24/24 90/90/90 25/25/25
f 25/25/25 90/90/90 91/91/91
f 25/25/25 91/91/91 26/26/26
f 26/26/26 91/91/91 92/92/92
f 26/26/26 92/92/92 27/27/27
f 27/27/27 92/92/92 93/93/93
f 27/27/27 93/93/93 28/28/28
f 28/28/28 93/93/93 94/94/94
f 28/28/28 94/94/94 29/29/29
f 29/29/29 94/94/94 95/95/95
f 29/29/29 95/95/95 30/30/30
f 30/30/30 95/95/95 96/96/96
f 30/30/30 96/96/96 31/31/31
f 31/31/31 96/96/96 97/97/97
f 31/31/31 97/97/97 32/32/32
f 32/32/32 97/97/97 98/98/98
f 32/32/32 98/98/98 33/33/33
f 33/33/33 98/98/98 99/99/99
f 33/33/33 99/99/99 34/34/34
f 34/34/34 99/99/99 100/100/100
f 34/34/34 100/100/100 35/35/35
f 35/35/35 100/100/100 101/101/101
f 35/35/35 101/101/101 36/36/36
f 36/36/36 101/101/101 102/102/102
f 36/36/36 102/102/102 37/37/37
f 37/37/37 102/102/102 103/103/103
f 37/37/37 103/103/103 38/38/38
f 38/38/38 103/103/103 104/104/104
f 38/38/38 104/104/104 39/39/39
f 39/39/39 104/104/104 105/105/105
f 39/39/39 105/105/105 40/40/40
f 40/40/40 105/105/105 106/106/106
f 40/40/40 106/106/106 41/41/41
f 41/41/41 106/106/106 107/107/107
f 41/41/41 107/107/107 42/42/42
f 42/42/42 107/107/107 108/108/108
f 42/42/42 108/108/108 43/43/43
f 43/43/43 108/108/108 109/109/109
f 43/43/43 109/109/109 44/44/44
f 44/44/44 109/109/109 110/110/110
f 44/44/44 110/110/110 45/45/45
f 45/45/45 110/110/110 111/111/111
f 45/45/45 111/111/111 46/46/46
f 46/46/46 111/111/111 112/112/112
f 46/46/46 112/112/112 47/47/47
f 47/47/47 112/112/112 113/113/113
f 47/47/47 113/113/113 48/48/48
f 48/48/48 113/113/113 114/114/114
f 48/48/48 114/114/114 49/49/49
f 49/49/49 114/114/114 115/115/115
f 49/49/49 115/115/115 50/50/50
f 50/50/50 115/115/115 116/116/116
f 50/50/50 116/116/116 51/51/51
f 51/51/51 116/116/116 117/117/117
f 51/51/51 117/117/117 52/52/52
f 52/52/52 117/117/117 118/118/118
f 52/52/52 118/118/118 53/53/53
f 53/53/53 118/118/118 119/119/119
f 53/53/53 119/119/119 54/54/54
f 54/54/54 119/119/119 120/120/120
f 54/54/54 120/120/120 55/55/55
f 55/55/55 120/120/120 121/121/121
f 55/55/55 121/121/121 56/56/56
f 56/56/56 121/121/121 122/122/122
f 56/56/56 122/122/122 57/57/57
f 57/57/57 122/122/122 123/123/123
f 57/57/57 123/123/123 58/58/58
f 58/58/58 123/123/123 124/124/124
f 58/58/58 124/124/124 59/59/59
f 59/59/59 124/124/124 125/125/125
f 59/59/59 125/125/125 60/60/60
f 60/60/60 125/125/125 126/126/126
f 60/60/60 126/126/126 61/61/61
f 61/61/61 126/126/126 127/127/127
f 61/61/61 127/127/127 62/62/62
f 62/62/62 127/127/127 128/128/128
f 62/62/62 128/128/128 63/63/63
f 63/63/63 128/128/128 129/129/129
f 63/63/63 129/129/129 64/64/64
f 64/64/64 129/129/129 130/130/130
f 64/64/64 130/130/130 65/65/65
f 66/66/66 131/131/131 132/132/132
f 66/66/66 132/132/132 67/67/67
f 67/67/67 132/132/132 133/133/133
f 67/67/67 133/133/133 68/68/68
f 68/68/68 133/133/133 134/134/134
f 68/68/68 134/134/134 69/69/69
f 69/69/69 134/134/134 135/135/135
f 69/69/69 135/135/135 70/70/70
f 70/70/70 135/135/135 136/136/136
f 70/70/70 136/136/136 71/71/71
f 71/71/71 136/136/136 137/137/137
f 71/71/71 137/137/137 72/72/72
f 72/72/72 137/137/137 138/138/138
f 72/72/72 138/138/138 73/73/73
f 73/73/73 138/138/138 139/139/139
f 73/73/73 139/139/139 74/74/74
f 74/74/74 139/139/139 140/140/140
f 74/74/74 140/140/140 75/75/75
f 75/75/75 140/140/140 141/141/141
f 75/75/75 141/141/141 76/76/76
f 76/76/76 141/141/141 142/142/142
f 76/76/76 142/142/142 77/77/77
f 77/77/77 142/142/142 143/143/143
f 77/77/77 143/143/143 78/78/78
f 78/78/78 143/143/143 144/144/144
f 78/78/78 144/144/144 79/79/79
f 79/79/79 144/144/144 145/145/145
f 79/79/79 145/145/145 80/80/80
f 80/80/80 145/145/145 146/146/146
f 80/80/80 146/146/146 81/81/81
f 81/81/81 146/146/146 147/147/147
f 81/81/81 147/147/147 82/82/82
f 82/82/82 147/147/147 148/148/148
f 82/82/82 148/148/148 83/83/83
f 83/83/83 148/148/148 149/149/149
f 83/83/83 149/149/149 84/84/84
f 84/84/84 149/149/149 150/150/150
f 84/84/84 150/150/150 85/85/85
f 85/85/85 150/150/150 151/151/151
f 85/85/85 151/151/151 86/86/86
f 86/86/86 151/151/151 152/152/152
f 86/86/86 152/152/152 87/87/87
f 87/87/87 152/152/152 153/153/153
f 87/87/87 153/153/153 88/88/88
f 88/88/88 153/153/153 154/154/154
f 88/88/88 154/154/154 89/89/89
f 89/89/89 154/154/154 155/155/155
f 89/89/89 155/155/155 90/90/90
f 90/90/90 155/155/155 156/156/156
f 90/90/90 156/156/156 91/91/91
f 91/91/91 156/156/156 157/157/157
f 91/91/91 157/157/157 92/92/92
f 92/92/92 157/157/157 158/158/158
f 92/92/92 158/158/158 93/93/93
f 93/93/93 158/158/158 159/159/159
f 93/93/93 159/159/159 94/94/94
f 94/94/94 159/159/159 160/160/160
f 94/94/94 160/160/160 95/95/95
f 95/95/95 160/160/160 161/161/161
f 95/95/95 161/161/161 96/96/96
f 96/96/96 161/161/161 162/162/162
f 96/96/96 162/162/162 97/97/97
f 97/97/97 162/162/162 163/163/163
f 97/97/97 163/163/163 98/98/98
f 98/98/98 163/163/163 164/164/164
f 98/98/98 164/164/164 99/99/99
f 99/99/99 164/164/164 165/165/165
f 99/99/99 165/165/165 100/100/100
f 100/100/100 165/165/165 166/166/166
f 100/100/100 166/166/166 101/101/101
f 101/101/101 166/166/166 167/167/167
f 101/101/101 167/167/167 102/102/102
f 102/102/102 167/167/167 168/168/168
f 102/102/102 168/168/168 103/103/103
f 103/103/103 168/168/168 169/169/169
f 103/103/103 169/169/169 104/104/104
f 104/104/104 169/169/169 170/170/170
f 104/104/104 170/170/170 105/105/105
f 105/105/105 170/170/170 171/171/171
f 105/105/105 171/171/171 106/106/106
f 106/106/106 171/171/171 172/172/172
f 106/106/106 172/172/172 107/107/107
f 107/107/107 172/172/172 173/173/173
f 107/107/107 173/173/173 108/108/108
f 108/108/108 173/173/173 174/174/174
f 108/108/108 174/174/174 109/109/109
f 109/109/109 174/174/174 175/175/175
f 109/109/109 175/175/175 110/110/110
f 110/110/110 175/175/175 176/176/176
f 110/110/110 176/176/176 111/111/111
f 111/111/111 176/176/176 177/177/177
f 111/111/111 177/177/177 112/112/112
f 112/112/112 177/177/177 178/178/178
f 112/112/112 178/178/178 113/113/113
f 113/113/113 178/178/178 179/179/179
f 113/113/113 179/179/179 114/114/114
f 114/114/114 179/179/179 180/180/180
f 114/114/114 180/180/180 115/115/115
f 115/115/115 180/180/180 181/181/181
f 115/115/115 181/181/181 116/116/116
f 116/116/116 181/181/181 182/182/182
f 116/116/116 182/182/182 117/117/117
f 117/117/117 182/182/182 183/183/183
f 117/117/117 183/183/183 118/118/118
f 118/118/118 183/183/183 184/184/184
f 118/118/118 184/184/184 119/119/119
f 119/119/119 184/184/184 185/185/185
f 119/119/119 185/185/185 120/120/120
f 120/120/120 185/185/185 186/186/186
f 120/120/120 186/186/186 121/121/121
f 121/121/121 186/186/186 187/187/187
f 121/121/121 187/187/187 122/122/122
f 122/122/122 187/187/187 188/188/188
f 122/122/122 188/188/188 123/123/123
f 123/123/123 188/188/188 189/189/189
f 123/123/123 189/189/189 124/124/124
f 124/124/124 189/189/189 190/190/190
f 124/124/124 190/190/190 125/125/125
f 125/125/125 190/190/190 191/191/191
f 125/125/125 191/191/191 126/126/126
f 126/126/126 191/191/191 192/192/192
f 126/126/126 192/192/192 127/127/127
f 127/127/127 192/192/192 193/193/193
f 127/127/127 193/193/193 128/128/128
f 128/128/128 193/193/193 194/194/194
f 128/128/128 194/194/194 129/129/129
f 129/129/129 194/194/194 195/195/195
f 129/129/129 195/195/195 130/130/130
f 131/131/131 196/196/196 197/197/197
f 131/131/131 197/197/197 132/132/132
f 132/132/132 197/197/197 198/198/198
f 132/132/132 198/198/198 133/133/133
f 133/133/133 198/198/198 199/199/199
f 133/133/133 199/199/199 134/134/134
f 134/134/134 199/199/199 200/200/200
f 134/134/134 200/200/200 135/135/135
f 135/135/135 200/200/200 201/201/201
f 135/135/135 201/201/201 136/136/136
f 136/136/136 201/201/201 202/202/202
f 136/136/136 202/202/202 137/137/137
f 137/137/137 202/202/202 203/203/203
f 137/137/137 203/203/203 138/138/138
f 138/138/138 203/203/203 204/204/204
f 138/138/138 204/204/204 139/139/139
f 139/139/139 204/204/204 205/205/205
f 139/139/139 205/205/205 140/140/140
f 140/140/140 205/205/205 206/206/206
f 140/140/140 206/206/206 141/141/141
f 141/141/141 206/206/206 207/207/207
f 141/141/141 207/207/207 142/142/142
f 142/142/142 207/207/207 208/208/208
f 142/142/142 208/208/208 143/143/143
f 143/143/143 208/208/208 209/209/209
f 143/143/143 209/209/209 144/144/144
f 144/144/144 209/209/209 210/210/210
f 144/144/144 210/210/210 145/145/145
f 145/145/145 210/210/210 211/211/211
f 145/145/145 211/211/211 146/146/146
f 146/146/146 211/211/211 212/212/212
f 146/146/146 212/212/212 147/147/147
f 147/147/147 212/212/212 213/213/213
f 147/147/147 213/213/213 148/148/148
f 148/148/148 213/213/213 214/214/214
f 148/148/148 214/214/214 149/149/149
f 149/149/149 214/214/214 215/215/215
f 149/149/149 215/215/215 150/150/150
f 150/150/150 215/215/215 216/216/216
f 150/150/150 216/216/216 151/151/151
f 151/151/151 216/216/216 217/217/217
f 151/151/151 217/217/217 152/152/152
f 152/152/152 217/217/217 218/218/218
f 152/152/152 218/218/218 153/153/153
f 153/153/153 218/218/218 219/219/219
f 153/153/153 219/219/219 154/154/154
f 154/154/154 219/219/219 220/220/220
f 154/154/154 220/220/220 155/155/155
f 155/155/155 220/220/220 221/221/221
f 155/155/155 221/221/221 156/156/156
f 156/156/156 221/221/221 222/222/222
f 156/156/156 222/222/222 157/157/157
f 157/157/157 222/222/222 223/223/223
f 157/157/157 223/223/223 158/158/158
f 158/158/158 223/223/223 224/224/224
f 158/158/158 224/224/224 159/159/159
f 159/159/159 224/224/224 225/225/225
f 159/159/159 225/225/225 160/160/160
f 160/160/160 225/225/225 226/226/226
f 160/160/160 226/226/226 161/161/161
f 161/161/161 226/226/226 227/227/227
f 161/161/161 227/227/227 162/162/162
f 162/162/162 227/227/227 228/228/228
f 162/162/162 228/228/228 163/163/163
f 163/163/163 228/228/228 229/229/229
f 163/163/163 229/229/229 164/164/164
f 164/164/164 229/229/229 230/230/230
f 164/164/164 230/230/230 165/165/165
f 165/165/165 230/230/230 231/231/231
f 165/165/165 231/231/231 166/166/166
f 166/166/166 231/231/231 232/232/232
f 166/166/166 232/232/232 167/167/167
f 167/167/167 232/232/232 233/233/233
f 167/167/167 233/233/233 168/168/168
f 168/168/168 233/233/233 234/234/234
f 168/168/168 234/234/234 169/169/169
f 169/169/169 234/234/234 235/235/235
f 169/169/169 235/235/235 170/170/170
f 170/170/170 235/235/235 236/236/236
f 170/170/170 236/236/236 171/171/171
f 171/171/171 236/236/236 237/237/237
f 171/171/171 237/237/237 172/172/172
f 172/172/172 237/237/237 238/238/238
f 172/172/172 238/238/238 173/173/173
f 173/173/173 238/238/238 239/239/239
f 173/173/173 239/239/239 174/174/174
f 174/174/174 239/239/239 240/240/240
f 174/174/174 240/240/240 175/175/175
f 175/175/175 240/240/240 241/241/241
f 175/175/175 241/241/241 176/176/176
f 176/176/176 241/241/241 242/242/242
f 176/176/176 242/242/242 177/177/177
f 177/177/177 242/242/242 243/243/243
f 177/177/177 243/243/243 178/178/178
f 178/178/178 243/243/243 244/244/244
f 178/178/178 244/244/244 179/179/179
f 179/179/179 244/244/244 245/245/245
f 179/179/179 245/245/245 180/180/180
f 180/180/180 245/245/245 246/246/246
f 180/180/180 246/246/246 181/181/181
f 181/181/181 246/246/246 247/247/247
f 181/181/181 247/247/247 182/182/182
f 182/182/182 247/247/247 248/248/248
f 182/182/182 248/248/248 183/183/183
f 183/183/183 248/248/248 249/249/249
f 183/183/183 249/249/249 184/184/184
f 184/184/184 249/249/249 250/250/250
f 184/184/184 250/250/250 185/185/185
f 185/185/185 250/250/250 251/251/251
f 185/185/185 251/251/251 186/186/186
f 186/186/186 251/251/251 252/252/252
f 186/186/186 252/252/252 187/187/187
f 187/187/187 252/252/252 253/253/253
f 187/187/187 253/253/253 188/188/188
f 188/188/188 253/253/253 254/254/254
f 188/188/188 254/254/254 189/189/189
f 189/189/189 254/254/254 255/255/255
f 189/189/189 255/255/255 190/190/190
f 190/190/190 255/255/255 256/256/256
f 190/190/190 256/256/256 191/191/191
f 191/191/191 256/256/256 257/257/257
f 191/191/191 257/257/257 192/192/192
f 192/192/192 257/257/257 258/258/258
f 192/192/192 258/258/258 193/193/193
f 193/193/193 258/258/258 259/259/259
f 193/193/193 259/259/259 194/194/194
f 194/194/194 259/259/259 260/260/260
f 194/194/194 260/260/260 195/195/195
f 196/196/196 261/261/261 262/262/262
f 196/196/196 262/262/262 197/197/197
f 197/197/197 262/262/262 263/263/263
f 197/197/197 263/263/263 198/198/198
f 198/198/198 263/263/263 264/264/264
f 198/198/198 264/264/264 199/199/199
f 199/199/199 264/264/264 265/265/265
f 199/199/199 265/265/265 200/200/200
f 200/200/200 265/265/265 266/266/266
f 200/200/200 266/266/266 201/201/201
f 201/201/201 266/266/266 267/267/267
f 201/201/201 267/267/267 202/202/202
f 202/202/202 267/267/267 268/268/268
f 202/202/202 268/268/268 203/203/203
f 203/203/203 268/268/268 269/269/269
f 203/203/203 269/269/269 204/204/204
f 204/204/204 269/269/269 270/270/270
f 204/204/204 270/270/270 205/205/205
f 205/205/205 270/270/270 271/271/271
f 205/205/205 271/271/271 206/206/206
f 206/206/206 271/271/271 272/272/272
f 206/206/206 272/272/272 207/207/207
f 207/207/207 272/272/272 273/273/273
f 207/207/207 273/273/273 208/208/208
f 208/208/208 273/273/273 274/274/274
f 208/208/208 274/274/274 209/209/209
f 209/209/209 274/274/274 275/275/275
f 209/209/209 275/275/275 210/210/210
f 210/210/210 275/275/275 276/276/276
f 210/210/210 276/276/276 211/211/211
f 211/211/211 276/276/276 277/277/277
f 211/211/211 277/277/277 212/212/212
f 212/212/212 277/277/277 278/278/278
f 212/212/212 278/278/278 213/213/213
f 213/213/213 278/278/278 279/279/279
f 213/213/213 279/279/279 214/214/214
f 214/214/214 279/279/279 280/280/280
f 214/214/214 280/280/280 215/215/215
f 215/215/215 280/280/280 281/281/281
f 215/215/215 281/281/281 216/216/216
f 216/216/216 281/281/281 282/282/282
f 216/216/216 282/282/282 217/217/217
f 217/217/217 282/282/282 283/283/283
f 217/217/217 283/283/283 218/218/218
f 218/218/218 283/283/283 284/284/284
f 218/218/218 284/284/284 219/219/219
f 219/219/219 284/284/284 285/285/285
f 219/219/219 285/285/285 220/220/220
f 220/220/220 285/285/285 286/286/286
f 220/220/220 286/286/286 221/221/221
f 221/221/221 286/286/286 287/287/287
f 221/221/221 287/287/287 222/222/222
f 222/222/222 287/287/287 288/288/288
f 222/222/222 288/288/288 223/223/223
f 223/223/223 288/288/288 289/289/289
f 223/223/223 289/289/289 224/224/224
f 224/224/224 289/289/289 290/290/290
f 224/224/224 290/290/290 225/225/225
f 225/225/225 290/290/290 291/291/291
f 225/225/225 291/291/291 226/226/226
f 226/226/226 291/291/291 292/292/292
f 226/226/226 292/292/292 227/227/227
f 227/227/227 292/292/292 293/293/293
f 227/227/227 293/293/293 228/228/228
f 228/228/228 293/293/293 294/294/294
f 228/228/228 294/294/294 229/229/229
f 229/229/229 294/294/294 295/295/295
f 229/229/229 295/295/295 230/230/230
f 230/230/230 295/295/295 296/296/296
f 230/230/230 296/296/296 231/231/231
f 231/231/231 296/296/296 297/297/297
f 231/231/231 297/297/297 232/232/232
f 232/232/232 297/297/297 298/298/298
f 232/232/232 298/298/298 233/233/233
f 233/233/233 298/298/298 299/299/299
f 233/233/233 299/299/299 234/234/234
f 234/234/234 299/299/299 300/300/300
f 234/234/234 300/300/300 235/235/235
f 235/235/235 300/300/300 301/301/301
f 235/235/235 301/301/301 236/236/236
f 236/236/236 301/301/301 302/302/302
f 236/236/236 302/302/302 237/237/237
f 237/237/237 302/302/302 303/303/303
f 237/237/237 303/303/303 238/238/238
f 238/238/238 303/303/303 304/304/304
f 238/238/238 304/304/304 239/239/239
f 239/239/239 304/304/304 305/305/305
f 239/239/239 305/305/305 240/240/240
f 240/240/240 305/305/305 306/306/306
f 240/240/240 306/306/306 241/241/241
f 241/241/241 306/306/306 307/307/307
f 241/241/241 307/307/307 242/242/242
f 242/242/242 307/307/307 308/308/308
f 242/242/242 308/308/308 243/243/243
f 243/243/243 308/308/308 309/309/309
f 243/243/243 309/309/309 244/244/244
f 244/244/244 309/309/309 310/310/310
f 244/244/244 310/310/310 245/245/245
f 245/245/245 310/310/310 311/311/311
f 245/245/245 311/311/311 246/246/246
f 246/246/246 311/311/311 312/312/312
f 246/246/246 312/312/312 247/247/247
f 247/247/247 312/312/312 313/313/313
f 247/247/247 313/313/313 248/248/248
f 248/248/248 313/313/313 314/314/314
f 248/248/248 314/314/314 249/249/249
f 249/249/249 314/314/314 315/315/315
f 249/249/249 315/315/315 250/250/250
f 250/250/250 315/315/315 316/316/316
f 250/250/250 316/316/316 251/251/251
f 251/251/251 316/316/316 317/317/317
f 251/251/251 317/317/317 252/252/252
f 252/252/252 317/317/317 318/318/318
f 252/252/252 318/318/318 253/253/253
f 253/253/253 318/318/318 319/319/319
f 253/253/253 319/319/319 254/254/254
f 254/254/254 319/319/319 320/320/320
f 254/254/254 320/320/320 255/255/255
f 255/255/255 320/320/320 321/321/321
f 255/255/255 321/321/321 256/256/256
f 256/256/256 321/321/321 322/322/322
f 256/256/256 322/322/322 257/257/257
f 257/257/257 322/322/322 323/323/323
f 257/257/257 323/323/323 258/258/258
f 258/258/258 323/323/323 324/324/324
f 258/258/258 324/324/324 259/259/259
f 259/259/259 324/324/324 325/325/325
f 259/259/259 325/325/325 260/260/260
f 261/261/261 326/326/326 327/327/327
f 261/261/261 327/327/327 262/262/262
f 262/262/262 327/327/327 328/328/328
f 262/262/262 328/328/328 263/263/263
f 263/263/263 328/328/328 329/329/329
f 263/263/263 329/329/329 264/264/264
f 264/264/264 329/329/329 330/330/330
f 264/264/264 330/330/330 265/265/265
f 265/265/265 330/330/330 331/331/331
f 265/265/265 331/331/331 266/266/266
f 266/266/266 331/331/331 332/332/332
f 266/266/266 332/332/332 267/267/267
f 267/267/267 332/332/332 333/333/333
f 267/267/267 333/333/333 268/268/268
f 268/268/268 333/333/333 334/334/334
f 268/268/268 334/334/334 269/269/269
f 269/269/269 334/334/334 335/335/335
f 269/269/269 335/335/335 270/270/270
f 270/270/270 335/335/335 336/336/336
f 270/270/270 336/336/336 271/271/271
f 271/271/271 336/336/336 337/337/337
f 271/271/271 337/337/337 272/272/272
f 272/272/272 337/337/337 338/338/338
f 272/272/272 338/338/338 273/273/273
f 273/273/273 338/338/338 339/339/339
f 273/273/273 339/339/339 274/274/274
f 274/274/274 339/339/339 340/340/340
f 274/274/274 340/340/340 275/275/275
f 275/275/275 340/340/340 341/341/341
f 275/275/275 341/341/341 276/276/276
f 276/276/276 341/341/341 342/342/342
f 276/276/276 342/342/342 277/277/277
f 277/277/277 342/342/342 343/343/343
f 277/277/277 343/343/343 278/278/278
f 278/278/278 343/343/343 344/344/344
f 278/278/278 344/344/344 279/279/279
f 279/279/279 344/344/344 345/345/345
f 279/279/279 345/345/345 280/280/280
f 280/280/280 345/345/345 346/346/346
f 280/280/280 346/346/346 281/281/281
f 281/281/281 346/346/346 347/347/347
f 281/281/281 347/347/347 282/282/282
f 282/282/282 347/347/347 348/348/348
f 282/282/282 348/348/348 283/283/283
f 283/283/283 348/348/348 349/349/349
f 283/283/283 349/349/349 284/284/284
f 284/284/284 349/349/349 350/350/350
f 284/284/284 350/350/350 285/285/285
f 285/285/285 350/350/350 351/351/351
f 285/285/285 351/351/351 286/286/286
f 286/286/286 351/351/351 352/352/352
f 286/286/286 352/352/352 287/287/287
f 287/287/287 352/352/352 353/353/353
f 287/287/287 353/353/353 288/288/288
f 288/288/288 353/353/353 354/354/354
f 288/288/288 354/354/354 289/289/289
f 289/289/289 354/354/354 355/355/355
f 289/289/289 355/355/355 290/290/290
f 290/290/290 355/355/355 356/356/356
f 290/290/290 356/356/356 291/291/291
f 291/291/291 356/356/356 357/357/357
f 291/291/291 357/357/357 292/292/292
f 292/292/292 357/357/357 358/358/358
f 292/292/292 358/358/358 293/293/293
f 293/293/293 358/358/358 359/359/359
f 293/293/293 359/359/359 294/294/294
f 294/294/294 359/359/359 360/360/360
f 294/294/294 360/360/360 295/295/295
f 295/295/295 360/360/360 361/361/361
f 295/295/295 361/361/361 296/296/296
f 296/296/296 361/361/361 362/362/362
f 296/296/296 362/362/362 297/297/297
f 297/297/297 362/362/362 363/363/363
f 297/297/297 363/363/363 298/298/298
f 298/298/298 363/363/363 364/364/364
f 298/298/298 364/364/364 299/299/299
f 299/299/299 364/364/364 365/365/365
f 299/299/299 365/365/365 300/300/300
f 300/300/300 365/365/365 366/366/366
f 300/300/300 366/366/366 301/301/301
f 301/301/301 366/366/366 367/367/367
f 301/301/301 367/367/367 302/302/302
f 302/302/302 367/367/367 368/368/368
f 302/302/302 368/368/368 303/303/303
f 303/303/303 368/368/368 369/369/369
f 303/303/303 369/369/369 304/304/304
f 304/304/304 369/369/369 370/370/370
f 304/304/304 370/370/370 305/305/305
f 305/305/305 370/370/370 371/371/371
f 305/305/305 371/371/371 306/306/306
f 306/306/306 371/371/371 372/372/372
f 306/306/306 372/372/372 307/307/307
f 307/307/307 372/372/372 373/373/373
f 307/307/307 373/373/373 308/308/308
f 308/308/308 373/373/373 374/374/374
f 308/308/308 374/374/374 309/309/309
f 309/309/309 374/374/374 375/375/375
f 309/309/309 375/375/375 310/310/310
f 310/310/310 375/375/375 376/376/376
f 310/310/310 376/376/376 311/311/311
f 311/311/311 376/376/376 377/377/377
f 311/311/311 377/377/377 312/312/312
f 312/312/312 377/377/377 378/378/378
f 312/312/312 378/378/378 313/313/313
f 313/313/313 378/378/378 379/379/379
f 313/313/313 379/379/379 314/314/314
f 314/314/314 379/379/379 380/380/380
f 314/314/314 380/380/380 315/315/315
f 315/315/315 380/380/380 381/381/381
f 315/315/315 381/381/381 316/316/316
f 316/316/316 381/381/381 382/382/382
f 316/316/316 382/382/382 317/317/317
f 317/317/317 382/382/382 383/383/383
f 317/317/317 383/383/383 318/318/318
f 318/318/318 383/383/383 384/384/384
f 318/318/318 384/384/384 319/319/319
f 319/319/319 384/384/384 385/385/385
f 319/319/319 385/385/385 320/320/320
f 320/320/320 385/385/385 386/386/386
f 320/320/320 386/386/386 321/321/321
f 321/321/321 386/386/386 387/387/387
f 321/321/321 387/387/387 322/322/322
f 322/322/322 387/387/387 388/388/388
f 322/322/322 388/388/388 323/323/323
f 323/323/323 388/388/388 389/389/389
f 323/323/323 389/389/389 324/324/324
f 324/324/324 389/389/389 390/390/390
f 324/324/324 390/390/390 325/325/325
f 326/326/326 391/391/391 392/392/392
f 326/326/326 392/392/392 327/327/327
f 327/327/327 392/392/392 393/393/393
f 327/327/327 393/393/393 328/328/328
f 328/328/328 393/393/393 394/394/394
f 328/328/328 394/394/394 329/329/329
f 329/329/329 394/394/394 395/395/395
f 329/329/329 395/395/395 330/330/330
f 330/330/330 395/395/395 396/396/396
f 330/330/330 396/396/396 331/331/331
f 331/331/331 396/396/396 397/397/397
f 331/331/331 397/397/397 332/332/332
f 332/332/332 397/397/397 398/398/398
f 332/332/332 398/398/398 333/333/333
f 333/333/333 398/398/398 399/399/399
f 333/333/333 399/399/399 334/334/334
f 334/334/334 399/399/399 400/400/400
f 334/334/334 400/400/400 335/335/335
f 335/335/335 400/400/400 401/401/401
f 335/335/335 401/401/401 336/336/336
f 336/336/336 401/401/401 402/402/402
f 336/336/336 402/402/402 337/337/337
f 337/337/337 402/402/402 403/403/403
f 337/337/337 403/403/403 338/338/338
f 338/338/338 403/403/403 404/404/404
f 338/338/338 404/404/404 339/339/339
f 339/339/339 404/404/404 405/405/405
f 339/339/339 405/405/405 340/340/340
f 340/340/340 405/405/405 406/406/406
f 340/340/340 406/406/406 341/341/341
f 341/341/341 406/406/406 407/407/407
f 341/341/341 407/407/407 342/342/342
f 342/342/342 407/407/407 408/408/408
f 342/342/342 408/408/408 343/343/343
f 343/343/343 408/408/408 409/409/409
f 343/343/343 409/409/409 344/344/344
f 344/344/344 409/409/409 410/410/410
f 344/344/344 410/410/410 345/345/345
f 345/345/345 410/410/410 411/411/411
f 345/345/345 411/411/411 346/346/346
f 346/346/346 411/411/411 412/412/412
f 346/346/346 412/412/412 347/347/347
f 347/347/347 412/412/412 413/413/413
f 347/347/347 413/413/413 348/348/348
f 348/348/348 413/413/413 414/414/414
f 348/348/348 414/414/414 349/349/349
f 349/349/349 414/414/414 415/415/415
f 349/349/349 415/415/415 350/350/350
f 350/350/350 415/415/415 416/416/416
f 350/350/350 416/416/416 351/351/351
f 351/351/351 416/416/416 417/417/417
f 351/351/351 417/417/417 352/352/352
f 352/352/352 417/417/417 418/418/418
f 352/352/352 418/418/418 353/353/353
f 353/353/353 418/418/418 419/419/419
f 353/353/353 419/419/419 354/354/354
f 354/354/354 419/419/419 420/420/420
f 354/354/354 420/420/420 355/355/355
f 355/355/355 420/420/420 421/421/421
f 355/355/355 421/421/421 356/356/356
f 356/356/356 421/421/421 422/422/422
f 356/356/356 422/422/422 357/357/357
f 357/357/357 422/422/422 423/423/423
f 357/357/357 423/423/423 358/358/358
f 358/358/358 423/423/423 424/424/424
f 358/358/358 424/424/424 359/359/359
f 359/359/359 424/424/424 425/425/425
f 359/359/359 425/425/425 360/360/360
f 360/360/360 425/425/425 426/426/426
f 360/360/360 426/426/426 361/361/361
f 361/361/361 426/426/426 427/427/427
f 361/361/361 427/427/427 362/362/362
f 362/362/362 427/427/427 428/428/428
f 362/362/362 428/428/428 363/363/363
f 363/363/363 428/428/428 429/429/429
f 363/363/363 429/429/429 364/364/364
f 364/364/364 429/429/429 430/430/430
f 364/364/364 430/430/430 365/365/365
f 365/365/365 430/430/430 431/431/431
f 365/365/365 431/431/431 366/366/366
f 366/366/366 431/431/431 432/432/432
f 366/366/366 432/432/432 367/367/367
f 367/367/367 432/432/432 433/433/433
f 367/367/367 433/433/433 368/368/368
f 368/368/368 433/433/433 434/434/434
f 368/368/368 434/434/434 369/369/369
f 369/369/369 434/434/434 435/435/435
f 369/369/369 435/435/435 370/370/370
f 370/370/370 435/435/435 436/436/436
f 370/370/370 436/436/436 371/371/371
f 371/371/371 436/436/436 437/437/437
f 371/371/371 437/437/437 372/372/372
f 372/372/372 437/437/437 438/438/438
f 372/372/372 438/438/438 373/373/373
f 373/373/373 438/438/438 439/439/439
f 373/373/373 439/439/439 374/374/374
f 374/374/374 439/439/439 440/440/440
f 374/374/374 440/440/440 375/375/375
f 375/375/375 440/440/440 441/441/441
f 375/375/375 441/441/441 376/376/376
f 376/376/376 441/441/441 442/442/442
f 376/376/376 442/442/442 377/377/377
f 377/377/377 442/442/442 443/443/443
f 377/377/377 443/443/443 378/378/378
f 378/378/378 443/443/443 444/444/444
f 378/378/378 444/444/444 379/379/379
f 379/379/379 444/444/444 445/445/445
f 379/379/379 445/445/445 380/380/380
f 380/380/380 445/445/445 446/446/446
f 380/380/380 446/446/446 381/381/381
f 381/381/381 446/446/446 447/447/447
f 381/381/381 447/447/447 382/382/382
f 382/382/382 447/447/447 448/448/448
f 382/382/382 448/448/448 383/383/383
f 383/383/383 448/448/448 449/449/449
f 383/383/383 449/449/449 384/384/384
f 384/384/384 449/449/449 450/450/450
f 384/384/384 450/450/450 385/385/385
f 385/385/385 450/450/450 451/451/451
f 385/385/385 451/451/451 386/386/386
f 386/386/386 451/451/451 452/452/452
f 386/386/386 452/452/452 387/387/387
f 387/387/387 452/452/452 453/453/453
f 387/387/387 453/453/453 388/388/388
f 388/388/388 453/453/453 454/454/454
f 388/388/388 454/454/454 389/389/389
f 389/389/389 454/454/454 455/455/455
f 389/389/389 455/455/455 390/390/390
f 391/391/391 456/456/456 457/457/457
f 391/391/391 457/457/457 392/392/392
f 392/392/392 457/457/457 458/458/458
f 392/392/392 458/458/458 393/393/393
f 393/393/393 458/458/458 459/459/459
f 393/393/393 459/459/459 394/394/394
f 394/394/394 459/459/459 460/460/460
f 394/394/394 460/460/460 395/395/395
f 395/395/395 460/460/460 461/461/461
f 395/395/395 461/461/461 396/396/396
f 396/396/396 461/461/461 462/462/462
f 396/396/396 462/462/462 397/397/397
f 397/397/397 462/462/462 463/463/463
f 397/397/397 463/463/463 398/398/398
f 398/398/398 463/463/463 464/464/464
f 398/398/398 464/464/464 399/399/399
f 399/399/399 464/464/464 465/465/465
f 399/399/399 465/465/465 400/400/400
f 400/400/400 465/465/465 466/466/466
f 400/400/400 466/466/466 401/401/401
f 401/401/401 466/466/466 467/467/467
f 401/401/401 467/467/467 402/402/402
f 402/402/402 467/467/467 468/468/468
f 402/402/402 468/468/468 403/403/403
f 403/403/403 468/468/468 469/469/469
f 403/403/403 469/469/469 404/404/404
f 404/404/404 469/469/469 470/470/470
f 404/404/404 470/470/470 405/405/405
f 405/405/405 470/470/470 471/471/471
f 405/405/405 471/471/471 406/406/406
f 406/406/406 471/471/471 472/472/472
f 406/406/406 472/472/472 407/407/407
f 407/407/407 472/472/472 473/473/473
f 407/407/407 473/473/473 408/408/408
f 408/408/408 473/473/473 474/474/474
f 408/408/408 474/474/474 409/409/409
f 409/409/409 474/474/474 475/475/475
f 409/409/409 475/475/475 410/410/410
f 410/410/410 475/475/475 476/476/476
f 410/410/410 476/476/476 411/411/411
f 411/411/411 476/476/476 477/477/477
f 411/411/411 477/477/477 412/412/412
f 412/412/412 477/477/477 478/478/478
f 412/412/412 478/478/478 413/413/413
f 413/413/413 478/478/478 479/479/479
f 413/413/413 479/479/479 414/414/414
f 414/414/414 479/479/479 480/480/480
f 414/414/414 480/480/480 415/415/415
f 415/415/415 480/480/480 481/481/481
f 415/415/415 481/481/481 416/416/416
f 416/416/416 481/481/481 482/482/482
f 416/416/416 482/482/482 417/417/417
f 417/417/417 482/482/482 483/483/483
f 417/417/417 483/483/483 418/418/418
f 418/418/418 483/483/483 484/484/484
f 418/418/418 484/484/484 419/419/419
f 419/419/419 484/484/484 485/485/485
f 419/419/419 485/485/485 420/420/420
f 420/420/420 485/485/485 486/486/486
f 420/420/420 486/486/486 421/421/421
f 421/421/421 486/486/486 487/487/487
f 421/421/421 487/487/487 422/422/422
f 422/422/422 487/487/487 488/488/488
f 422/422/422 488/488/488 423/423/423
f 423/423/423 488/488/488 489/489/489
f 423/423/423 489/489/489 424/424/424
f 424/424/424 489/489/489 490/490/490
f 424/424/424 490/490/490 425/425/425
f 425/425/425 490/490/490 491/491/491
f 425/425/425 491/491/491 426/426/426
f 426/426/426 491/491/491 492/492/492
f 426/426/426 492/492/492 427/427/427
f 427/427/427 492/492/492 493/493/493
f 427/427/427 493/493/493 428/428/428
f 428/428/428 493/493/493 494/494/494
f 428/428/428 494/494/494 429/429/429
f 429/429/429 494/494/494 495/495/495
f 429/429/429 495/495/495 430/430/430
f 430/430/430 495/495/495 496/496/496
f 430/430/430 496/496/496 431/431/431
f 431/431/431 496/496/496 497/497/497
f 431/431/431 497/497/497 432/432/432
f 432/432/432 497/497/497 498/498/498
f 432/432/432 498/498/498 433/433/433
f 433/433/433 498/498/498 499/499/499
f 433/433/433 499/499/499 434/434/434
f 434/434/434 499/499/499 500/500/500
f 434/434/434 500/500/500 435/435/435
f 435/435/435 500/500/500 501/501/501
f 435/435/435 501/501/501 436/436/436
f 436/436/436 501/501/501 502/502/502
f 436/436/436 502/502/502 437/437/437
f 437/437/437 502/502/502 503/503/503
f 437/437/437 503/503/503 438/438/438
f 438/438/438 503/503/503 504/504/504
f 438/438/438 504/504/504 439/439/439
f 439/439/439 504/504/504 505/505/505
f 439/439/439 505/505/505 440/440/440
f 440/440/440 505/505/505 506/506/506
f 440/440/440 506/506/506 441/441/441
f 441/441/441 506/506/506 507/507/507
f 441/441/441 507/507/507 442/442/442
f 442/442/442 507/507/507 508/508/508
f 442/442/442 508/508/508 443/443/443
f 443/443/443 508/508/508 509/509/509
f 443/443/443 509/509/509 444/444/444
f 444/444/444 509/509/509 510/510/510
f 444/444/444 510/510/510 445/445/445
f 445/445/445 510/510/510 511/511/511
f 445/445/445 511/511/511 446/446/446
f 446/446/446 511/511/511 512/512/512
f 446/446/446 512/512/512 447/447/447
f 447/447/447 512/512/512 513/513/513
f 447/447/447 513/513/513 448/448/448
f 448/448/448 513/513/513 514/514/514
f 448/448/448 514/514/514 449/449/449
f 449/449/449 514/514/514 515/515/515
f 449/449/449 515/515/515 450/450/450
f 450/450/450 515/515/515 516/516/516
f 450/450/450 516/516/516 451/451/451
f 451/451/451 516/516/516 517/517/517
f 451/451/451 517/517/517 452/452/452
f 452/452/452 517/517/517 518/518/518
f 452/452/452 518/518/518 453/453/453
f 453/453/453 518/518/518 519/519/519
f 453/453/453 519/519/519 454/454/454
f 454/454/454 519/519/519 520/520/520
f 454/454/454 520/520/520 455/455/455
f 456/456/456 521/521/521 522/522/522
f 456/456/456 522/522/522 457/457/457
f 457/457/457 522/522/522 523/523/523
f 457/457/457 523/523/523 458/458/458
f 458/458/458 523/523/523 524/524/524
f 458/458/458 524/524/524 459/459/459
f 459/459/459 524/524/524 525/525/525
f 459/459/459 525/525/525 460/460/460
f 460/460/460 525/525/525 526/526/526
f 460/460/460 526/526/526 461/461/461
f 461/461/461 526/526/526 527/527/527
f 461/461/461 527/527/527 462/462/462
f 462/462/462 527/527/527 528/528/528
f 462/462/462 528/528/528 463/463/463
f 463/463/463 528/528/528 529/529/529
f 463/463/463 529/529/529 464/464/464
f 464/464/464 529/529/529 530/530/530
f 464/464/464 530/530/530 465/465/465
f 465/465/465 530/530/530 531/531/531
f 465/465/465 531/531/531 466/466/466
f 466/466/466 531/531/531 532/532/532
f 466/466/466 532/532/532 467/467/467
f 467/467/467 532/532/532 533/533/533
f 467/467/467 533/533/533 468/468/468
f 468/468/468 533/533/533 534/534/534
f 468/468/468 534/534/534 469/469/469
f 469/469/469 534/534/534 535/535/535
f 469/469/469 535/535/535 470/470/470
f 470/470/470 535/535/535 536/536/536
f 470/470/470 536/536/536 471/471/471
f 471/471/471 536/536/536 537/537/537
f 471/471/471 537/537/537 472/472/472
f 472/472/472 537/537/537 538/538/538
f 472/472/472 538/538/538 473/473/473
f 473/473/473 538/538/538 539/539/539
f 473/473/473 539/539/539 474/474/474
f 474/474/474 539/539/539 540/540/540
f 474/474/474 540/540/540 475/475/475
f 475/475/475 540/540/540 541/541/541
f 475/475/475 541/541/541 476/476/476
f 476/476/476 541/541/541 542/542/542
f 476/476/476 542/542/542 477/477/477
f 477/477/477 542/542/542 543/543/543
f 477/477/477 543/543/543 478/478/478
f 478/478/478 543/543/543 544/544/544
f 478/478/478 544/544/544 479/479/479
f 479/479/479 544/544/544 545/545/545
f 479/479/479 545/545/545 480/480/480
f 480/480/480 545/545/545 546/546/546
f 480/480/480 546/546/546 481/481/481
f 481/481/481 546/546/546 547/547/547
f 481/481/481 547/547/547 482/482/482
f 482/482/482 547/547/547 548/548/548
f 482/482/482 548/548/548 483/483/483
f 483/483/483 548/548/548 549/549/549
f 483/483/483 549/549/549 484/484/484
f 484/484/484 549/549/549 550/550/550
f 484/484/484 550/550/550 485/485/485
f 485/485/485 550/550/550 551/551/551
f 485/485/485 551/551/551 486/486/486
f 486/486/486 551/551/551 552/552/552
f 486/486/486 552/552/552 487/487/487
f 487/487/487 552/552/552 553/553/553
f 487/487/487 553/553/553 488/488/488
f 488/488/488 553/553/553 554/554/554
f 488/488/488 554/554/554 489/489/489
f 489/489/489 554/554/554 555/555/555
f 489/489/489 555/555/555 490/490/490
f 490/490/490 555/555/555 556/556/556
f 490/490/490 556/556/556 491/491/491
f 491/491/491 556/556/556 557/557/557
f 491/491/491 557/557/557 492/492/492
f 492/492/492 557/557/557 558/558/558
f 492/492/492 558/558/558 493/493/493
f 493/493/493 558/558/558 559/559/559
f 493/493/493 559/559/559 494/494/494
f 494/494/494 559/559/559 560/560/560
f 494/494/494 560/560/560 495/495/495
f 495/495/495 560/560/560 561/561/561
f 495/495/495 561/561/561 496/496/496
f 496/496/496 561/561/561 562/562/562
f 496/496/496 562/562/562 497/497/497
f 497/497/497 562/562/562 563/563/563
f 497/497/497 563/563/563 498/498/498
f 498/498/498 563/563/563 564/564/564
f 498/498/498 564/564/564 499/499/499
f 499/499/499 564/564/564 565/565/565
f 499/499/499 565/565/565 500/500/500
f 500/500/500 565/565/565 566/566/566
f 500/500/500 566/566/566 501/501/501
f 501/501/501 566/566/566 567/567/567
f 501/501/501 567/567/567 502/502/502
f 502/502/502 567/567/567 568/568/568
f 502/502/502 568/568/568 503/503/503
f 503/503/503 568/568/568 569/569/569
f 503/503/503 569/569/569 504/504/504
f 504/504/504 569/569/569 570/570/570
f 504/504/504 570/570/570 505/505/505
f 505/505/505 570/570/570 571/571/571
f 505/505/505 571/571/571 506/506/506
f 506/506/506 571/571/571 572/572/572
f 506/506/506 572/572/572 507/507/507
f 507/507/507 572/572/572 573/573/573
f 507/507/507 573/573/573 508/508/508
f 508/508/508 573/573/573 574/574/574
f 508/508/508 574/574/574 509/509/509
f 509/509/509 574/574/574 575/575/575
f 509/509/509 575/575/575 510/510/510
f 510/510/510 575/575/575 576/576/576
f 510/510/510 576/576/576 511/511/511
f 511/511/511 576/576/576 577/577/577
f 511/511/511 577/577/577 512/512/512
f 512/512/512 577/577/577 578/578/578
f 512/512/512 578/578/578 513/513/513
f 513/513/513 578/578/578 579/579/579
f 513/513/513 579/579/579 514/514/514
f 514/514/514 579/579/579 580/580/580
f 514/514/514 580/580/580 515/515/515
f 515/515/515 580/580/580 581/581/581
f 515/515/515 581/581/581 516/516/516
f 516/516/516 581/581/581 582/582/582
f 516/516/516 582/582/582 517/517/517
f 517/517/517 582/582/582 583/583/583
f 517/517/517 583/583/583 518/518/518
f 518/518/518 583/583/583 584/584/584
f 518/518/518 584/584/584 519/519/519
f 519/519/519 584/584/584 585/585/585
f 519/519/519 585/585/585 520/520/520
f 521/521/521 586/586/586 587/587/587
f 521/521/521 587/587/587 522/522/522
f 522/522/522 587/587/587 588/588/588
f 522/522/522 588/588/588 523/523/523
f 523/523/523 588/588/588 589/589/589
f 523/523/523 589/589/589 524/524/524
f 524/524/524 589/589/589 590/590/590
f 524/524/524 590/590/590 525/525/525
f 525/525/525 590/590/590 591/591/591
f 525/525/525 591/591/591 526/526/526
f 526/526/526 591/591/591 592/592/592
f 526/526/526 592/592/592 527/527/527
f 527/527/527 592/592/592 593/593/593
f 527/527/527 593/593/593 528/528/528
f 528/528/528 593/593/593 594/594/594
f 528/528/528 594/594/594 529/529/529
f 529/529/529 594/594/594 595/595/595
f 529/529/529 595/595/595 530/530/530
f 530/530/530 595/595/595 596/596/596
f 530/530/530 596/596/596 531/531/531
f 531/531/531 596/596/596 597/597/597
f 531/531/531 597/597/597 532/532/532
f 532/532/532 597/597/597 598/598/598
f 532/532/532 598/598/598 533/533/533
f 533/533/533 598/598/598 599/599/599
f 533/533/533 599/599/599 534/534/534
f 534/534/534 599/599/599 600/600/600
f 534/534/534 600/600/600 535/535/535
f 535/535/535 600/600/600 601/601/601
f 535/535/535 601/601/601 536/536/536
f 536/536/536 601/601/601 602/602/602
f 536/536/536 602/602/602 537/537/537
f 537/537/537 602/602/602 603/603/603
f 537/537/537 603/603/603 538/538/538
f 538/538/538 603/603/603 604/604/604
f 538/538/538 604/604/604 539/539/539
f 539/539/539 604/604/604 605/605/605
f 539/539/539 605/605/605 540/540/540
f 540/540/540 605/605/605 606/606/606
f 540/540/540 606/606/606 541/541/541
f 541/541/541 606/606/606 607/607/607
f 541/541/541 607/607/607 542/542/542
f 542/542/542 607/607/607 608/608/608
f 542/542/542 608/608/608 543/543/543
f 543/543/543 608/608/608 609/609/609
f 543/543/543 609/609/609 544/544/544
f 544/544/544 609/609/609 610/610/610
f 544/544/544 610/610/610 545/545/545
f 545/545/545 610/610/610 611/611/611
f 545/545/545 611/611/611 546/546/546
f 546/546/546 611/611/611 612/612/612
f 546/546/546 612/612/612 547/547/547
f 547/547/547 612/612/612 613/613/613
f 547/547/547 613/613/613 548/548/548
f 548/548/548 613/613/613 614/614/614
f 548/548/548 614/614/614 549/549/549
f 549/549/549 614/614/614 615/615/615
f 549/549/549 615/615/615 550/550/550
f 550/550/550 615/615/615 616/616/616
f 550/550/550 616/616/616 551/551/551
f 551/551/551 616/616/616 617/617/617
f 551/551/551 617/617/617 552/552/552
f 552/552/552 617/617/617 618/618/618
f 552/552/552 618/618/618 553/553/553
f 553/553/553 618/618/618 619/619/619
f 553/553/553 619/619/619 554/554/554
f 554/554/554 619/619/619 620/620/620
f 554/554/554 620/620/620 555/555/555
f 555/555/555 620/620/620 621/621/621
f 555/555/555 621/621/621 556/556/556
f 556/556/556 621/621/621 622/622/622
f 556/556/556 622/622/622 557/557/557
f 557/557/557 622/622/622 623/623/623
f 557/557/557 623/623/623 558/558/558
f 558/558/558 623/623/623 624/624/624
f 558/558/558 624/624/624 559/559/559
f 559/559/559 624/624/624 625/625/625
f 559/559/559 625/625/625 560/560/560
f 560/560/560 625/625/625 626/626/626
f 560/560/560 626/626/626 561/561/561
f 561/561/561 626/626/626 627/627/627
f 561/561/561 627/627/627 562/562/562
f 562/562/562 627/627/627 628/628/628
f 562/562/562 628/628/628 563/563/563
f 563/563/563 628/628/628 629/629/629
f 563/563/563 629/629/629 564/564/564
f 564/564/564 629/629/629 630/630/630
f 564/564/564 630/630/630 565/565/565
f 565/565/565 630/630/630 631/631/631
f 565/565/565 631/631/631 566/566/566
f 566/566/566 631/631/631 632/632/632
f 566/566/566 632/632/632 567/567/567
f 567/567/567 632/632/632 633/633/633
f 567/567/567 633/633/633 568/568/568
f 568/568/568 633/633/633 634/634/634
f 568/568/568 634/634/634 569/569/569
f 569/569/569 634/634/634 635/635/635
f 569/569/569 635/635/635 570/570/570
f 570/570/570 635/635/635 636/636/636
f 570/570/570 636/636/636 571/571/571
f 571/571/571 636/636/636 637/637/637
f 571/571/571 637/637/637 572/572/572
f 572/572/572 637/637/637 638/638/638
f 572/572/572 638/638/638 573/573/573
f 573/573/573 638/638/638 639/639/639
f 573/573/573 639/639/639 574/574/574
f 574/574/574 639/639/639 640/640/640
f 574/574/574 640/640/640 575/575/575
f 575/575/575 640/640/640 641/641/641
f 575/575/575 641/641/641 576/576/576
f 576/576/576 641/641/641 642/642/642
f 576/576/576 642/642/642 577/577/577
f 577/577/577 642/642/642 643/643/643
f 577/577/577 643/643/643 578/578/578
f 578/578/578 643/643/643 644/644/644
f 578/578/578 644/644/644 579/579/579
f 579/579/579 644/644/644 645/645/645
f 579/579/579 645/645/645 580/580/580
f 580/580/580 645/645/645 646/646/646
f 580/580/580 646/646/646 581/581/581
f 581/581/581 646/646/646 647/647/647
f 581/581/581 647/647/647 582/582/582
f 582/582/582 647/647/647 648/648/648
f 582/582/582 648/648/648 583/583/583
f 583/583/583 648/648/648 649/649/649
f 583/583/583 649/649/649 584/584/584
f 584/584/584 649/649/649 650/650/650
f 584/584/584 650/650/650 585/585/585
f 586/586/586 651/651/651 652/652/652
f 586/586/586 652/652/652 587/587/587
f 587/587/587 652/652/652 653/653/653
f 587/587/587 653/653/653 588/588/588
f 588/588/588 653/653/653 654/654/654
f 588/588/588 654/654/654 589/589/589
f 589/589/589 654/654/654 655/655/655
f 589/589/589 655/655/655 590/590/590
f 590/590/590 655/655/655 656/656/656
f 590/590/590 656/656/656 591/591/591
f 591/591/591 656/656/656 657/657/657
f 591/591/591 657/657/657 592/592/592
f 592/592/592 657/657/657 658/658/658
f 592/592/592 658/658/658 593/593/593
f 593/593/593 658/658/658 659/659/659
f 593/593/593 659/659/659 594/594/594
f 594/594/594 659/659/659 660/660/660
f 594/594/594 660/660/660 595/595/595
f 595/595/595 660/660/660 661/661/661
f 595/595/595 661/661/661 596/596/596
f 596/596/596 661/661/661 662/662/662
f 596/596/596 662/662/662 597/597/597
f 597/597/597 662/662/662 663/663/663
f 597/597/597 663/663/663 598/598/598
f 598/598/598 663/663/663 664/664/664
f 598/598/598 664/664/664 599/599/599
f 599/599/599 664/664/664 665/665/665
f 599/599/599 665/665/665 600/600/600
f 600/600/600 665/665/665 666/666/666
f 600/600/600 666/666/666 601/601/601
f 601/601/601 666/666/666 667/667/667
f 601/601/601 667/667/667 602/602/602
f 602/602/602 667/667/667 668/668/668
f 602/602/602 668/668/668 603/603/603
f 603/603/603 668/668/668 669/669/669
f 603/603/603 669/669/669 604/604/604
f 604/604/604 669/669/669 670/670/670
f 604/604/604 670/670/670 605/605/605
f 605/605/605 670/670/670 671/671/671
f 605/605/605 671/671/671 606/606/606
f 606/606/606 671/671/671 672/672/672
f 606/606/606 672/672/672 607/607/607
f 607/607/607 672/672/672 673/673/673
f 607/607/607 673/673/673 608/608/608
f 608/608/608 673/673/673 674/674/674
f 608/608/608 674/674/674 609/609/609
f 609/609/609 674/674/674 675/675/675
f 609/609/609 675/675/675 610/610/610
f 610/610/610 675/675/675 676/676/676
f 610/610/610 676/676/676 611/611/611
f 611/611/611 676/676/676 677/677/677
f 611/611/611 677/677/677 612/612/612
f 612/612/612 677/677/677 678/678/678
f 612/612/612 678/678/678 613/613/613
f 613/613/613 678/678/678 679/679/679
f 613/613/613 679/679/679 614/614/614
f 614/614/614 679/679/679 680/680/680
f 614/614/614 680/680/680 615/615/615
f 615/615/615 680/680/680 681/681/681
f 615/615/615 681/681/681 616/616/616
f 616/616/616 681/681/681 682/682/682
f 616/616/616 682/682/682 617/617/617
f 617/617/617 682/682/682 683/683/683
f 617/617/617 683/683/683 618/618/618
f 618/618/618 683/683/683 684/684/684
f 618/618/618 684/684/684 619/619/619
f 619/619/619 684/684/684 685/685/685
f 619/619/619 685/685/685 620/620/620
f 620/620/620 685/685/685 686/686/686
f 620/620/620 686/686/686 621/621/621
f 621/621/621 686/686/686 687/687/687
f 621/621/621 687/687/687 622/622/622
f 622/622/622 687/687/687 688/688/688
f 622/622/622 688/688/688 623/623/623
f 623/623/623 688/688/688 689/689/689
f 623/623/623 689/689/689 624/624/624
f 624/624/624 689/689/689 690/690/690
f 624/624/624 690/690/690 625/625/625
f 625/625/625 690/690/690 691/691/691
f 625/625/625 691/691/691 626/626/626
f 626/626/626 691/691/691 692/692/692
f 626/626/626 692/692/692 627/627/627
f 627/627/627 692/692/692 693/693/693
f 627/627/627 693/693/693 628/628/628
f 628/628/628 693/693/693 694/694/694
f 628/628/628 694/694/694 629/629/629
f 629/629/629 694/694/694 695/695/695
f 629/629/629 695/695/695 630/630/630
f 630/630/630 695/695/695 696/696/696
f 630/630/630 696/696/696 631/631/631
f 631/631/631 696/696/696 697/697/697
f 631/631/631 697/697/697 632/632/632
f 632/632/632 697/697/697 698/698/698
f 632/632/632 698/698/698 633/633/633
f 633/633/633 698/698/698 699/699/699
f 633/633/633 699/699/699 634/634/634
f 634/634/634 699/699/699 700/700/700
f 634/634/634 700/700/700 635/635/635
f 635/635/635 700/700/700 701/701/701
f 635/635/635 701/701/701 636/636/636
f 636/636/636 701/701/701 702/702/702
f 636/636/636 702/702/702 637/637/637
f 637/637/637 702/702/702 703/703/703
f 637/637/637 703/703/703 638/638/638
f 638/638/638 703/703/703 704/704/704
f 638/638/638 704/704/704 639/639/639
f 639/639/639 704/704/704 705/705/705
f 639/639/639 705/705/705 640/640/640
f 640/640/640 705/705/705 706/706/706
f 640/640/640 706/706/706 641/641/641
f 641/641/641 706/706/706 707/707/707
f 641/641/641 707/707/707 642/642/642
f 642/642/642 707/707/707 708/708/708
f 642/642/642 708/708/708 643/643/643
f 643/643/643 708/708/708 709/709/709
f 643/643/643 709/709/709 644/644/644
f 644/644/644 709/709/709 710/710/710
f 644/644/644 710/710/710 645/645/645
f 645/645/645 710/710/710 711/711/711
f 645/645/645 711/711/711 646/646/646
f 646/646/646 711/711/711 712/712/712
f 646/646/646 712/712/712 647/647/647
f 647/647/647 712/712/712 713/713/713
f 647/647/647 713/713/713 648/648/648
f 648/648/648 713/713/713 714/714/714
f 648/648/648 714/714/714 649/649/649
f 649/649/649 714/714/714 715/715/715
f 649/649/649 715/715/715 650/650/650
f 651/651/651 716/716/716 717/717/717
f 651/651/651 717/717/717 652/652/652
f 652/652/652 717/717/717 718/718/718
f 652/652/652 718/718/718 653/653/653
f 653/653/653 718/718/718 719/719/719
f 653/653/653 719/719/719 654/654/654
f 654/654/654 719/719/719 720/720/720
f 654/654/654 720/720/720 655/655/655
f 655/655/655 720/720/720 721/721/721
f 655/655/655 721/721/721 656/656/656
f 656/656/656 721/721/721 722/722/722
f 656/656/656 722/722/722 657/657/657
f 657/657/657 722/722/722 723/723/723
f 657/657/657 723/723/723 658/658/658
f 658/658/658 723/723/723 724/724/724
f 658/658/658 724/724/724 659/659/659
f 659/659/659 724/724/724 725/725/725
f 659/659/659 725/725/725 660/660/660
f 660/660/660 725/725/725 726/726/726
f 660/660/660 726/726/726 661/661/661
f 661/661/661 726/726/726 727/727/727
f 661/661/661 727/727/727 662/662/662
f 662/662/662 727/727/727 728/728/728
f 662/662/662 728/728/728 663/663/663
f 663/663/663 728/728/728 729/729/729
f 663/663/663 729/729/729 664/664/664
f 664/664/664 729/729/729 730/730/730
f 664/664/664 730/730/730 665/665/665
f 665/665/665 730/730/730 731/731/731
f 665/665/665 731/731/731 666/666/666
f 666/666/666 731/731/731 732/732/732
f 666/666/666 732/732/732 667/667/667
f 667/667/667 732/732/732 733/733/733
f 667/667/667 733/733/733 668/668/668
f 668/668/668 733/733/733 734/734/734
f 668/668/668 734/734/734 669/669/669
f 669/669/669 734/734/734 735/735/735
f 669/669/669 735/735/735 670/670/670
f 670/670/670 735/735/735 736/736/736
f 670/670/670 736/736/736 671/671/671
f 671/671/671 736/736/736 737/737/737
f 671/671/671 737/737/737 672/672/672
f 672/672/672 737/737/737 738/738/738
f 672/672/672 738/738/738 673/673/673
f 673/673/673 738/738/738 739/739/739
f 673/673/673 739/739/739 674/674/674
f 674/674/674 739/739/739 740/740/740
f 674/674/674 740/740/740 675/675/675
f 675/675/675 740/740/740 741/741/741
f 675/675/675 741/741/741 676/676/676
f 676/676/676 741/741/741 742/742/742
f 676/676/676 742/742/742 677/677/677
f 677/677/677 742/742/742 743/743/743
f 677/677/677 743/743/743 678/678/678
f 678/678/678 743/743/743 744/744/744
f 678/678/678 744/744/744 679/679/679
f 679/679/679 744/744/744 745/745/745
f 679/679/679 745/745/745 680/680/680
f 680/680/680 745/745/745 746/746/746
f 680/680/680 746/746/746 681/681/681
f 681/681/681 746/746/746 747/747/747
f 681/681/681 747/747/747 682/682/682
f 682/682/682 747/747/747 748/748/748
f 682/682/682 748/748/748 683/683/683
f 683/683/683 748/748/748 749/749/749
f 683/683/683 749/749/749 684/684/684
f 684/684/684 749/749/749 750/750/750
f 684/684/684 750/750/750 685/685/685
f 685/685/685 750/750/750 751/751/751
f 685/685/685 751/751/751 686/686/686
f 686/686/686 751/751/751 752/752/752
f 686/686/686 752/752/752 687/687/687
f 687/687/687 752/752/752 753/753/753
f 687/687/687 753/753/753 688/688/688
f 688/688/688 753/753/753 754/754/754
f 688/688/688 754/754/754 689/689/689
f 689/689/689 754/754/754 755/755/755
f 689/689/689 755/755/755 690/690/690
f 690/690/690 755/755/755 756/756/756
f 690/690/690 756/756/756 691/691/691
f 691/691/691 756/756/756 757/757/757
f 691/691/691 757/757/757 692/692/692
f 692/692/692 757/757/757 758/758/758
f 692/692/692 758/758/758 693/693/693
f 693/693/693 758/758/758 759/759/759
f 693/693/693 759/759/759 694/694/694
f 694/694/694 759/759/759 760/760/760
f 694/694/694 760/760/760 695/695/695
f 695/695/695 760/760/760 761/761/761
f 695/695/695 761/761/761 696/696/696
f 696/696/696 761/761/761 762/762/762
f 696/696/696 762/762/762 697/697/697
f 697/697/697 762/762/762 763/763/763
f 697/697/697 763/763/763 698/698/698
f 698/698/698 763/763/763 764/764/764
f 698/698/698 764/764/764 699/699/699
f 699/699/699 764/764/764 765/765/765
f 699/699/699 765/765/765 700/700/700
f 700/700/700 765/765/765 766/766/766
f 700/700/700 766/766/766 701/701/701
f 701/701/701 766/766/766 767/767/767
f 701/701/701 767/767/767 702/702/702
f 702/702/702 767/767/767 768/768/768
f 702/702/702 768/768/768 703/703/703
f 703/703/703 768/768/768 769/769/769
f 703/703/703 769/769/769 704/704/704
f 704/704/704 769/769/769 770/770/770
f 704/704/704 770/770/770 705/705/705
f 705/705/705 770/770/770 771/771/771
f 705/705/705 771/771/771 706/706/706
f 706/706/706 771/771/771 772/772/772
f 706/706/706 772/772/772 707/707/707
f 707/707/707 772/772/772 773/773/773
f 707/707/707 773/773/773 708/708/708
f 708/708/708 773/773/773 774/774/774
f 708/708/708 774/774/774 709/709/709
f 709/709/709 774/774/774 775/775/775
f 709/709/709 775/775/775 710/710/710
f 710/710/710 775/775/775 776/776/776
f 710/710/710 776/776/776 711/711/711
f 711/711/711 776/776/776 777/777/777
f 711/711/711 777/777/777 712/712/712
f 712/712/712 777/777/777 778/778/778
f 712/712/712 778/778/778 713/713/713
f 713/713/713 778/778/778 779/779/779
f 713/713/713 779/779/779 714/714/714
f 714/714/714 779/779/779 780/780/780
f 714/714/714 780/780/780 715/715/715
f 716/716/716 781/781/781 782/782/782
f 716/716/716 782/782/782 717/717/717
f 717/717/717 782/782/782 783/783/783
f 717/717/717 783/783/783 718/718/718
f 718/718/718 783/783/783 784/784/784
f 718/718/718 784/784/784 719/719/719
f 719/719/719 784/784/784 785/785/785
f 719/719/719 785/785/785 720/720/720
f 720/720/720 785/785/785 786/786/786
f 720/720/720 786/786/786 721/721/721
f 721/721/721 786/786/786 787/787/787
f 721/721/721 787/787/787 722/722/722
f 722/722/722 787/787/787 788/788/788
f 722/722/722 788/788/788 723/723/723
f 723/723/723 788/788/788 789/789/789
f 723/723/723 789/789/789 724/724/724
f 724/724/724 789/789/789 790/790/790
f 724/724/724 790/790/790 725/725/725
f 725/725/725 790/790/790 791/791/791
f 725/725/725 791/791/791 726/726/726
f 726/726/726 791/791/791 792/792/792
f 726/726/726 792/792/792 727/727/727
f 727/727/727 792/792/792 793/793/793
f 727/727/727 793/793/793 728/728/728
f 728/728/728 793/793/793 794/794/794
f 728/728/728 794/794/794 729/729/729
f 729/729/729 794/794/794 795/795/795
f 729/729/729 795/795/795 730/730/730
f 730/730/730 795/795/795 796/796/796
f 730/730/730 796/796/796 731/731/731
f 731/731/731 796/796/796 797/797/797
f 731/731/731 797/797/797 732/732/732
f 732/732/732 797/797/797 798/798/798
f 732/732/732 798/798/798 733/733/733
f 733/733/733 798/798/798 799/799/799
f 733/733/733 799/799/799 734/734/734
f 734/734/734 799/799/799 800/800/800
f 734/734/734 800/800/800 735/735/735
f 735/735/735 800/800/800 801/801/801
f 735/735/735 801/801/801 736/736/736
f 736/736/736 801/801/801 802/802/802
f 736/736/736 802/802/802 737/737/737
f 737/737/737 802/802/802 803/803/803
f 737/737/737 803/803/803 738/738/738
f 738/738/738 803/803/803 804/804/804
f 738/738/738 804/804/804 739/739/739
f 739/739/739 804/804/804 805/805/805
f 739/739/739 805/805/805 740/740/740
f 740/740/740 805/805/805 806/806/806
f 740/740/740 806/806/806 741/741/741
f 741/741/741 806/806/806 807/807/807
f 741/741/741 807/807/807 742/742/742
f 742/742/742 807/807/807 808/808/808
f 742/742/742 808/808/808 743/743/743
f 743/743/743 808/808/808 809/809/809
f 743/743/743 809/809/809 744/744/744
f 744/744/744 809/809/809 810/810/810
f 744/744/744 810/810/810 745/745/745
f 745/745/745 810/810/810 811/811/811
f 745/745/745 811/811/811 746/746/746
f 746/746/746 811/811/811 812/812/812
f 746/746/746 812/812/812 747/747/747
f 747/747/747 812/812/812 813/813/813
f 747/747/747 813/813/813 748/748/748
f 748/748/748 813/813/813 814/814/814
f 748/748/748 814/814/814 749/749/749
f 749/749/749 814/814/814 815/815/815
f 749/749/749 815/815/815 750/750/750
f 750/750/750 815/815/815 816/816/816
f 750/750/750 816/816/816 751/751/751
f 751/751/751 816/816/816 817/817/817
f 751/751/751 817/817/817 752/752/752
f 752/752/752 817/817/817 818/818/818
f 752/752/752 818/818/818 753/753/753
f 753/753/753 818/818/818 819/819/819
f 753/753/753 819/819/819 754/754/754
f 754/754/754 819/819/819 820/820/820
f 754/754/754 820/820/820 755/755/755
f 755/755/755 820/820/820 821/821/821
f 755/755/755 821/821/821 756/756/756
f 756/756/756 821/821/821 822/822/822
f 756/756/756 822/822/822 757/757/757
f 757/757/757 822/822/822 823/823/823
f 757/757/757 823/823/823 758/758/758
f 758/758/758 823/823/823 824/824/824
f 758/758/758 824/824/824 759/759/759
f 759/759/759 824/824/824 825/825/825
f 759/759/759 825/825/825 760/760/760
f 760/760/760 825/825/825 826/826/826
f 760/760/760 826/826/826 761/761/761
f 761/761/761 826/826/826 827/827/827
f 761/761/761 827/827/827 762/762/762
f 762/762/762 827/827/827 828/828/828
f 762/762/762 828/828/828 763/763/763
f 763/763/763 828/828/828 829/829/829
f 763/763/763 829/829/829 764/764/764
f 764/764/764 829/829/829 830/830/830
f 764/764/764 830/830/830 765/765/765
f 765/765/765 830/830/830 831/831/831
f 765/765/765 831/831/831 766/766/766
f 766/766/766 831/831/831 832/832/832
f 766/766/766 832/832/832 767/767/767
f 767/767/767 832/832/832 833/833/833
f 767/767/767 833/833/833 768/768/768
f 768/768/768 833/833/833 834/834/834
f 768/768/768 834/834/834 769/769/769
f 769/769/769 834/834/834 835/835/835
f 769/769/769 835/835/835 770/770/770
f 770/770/770 835/835/835 836/836/836
f 770/770/770 836/836/836 771/771/771
f 771/771/771 836/836/836 837/837/837
f 771/771/771 837/837/837 772/772/772
f 772/772/772 837/837/837 838/838/838
f 772/772/772 838/838/838 773/773/773
f 773/773/773 838/838/838 839/839/839
f 773/773/773 839/839/839 774/774/774
f 774/774/774 839/839/839 840/840/840
f 774/774/774 840/840/840 775/775/775
f 775/775/775 840/840/840 841/841/841
f 775/775/775 841/841/841 776/776/776
f 776/776/776 841/841/841 842/842/842
f 776/776/776 842/842/842 777/777/777
f 777/777/777 842/842/842 843/843/843
f 777/777/777 843/843/843 778/778/778
f 778/778/778 843/843/843 844/844/844
f 778/778/778 844/844/844 779/779/779
f 779/779/779 844/844/844 845/845/845
f 779/779/779 845/845/845 780/780/780
f 781/781/781 846/846/846 847/847/847
f 781/781/781 847/847/847 782/782/782
f 782/782/782 847/847/847 848/848/848
f 782/782/782 848/848/848 783/783/783
f 783/783/783 848/848/848 849/849/849
f 783/783/783 849/849/849 784/784/784
f 784/784/784 849/849/849 850/850/850
f 784/784/784 850/850/850 785/785/785
f 785/785/785 850/850/850 851/851/851
f 785/785/785 851/851/851 786/786/786
f 786/786/786 851/851/851 852/852/852
f 786/786/786 852/852/852 787/787/787
f 787/787/787 852/852/852 853/853/853
f 787/787/787 853/853/853 788/788/788
f 788/788/788 853/853/853 854/854/854
f 788/788/788 854/854/854 789/789/789
f 789/789/789 854/854/854 855/855/855
f 789/789/789 855/855/855 790/790/790
f 790/790/790 855/855/855 856/856/856
f 790/790/790 856/856/856 791/791/791
f 791/791/791 856/856/856 857/857/857
f 791/791/791 857/857/857 792/792/792
f 792/792/792 857/857/857 858/858/858
f 792/792/792 858/858/858 793/793/793
f 793/793/793 858/858/858 859/859/859
f 793/793/793 859/859/859 794/794/794
f 794/794/794 859/859/859 860/860/860
f 794/794/794 860/860/860 795/795/795
f 795/795/795 860/860/860 861/861/861
f 795/795/795 861/861/861 796/796/796
f 796/796/796 861/861/861 862/862/862
f 796/796/796 862/862/862 797/797/797
f 797/797/797 862/862/862 863/863/863
f 797/797/797 863/863/863 798/798/798
f 798/798/798 863/863/863 864/864/864
f 798/798/798 864/864/864 799/799/799
f 799/799/799 864/864/864 865/865/865
f 799/799/799 865/865/865 800/800/800
f 800/800/800 865/865/865 866/866/866
f 800/800/800 866/866/866 801/801/801
f 801/801/801 866/866/866 867/867/867
f 801/801/801 867/867/867 802/802/802
f 802/802/802 867/867/867 868/868/868
f 802/802/802 868/868/868 803/803/803
f 803/803/803 868/868/868 869/869/869
f 803/803/803 869/869/869 804/804/804
f 804/804/804 869/869/869 870/870/870
f 804/804/804 870/870/870 805/805/805
f 805/805/805 870/870/870 871/871/871
f 805/805/805 871/871/871 806/806/806
f 806/806/806 871/871/871 872/872/872
f 806/806/806 872/872/872 807/807/807
f 807/807/807 872/872/872 873/873/873
f 807/807/807 873/873/873 808/808/808
f 808/808/808 873/873/873 874/874/874
f 808/808/808 874/874/874 809/809/809
f 809/809/809 874/874/874 875/875/875
f 809/809/809 875/875/875 810/810/810
f 810/810/810 875/875/875 876/876/876
f 810/810/810 876/876/876 811/811/811
f 811/811/811 876/876/876 877/877/877
f 811/811/811 877/877/877 812/812/812
f 812/812/812 877/877/877 878/878/878
f 812/812/812 878/878/878 813/813/813
f 813/813/813 878/878/878 879/879/879
f 813/813/813 879/879/879 814/814/814
f 814/814/814 879/879/879 880/880/880
f 814/814/814 880/880/880 815/815/815
f 815/815/815 880/880/880 881/881/881
f 815/815/815 881/881/881 816/816/816
f 816/816/816 881/881/881 882/882/882
f 816/816/816 882/882/882 817/817/817
f 817/817/817 882/882/882 883/883/883
f 817/817/817 883/883/883 818/818/818
f 818/818/818 883/883/883 884/884/884
f 818/818/818 884/884/884 819/819/819
f 819/819/819 884/884/884 885/885/885
f 819/819/819 885/885/885 820/820/820
f 820/820/820 885/885/885 886/886/886
f 820/820/820 886/886/886 821/821/821
f 821/821/821 886/886/886 887/887/887
f 821/821/821 887/887/887 822/822/822
f 822/822/822 887/887/887 888/888/888
f 822/822/822 888/888/888 823/823/823
f 823/823/823 888/888/888 889/889/889
f 823/823/823 889/889/889 824/824/824
f 824/824/824 889/889/889 890/890/890
f 824/824/824 890/890/890 825/825/825
f 825/825/825 890/890/890 891/891/891
f 825/825/825 891/891/891 826/826/826
f 826/826/826 891/891/891 892/892/892
f 826/826/826 892/892/892 827/827/827
f 827/827/827 892/892/892 893/893/893
f 827/827/827 893/893/893 828/828/828
f 828/828/828 893/893/893 894/894/894
f 828/828/828 894/894/894 829/829/829
f 829/829/829 894/894/894 895/895/895
f 829/829/829 895/895/895 830/830/830
f 830/830/830 895/895/895 896/896/896
f 830/830/830 896/896/896 831/831/831
f 831/831/831 896/896/896 897/897/897
f 831/831/831 897/897/897 832/832/832
f 832/832/832 897/897/897 898/898/898
f 832/832/832 898/898/898 833/833/833
f 833/833/833 898/898/898 899/899/899
f 833/833/833 899/899/899 834/834/834
f 834/834/834 899/899/899 900/900/900
f 834/834/834 900/900/900 835/835/835
f 835/835/835 900/900/900 901/901/901
f 835/835/835 901/901/901 836/836/836
f 836/836/836 901/901/901 902/902/902
f 836/836/836 902/902/902 837/837/837
f 837/837/837 902/902/902 903/903/903
f 837/837/837 903/903/903 838/838/838
f 838/838/838 903/903/903 904/904/904
f 838/838/838 904/904/904 839/839/839
f 839/839/839 904/904/904 905/905/905
f 839/839/839 905/905/905 840/840/840
f 840/840/840 905/905/905 906/906/906
f 840/840/840 906/906/906 841/841/841
f 841/841/841 906/906/906 907/907/907
f 841/841/841 907/907/907 842/842/842
f 842/842/842 907/907/907 908/908/908
f 842/842/842 908/908/908 843/843/843
f 843/843/843 908/908/908 909/909/909
f 843/843/843 909/909/909 844/844/844
f 844/844/844 909/909/909 910/910/910
f 844/844/844 910/910/910 845/845/845
f 846/846/846 911/911/911 912/912/912
f 846/846/846 912/912/912 847/847/847
f 847/847/847 912/912/912 913/913/913
f 847/847/847 913/913/913 848/848/848
f 848/848/848 913/913/913 914/914/914
f 848/848/848 914/914/914 849/849/849
f 849/849/849 914/914/914 915/915/915
f 849/849/849 915/915/915 850/850/850
f 850/850/850 915/915/915 916/916/916
f 850/850/850 916/916/916 851/851/851
f 851/851/851 916/916/916 917/917/917
f 851/851/851 917/917/917 852/852/852
f 852/852/852 917/917/917 918/918/918
f 852/852/852 918/918/918 853/853/853
f 853/853/853 918/918/918 919/919/919
f 853/853/853 919/919/919 854/854/854
f 854/854/854 919/919/919 920/920/920
f 854/854/854 920/920/920 855/855/855
f 855/855/855 920/920/920 921/921/921
f 855/855/855 921/921/921 856/856/856
f 856/856/856 921/921/921 922/922/922
f 856/856/856 922/922/922 857/857/857
f 857/857/857 922/922/922 923/923/923
f 857/857/857 923/923/923 858/858/858
f 858/858/858 923/923/923 924/924/924
f 858/858/858 924/924/924 859/859/859
f 859/859/859 924/924/924 925/925/925
f 859/859/859 925/925/925 860/860/860
f 860/860/860 925/925/925 926/926/926
f 860/860/860 926/926/926 861/861/861
f 861/861/861 926/926/926 927/927/927
f 861/861/861 927/927/927 862/862/862
f 862/862/862 927/927/927 928/928/928
f 862/862/862 928/928/928 863/863/863
f 863/863/863 928/928/928 929/929/929
f 863/863/863 929/929/929 864/864/864
f 864/864/864 929/929/929 930/930/930
f 864/864/864 930/930/930 865/865/865
f 865/865/865 930/930/930 931/931/931
f 865/865/865 931/931/931 866/866/866
f 866/866/866 931/931/931 932/932/932
f 866/866/866 932/932/932 867/867/867
f 867/867/867 932/932/932 933/933/933
f 867/867/867 933/933/933 868/868/868
f 868/868/868 933/933/933 934/934/934
f 868/868/868 934/934/934 869/869/869
f 869/869/869 934/934/934 935/935/935
f 869/869/869 935/935/935 870/870/870
f 870/870/870 935/935/935 936/936/936
f 870/870/870 936/936/936 871/871/871
f 871/871/871 936/936/936 937/937/937
f 871/871/871 937/937/937 872/872/872
f 872/872/872 937/937/937 938/938/938
f 872/872/872 938/938/938 873/873/873
f 873/873/873 938/938/938 939/939/939
f 873/873/873 939/939/939 874/874/874
f 874/874/874 939/939/939 940/940/940
f 874/874/874 940/940/940 875/875/875
f 875/875/875 940/940/940 941/941/941
f 875/875/875 941/941/941 876/876/876
f 876/876/876 941/941/941 942/942/942
f 876/876/876 942/942/942 877/877/877
f 877/877/877 942/942/942 943/943/943
f 877/877/877 943/943/943 878/878/878
f 878/878/878 943/943/943 944/944/944
f 878/878/878 944/944/944 879/879/879
f 879/879/879 944/944/944 945/945/945
f 879/879/879 945/945/945 880/880/880
f 880/880/880 945/945/945 946/946/946
f 880/880/880 946/946/946 881/881/881
f 881/881/881 946/946/946 947/947/947
f 881/881/881 947/947/947 882/882/882
f 882/882/882 947/947/947 948/948/948
f 882/882/882 948/948/948 883/883/883
f 883/883/883 948/948/948 949/949/949
f 883/883/883 949/949/949 884/884/884
f 884/884/884 949/949/949 950/950/950
f 884/884/884 950/950/950 885/885/885
f 885/885/885 950/950/950 951/951/951
f 885/885/885 951/951/951 886/886/886
f 886/886/886 951/951/951 952/952/952
f 886/886/886 952/952/952 887/887/887
f 887/887/887 952/952/952 953/953/953
f 887/887/887 953/953/953 888/888/888
f 888/888/888 953/953/953 954/954/954
f 888/888/888 954/954/954 889/889/889
f 889/889/889 954/954/954 955/955/955
f 889/889/889 955/955/955 890/890/890
f 890/890/890 955/955/955 956/956/956
f 890/890/890 956/956/956 891/891/891
f 891/891/891 956/956/956 957/957/957
f 891/891/891 957/957/957 892/892/892
f 892/892/892 957/957/957 958/958/958
f 892/892/892 958/958/958 893/893/893
f 893/893/893 958/958/958 959/959/959
f 893/893/893 959/959/959 894/894/894
f 894/894/894 959/959/959 960/960/960
f 894/894/894 960/960/960 895/895/895
f 895/895/895 960/960/960 961/961/961
f 895/895/895 961/961/961 896/896/896
f 896/896/896 961/961/961 962/962/962
f 896/896/896 962/962/962 897/897/897
f 897/897/897 962/962/962 963/963/963
f 897/897/897 963/963/963 898/898/898
f 898/898/898 963/963/963 964/964/964
f 898/898/898 964/964/964 899/899/899
f 899/899/899 964/964/964 965/965/965
f 899/899/899 965/965/965 900/900/900
f 900/900/900 965/965/965 966/966/966
f 900/900/900 966/966/966 901/901/901
f 901/901/901 966/966/966 967/967/967
f 901/901/901 967/967/967 902/902/902
f 902/902/902 967/967/967 968/968/968
f 902/902/902 968/968/968 903/903/903
f 903/903/903 968/968/968 969/969/969
f 903/903/903 969/969/969 904/904/904
f 904/904/904 969/969/969 970/970/970
f 904/904/904 970/970/970 905/905/905
f 905/905/905 970/970/970 971/971/971
f 905/905/905 971/971/971 906/906/906
f 906/906/906 971/971/971 972/972/972
f 906/906/906 972/972/972 907/907/907
f 907/907/907 972/972/972 973/973/973
f 907/907/907 973/973/973 908/908/908
f 908/908/908 973/973/973 974/974/974
f 908/908/908 974/974/974 909/909/909
f 909/909/909 974/974/974 975/975/975
f 909/909/909 975/975/975 910/910/910
f 911/911/911 976/976/976 977/977/977
f 911/911/911 977/977/977 912/912/912
f 912/912/912 977/977/977 978/978/978
f 912/912/912 978/978/978 913/913/913
f 913/913/913 978/978/978 979/979/979
f 913/913/913 979/979/979 914/914/914
f 914/914/914 979/979/979 980/980/980
f 914/914/914 980/980/980 915/915/915
f 915/915/915 980/980/980 981/981/981
f 915/915/915 981/981/981 916/916/916
f 916/916/916 981/981/981 982/982/982
f 916/916/916 982/982/982 917/917/917
f 917/917/917 982/982/982 983/983/983
f 917/917/917 983/983/983 918/918/918
f 918/918/918 983/983/983 984/984/984
f 918/918/918 984/984/984 919/919/919
f 919/919/919 984/984/984 985/985/985
f 919/919/919 985/985/985 920/920/920
f 920/920/920 985/985/985 986/986/986
f 920/920/920 986/986/986 921/921/921
f 921/921/921 986/986/986 987/987/987
f 921/921/921 987/987/987 922/922/922
f 922/922/922 987/987/987 988/988/988
f 922/922/922 988/988/988 923/923/923
f 923/923/923 988/988/988 989/989/989
f 923/923/923 989/989/989 924/924/924
f 924/924/924 989/989/989 990/990/990
f 924/924/924 990/990/990 925/925/925
f 925/925/925 990/990/990 991/991/991
f 925/925/925 991/991/991 926/926/926
f 926/926/926 991/991/991 992/992/992
f 926/926/926 992/992/992 927/927/927
f 927/927/927 992/992/992 993/993/993
f 927/927/927 993/993/993 928/928/928
f 928/928/928 993/993/993 994/994/994
f 928/928/928 994/994/994 929/929/929
f 929/929/929 994/994/994 995/995/995
f 929/929/929 995/995/995 930/930/930
f 930/930/930 995/995/995 996/996/996
f 930/930/930 996/996/996 931/931/931
f 931/931/931 996/996/996 997/997/997
f 931/931/931 997/997/997 932/932/932
f 932/932/932 997/997/997 998/998/998
f 932/932/932 998/998/998 933/933/933
f 933/933/933 998/998/998 999/999/999
f 933/933/933 999/999/999 934/934/934
f 934/934/934 999/999/999 1000/1000/1000
f 934/934/934 1000/1000/1000 935/935/935
f 935/935/935 1000/1000/1000 1001/1001/1001
f 935/935/935 1001/1001/1001 936/936/936
f 936/936/936 1001/1001/1001 1002/1002/1002
f 936/936/936 1002/1002/1002 937/937/937
f 937/937/937 1002/1002/1002 1003/1003/1003
f 937/937/937 1003/1003/1003 938/938/938
f 938/938/938 1003/1003/1003 1004/1004/1004
f 938/938/938 1004/1004/1004 939/939/939
f 939/939/939 1004/1004/1004 1005/1005/1005
f 939/939/939 1005/1005/1005 940/940/940
f 940/940/940 1005/1005/1005 1006/1006/1006
f 940/940/940 1006/1006/1006 941/941/941
f 941/941/941 1006/1006/1006 1007/1007/1007
f 941/941/941 1007/1007/1007 942/942/942
f 942/942/942 1007/1007/1007 1008/1008/1008
f 942/942/942 1008/1008/1008 943/943/943
f 943/943/943 1008/1008/1008 1009/1009/1009
f 943/943/943 1009/1009/1009 944/944/944
f 944/944/944 1009/1009/1009 1010/1010/1010
f 944/944/944 1010/1010/1010 945/945/945
f 945/945/945 1010/1010/1010 1011/1011/1011
f 945/945/945 1011/1011/1011 946/946/946
f 946/946/946 1011/1011/1011 1012/1012/1012
f 946/946/946 1012/1012/1012 947/947/947
f 947/947/947 1012/1012/1012 1013/1013/1013
f 947/947/947 1013/1013/1013 948/948/948
f 948/948/948 1013/1013/1013 1014/1014/1014
f 948/948/948 1014/1014/1014 949/949/949
f 949/949/949 1014/1014/1014 1015/1015/1015
f 949/949/949 1015/1015/1015 950/950/950
f 950/950/950 1015/1015/1015 1016/1016/1016
f 950/950/950 1016/1016/1016 951/951/951
f 951/951/951 1016/1016/1016 1017/1017/1017
f 951/951/951 1017/1017/1017 952/952/952
f 952/952/952 1017/1017/1017 1018/1018/1018
f 952/952/952 1018/1018/1018 953/953/953
f 953/953/953 1018/1018/1018 1019/1019/1019
f 953/953/953 1019/1019/1019 954/954/954
f 954/954/954 1019/1019/1019 1020/1020/1020
f 954/954/954 1020/1020/1020 955/955/955
f 955/955/955 1020/1020/1020 1021/1021/1021
f 955/955/955 1021/1021/1021 956/956/956
f 956/956/956 1021/1021/1021 1022/1022/1022
f 956/956/956 1022/1022/1022 957/957/957
f 957/957/957 1022/1022/1022 1023/1023/1023
f 957/957/957 1023/1023/1023 958/958/958
f 958/958/958 1023/1023/1023 1024/1024/1024
f 958/958/958 1024/1024/1024 959/959/959
f 959/959/959 1024/1024/1024 1025/1025/1025
f 959/959/959 1025/1025/1025 960/960/960
f 960/960/960 1025/1025/1025 1026/1026/1026
f 960/960/960 1026/1026/1026 961/961/961
f 961/961/961 1026/1026/1026 1027/1027/1027
f 961/961/961 1027/1027/1027 962/962/962
f 962/962/962 1027/1027/1027 1028/1028/1028
f 962/962/962 1028/1028/1028 963/963/963
f 963/963/963 1028/1028/1028 1029/1029/1029
f 963/963/963 1029/1029/1029 964/964/964
f 964/964/964 1029/1029/1029 1030/1030/1030
f 964/964/964 1030/1030/1030 965/965/965
f 965/965/965 1030/1030/1030 1031/1031/1031
f 965/965/965 1031/1031/1031 966/966/966
f 966/966/966 1031/1031/1031 1032/1032/1032
f 966/966/966 1032/1032/1032 967/967/967
f 967/967/967 1032/1032/1032 1033/1033/1033
f 967/967/967 1033/1033/1033 968/968/968
f 968/968/968 1033/1033/1033 1034/1034/1034
f 968/968/968 1034/1034/1034 969/969/969
f 969/969/969 1034/1034/1034 1035/1035/1035
f 969/969/969 1035/1035/1035 970/970/970
f 970/970/970 1035/1035/1035 1036/1036/1036
f 970/970/970 1036/1036/1036 971/971/971
f 971/971/971 1036/1036/1036 1037/1037/1037
f 971/971/971 1037/1037/1037 972/972/972
f 972/972/972 1037/1037/1037 1038/1038/1038
f 972/972/972 1038/1038/1038 973/973/973
f 973/973/973 1038/1038/1038 1039/1039/1039
f 973/973/973 1039/1039/1039 974/974/974
f 974/974/974 1039/1039/1039 1040/1040/1040
f 974/974/974 1040/1040/1040 975/975/975
f 976/976/976 1041/1041/1041 1042/1042/1042
f 976/976/976 1042/1042/1042 977/977/977
f 977/977/977 1042/1042/1042 1043/1043/1043
f 977/977/977 1043/1043/1043 978/978/978
f 978/978/978 1043/1043/1043 1044/1044/1044
f 978/978/978 1044/1044/1044 979/979/979
f 979/979/979 1044/1044/1044 1045/1045/1045
f 979/979/979 1045/1045/1045 980/980/980
f 980/980/980 1045/1045/1045 1046/1046/1046
f 980/980/980 1046/1046/1046 981/981/981
f 981/981/981 1046/1046/1046 1047/1047/1047
f 981/981/981 1047/1047/1047 982/982/982
f 982/982/982 1047/1047/1047 1048/1048/1048
f 982/982/982 1048/1048/1048 983/983/983
f 983/983/983 1048/1048/1048 1049/1049/1049
f 983/983/983 1049/1049/1049 984/984/984
f 984/984/984 1049/1049/1049 1050/1050/1050
f 984/984/984 1050/1050/1050 985/985/985
f 985/985/985 1050/1050/1050 1051/1051/1051
f 985/985/985 1051/1051/1051 986/986/986
f 986/986/986 1051/1051/1051 1052/1052/1052
f 986/986/986 1052/1052/1052 987/987/987
f 987/987/987 1052/1052/1052 1053/1053/1053
f 987/987/987 1053/1053/1053 988/988/988
f 988/988/988 1053/1053/1053 1054/1054/1054
f 988/988/988 1054/1054/1054 989/989/989
f 989/989/989 1054/1054/1054 1055/1055/1055
f 989/989/989 1055/1055/1055 990/990/990
f 990/990/990 1055/1055/1055 1056/1056/1056
f 990/990/990 1056/1056/1056 991/991/991
f 991/991/991 1056/1056/1056 1057/1057/1057
f 991/991/991 1057/1057/1057 992/992/992
f 992/992/992 1057/1057/1057 1058/1058/1058
f 992/992/992 1058/1058/1058 993/993/993
f 993/993/993 1058/1058/1058 1059/1059/1059
f 993/993/993 1059/1059/1059 994/994/994
f 994/994/994 1059/1059/1059 1060/1060/1060
f 994/994/994 1060/1060/1060 995/995/995
f 995/995/995 1060/1060/1060 1061/1061/1061
f 995/995/995 1061/1061/1061 996/996/996
f 996/996/996 1061/1061/1061 1062/1062/1062
f 996/996/996 1062/1062/1062 997/997/997
f 997/997/997 1062/1062/1062 1063/1063/1063
f 997/997/997 1063/1063/1063 998/998/998
f 998/998/998 1063/1063/1063 1064/1064/1064
f 998/998/998 1064/1064/1064 999/999/999
f 999/999/999 1064/1064/1064 1065/1065/1065
f 999/999/999 1065/1065/1065 1000/1000/1000
f 1000/1000/1000 1065/1065/1065 1066/1066/1066
f 1000/1000/1000 1066/1066/1066 1001/1001/1001
f 1001/1001/1001 1066/1066/1066 1067/1067/1067
f 1001/1001/1001 1067/1067/1067 1002/1002/1002
f 1002/1002/1002 1067/1067/1067 1068/1068/1068
f 1002/1002/1002 1068/1068/1068 1003/1003/1003
f 1003/1003/1003 1068/1068/1068 1069/1069/1069
f 1003/1003/1003 1069/1069/1069 1004/1004/1004
f 1004/1004/1004 1069/1069/1069 1070/1070/1070
f 1004/1004/1004 1070/1070/1070 1005/1005/1005
f 1005/1005/1005 1070/1070/1070 1071/1071/1071
f 1005/1005/1005 1071/1071/1071 1006/1006/1006
f 1006/1006/1006 1071/1071/1071 1072/1072/1072
f 1006/1006/1006 1072/1072/1072 1007/1007/1007
f 1007/1007/1007 1072/1072/1072 1073/1073/1073
f 1007/1007/1007 1073/1073/1073 1008/1008/1008
f 1008/1008/1008 1073/1073/1073 1074/1074/1074
f 1008/1008/1008 1074/1074/1074 1009/1009/1009
f 1009/1009/1009 1074/1074/1074 1075/1075/1075
f 1009/1009/1009 1075/1075/1075 1010/1010/1010
f 1010/1010/1010 1075/1075/1075 1076/1076/1076
f 1010/1010/1010 1076/1076/1076 1011/1011/1011
f 1011/1011/1011 1076/1076/1076 1077/1077/1077
f 1011/1011/1011 1077/1077/1077 1012/1012/1012
f 1012/1012/1012 1077/1077/1077 1078/1078/1078
f 1012/1012/1012 1078/1078/1078 1013/1013/1013
f 1013/1013/1013 1078/1078/1078 1079/1079/1079
f 1013/1013/1013 1079/1079/1079 1014/1014/1014
f 1014/1014/1014 1079/1079/1079 1080/1080/1080
f 1014/1014/1014 1080/1080/1080 1015/1015/1015
f 1015/1015/1015 1080/1080/1080 1081/1081/1081
f 1015/1015/1015 1081/1081/1081 1016/1016/1016
f 1016/1016/1016 1081/1081/1081 1082/1082/1082
f 1016/1016/1016 1082/1082/1082 1017/1017/1017
f 1017/1017/1017 1082/1082/1082 1083/1083/1083
f 1017/1017/1017 1083/1083/1083 1018/1018/1018
f 1018/1018/1018 1083/1083/1083 1084/1084/1084
f 1018/1018/1018 1084/1084/1084 1019/1019/1019
f 1019/1019/1019 1084/1084/1084 1085/1085/1085
f 1019/1019/1019 1085/1085/1085 1020/1020/1020
f 1020/1020/1020 1085/1085/1085 1086/1086/1086
f 1020/1020/1020 1086/1086/1086 1021/1021/1021
f 1021/1021/1021 1086/1086/1086 1087/1087/1087
f 1021/1021/1021 1087/1087/1087 1022/1022/1022
f 1022/1022/1022 1087/1087/1087 1088/1088/1088
f 1022/1022/1022 1088/1088/1088 1023/1023/1023
f 1023/1023/1023 1088/1088/1088 1089/1089/1089
f 1023/1023/1023 1089/1089/1089 1024/1024/1024
f 1024/1024/1024 1089/1089/1089 1090/1090/1090
f 1024/1024/1024 1090/1090/1090 1025/1025/1025
f 1025/1025/1025 1090/1090/1090 1091/1091/1091
f 1025/1025/1025 1091/1091/1091 1026/1026/1026
f 1026/1026/1026 1091/1091/1091 1092/1092/1092
f 1026/1026/1026 1092/1092/1092 1027/1027/1027
f 1027/1027/1027 1092/1092/1092 1093/1093/1093
f 1027/1027/1027 1093/1093/1093 1028/1028/1028
f 1028/1028/1028 1093/1093/1093 1094/1094/1094
f 1028/1028/1028 1094/1094/1094 1029/1029/1029
f 1029/1029/1029 1094/1094/1094 1095/1095/1095
f 1029/1029/1029 1095/1095/1095 1030/1030/1030
f 1030/1030/1030 1095/1095/1095 1096/1096/1096
f 1030/1030/1030 1096/1096/1096 1031/1031/1031
f 1031/1031/1031 1096/1096/1096 1097/1097/1097
f 1031/1031/1031 1097/1097/1097 1032/1032/1032
f 1032/1032/1032 1097/1097/1097 1098/1098/1098
f 1032/1032/1032 1098/1098/1098 1033/1033/1033
f 1033/1033/1033 1098/1098/1098 1099/1099/1099
f 1033/1033/1033 1099/1099/1099 1034/1034/1034
f 1034/1034/1034 1099/1099/1099 1100/1100/1100
f 1034/1034/1034 1100/1100/1100 1035/1035/1035
f 1035/1035/1035 1100/1100/1100 1101/1101/1101
f 1035/1035/1035 1101/1101/1101 1036/1036/1036
f 1036/1036/1036 1101/1101/1101 1102/1102/1102
f 1036/1036/1036 1102/1102/1102 1037/1037/1037
f 1037/1037/1037 1102/1102/1102 1103/1103/1103
f 1037/1037/1037 1103/1103/1103 1038/1038/1038
f 1038/1038/1038 1103/1103/1103 1104/1104/1104
f 1038/1038/1038 1104/1104/1104 1039/1039/1039
f 1039/1039/1039 1104/1104/1104 1105/1105/1105
f 1039/1039/1039 1105/1105/1105 1040/1040/1040
f 1041/1041/1041 1106/1106/1106 1107/1107/1107
f 1041/1041/1041 1107/1107/1107 1042/1042/1042
f 1042/1042/1042 1107/1107/1107 1108/1108/1108
f 1042/1042/1042 1108/1108/1108 1043/1043/1043
f 1043/1043/1043 1108/1108/1108 1109/1109/1109
f 1043/1043/1043 1109/1109/1109 1044/1044/1044
f 1044/1044/1044 1109/1109/1109 1110/1110/1110
f 1044/1044/1044 1110/1110/1110 1045/1045/1045
f 1045/1045/1045 1110/1110/1110 1111/1111/1111
f 1045/1045/1045 1111/1111/1111 1046/1046/1046
f 1046/1046/1046 1111/1111/1111 1112/1112/1112
f 1046/1046/1046 1112/1112/1112 1047/1047/1047
f 1047/1047/1047 1112/1112/1112 1113/1113/1113
f 1047/1047/1047 1113/1113/1113 1048/1048/1048
f 1048/1048/1048 1113/1113/1113 1114/1114/1114
f 1048/1048/1048 1114/1114/1114 1049/1049/1049
f 1049/1049/1049 1114/1114/1114 1115/1115/1115
f 1049/1049/1049 1115/1115/1115 1050/1050/1050
f 1050/1050/1050 1115/1115/1115 1116/1116/1116
f 1050/1050/1050 1116/1116/1116 1051/1051/1051
f 1051/1051/1051 1116/1116/1116 1117/1117/1117
f 1051/1051/1051 1117/1117/1117 1052/1052/1052
f 1052/1052/1052 1117/1117/1117 1118/1118/1118
f 1052/1052/1052 1118/1118/1118 1053/1053/1053
f 1053/1053/1053 1118/1118/1118 1119/1119/1119
f 1053/1053/1053 1119/1119/1119 1054/1054/1054
f 1054/1054/1054 1119/1119/1119 1120/1120/1120
f 1054/1054/1054 1120/1120/1120 1055/1055/1055
f 1055/1055/1055 1120/1120/1120 1121/1121/1121
f 1055/1055/1055 1121/1121/1121 1056/1056/1056
f 1056/1056/1056 1121/1121/1121 1122/1122/1122
f 1056/1056/1056 1122/1122/1122 1057/1057/1057
f 1057/1057/1057 1122/1122/1122 1123/1123/1123
f 1057/1057/1057 1123/1123/1123 1058/1058/1058
f 1058/1058/1058 1123/1123/1123 1124/1124/1124
f 1058/1058/1058 1124/1124/1124 1059/1059/1059
f 1059/1059/1059 1124/1124/1124 1125/1125/1125
f 1059/1059/1059 1125/1125/1125 1060/1060/1060
f 1060/1060/1060 1125/1125/1125 1126/1126/1126
f 1060/1060/1060 1126/1126/1126 1061/1061/1061
f 1061/1061/1061 1126/1126/1126 1127/1127/1127
f 1061/1061/1061 1127/1127/1127 1062/1062/1062
f 1062/1062/1062 1127/1127/1127 1128/1128/1128
f 1062/1062/1062 1128/1128/1128 1063/1063/1063
f 1063/1063/1063 1128/1128/1128 1129/1129/1129
f 1063/1063/1063 1129/1129/1129 1064/1064/1064
f 1064/1064/1064 1129/1129/1129 1130/1130/1130
f 1064/1064/1064 1130/1130/1130 1065/1065/1065
f 1065/1065/1065 1130/1130/1130 1131/1131/1131
f 1065/1065/1065 1131/1131/1131 1066/1066/1066
f 1066/1066/1066 1131/1131/1131 1132/1132/1132
f 1066/1066/1066 1132/1132/1132 1067/1067/1067
f 1067/1067/1067 1132/1132/1132 1133/1133/1133
f 1067/1067/1067 1133/1133/1133 1068/1068/1068
f 1068/1068/1068 1133/1133/1133 1134/1134/1134
f 1068/1068/1068 1134/1134/1134 1069/1069/1069
f 1069/1069/1069 1134/1134/1134 1135/1135/1135
f 1069/1069/1069 1135/1135/1135 1070/1070/1070
f 1070/1070/1070 1135/1135/1135 1136/1136/1136
f 1070/1070/1070 1136/1136/1136 1071/1071/1071
f 1071/1071/1071 1136/1136/1136 1137/1137/1137
f 1071/1071/1071 1137/1137/1137 1072/1072/1072
f 1072/1072/1072 1137/1137/1137 1138/1138/1138
f 1072/1072/1072 1138/1138/1138 1073/1073/1073
f 1073/1073/1073 1138/1138/1138 1139/1139/1139
f 1073/1073/1073 1139/1139/1139 1074/1074/1074
f 1074/1074/1074 1139/1139/1139 1140/1140/1140
f 1074/1074/1074 1140/1140/1140 1075/1075/1075
f 1075/1075/1075 1140/1140/1140 1141/1141/1141
f 1075/1075/1075 1141/1141/1141 1076/1076/1076
f 1076/1076/1076 1141/1141/1141 1142/1142/1142
f 1076/1076/1076 1142/1142/1142 1077/1077/1077
f 1077/1077/1077 1142/1142/1142 1143/1143/1143
f 1077/1077/1077 1143/1143/1143 1078/1078/1078
f 1078/1078/1078 1143/1143/1143 1144/1144/1144
f 1078/1078/1078 1144/1144/1144 1079/1079/1079
f 1079/1079/1079 1144/1144/1144 1145/1145/1145
f 1079/1079/1079 1145/1145/1145 1080/1080/1080
f 1080/1080/1080 1145/1145/1145 1146/1146/1146
f 1080/1080/1080 1146/1146/1146 1081/1081/1081
f 1081/1081/1081 1146/1146/1146 1147/1147/1147
f 1081/1081/1081 1147/1147/1147 1082/1082/1082
f 1082/1082/1082 1147/1147/1147 1148/1148/1148
f 1082/1082/1082 1148/1148/1148 1083/1083/1083
f 1083/1083/1083 1148/1148/1148 1149/1149/1149
f 1083/1083/1083 1149/1149/1149 1084/1084/1084
f 1084/1084/1084 1149/1149/1149 1150/1150/1150
f 1084/1084/1084 1150/1150/1150 1085/1085/1085
f 1085/1085/1085 1150/1150/1150 1151/1151/1151
f 1085/1085/1085 1151/1151/1151 1086/1086/1086
f 1086/1086/1086 1151/1151/1151 1152/1152/1152
f 1086/1086/1086 1152/1152/1152 1087/1087/1087
f 1087/1087/1087 1152/1152/1152 1153/1153/1153
f 1087/1087/1087 1153/1153/1153 1088/1088/1088
f 1088/1088/1088 1153/1153/1153 1154/1154/1154
f 1088/1088/1088 1154/1154/1154 1089/1089/1089
f 1089/1089/1089 1154/1154/1154 1155/1155/1155
f 1089/1089/1089 1155/1155/1155 1090/1090/1090
f 1090/1090/1090 1155/1155/1155 1156/1156/1156
f 1090/1090/1090 1156/1156/1156 1091/1091/1091
f 1091/1091/1091 1156/1156/1156 1157/1157/1157
f 1091/1091/1091 1157/1157/1157 1092/1092/1092
f 1092/1092/1092 1157/1157/1157 1158/1158/1158
f 1092/1092/1092 1158/1158/1158 1093/1093/1093
f 1093/1093/1093 1158/1158/1158 1159/1159/1159
f 1093/1093/1093 1159/1159/1159 1094/1094/1094
f 1094/1094/1094 1159/1159/1159 1160/1160/1160
f 1094/1094/1094 1160/1160/1160 1095/1095/1095
f 1095/1095/1095 1160/1160/1160 1161/1161/1161
f 1095/1095/1095 1161/1161/1161 1096/1096/1096
f 1096/1096/1096 1161/1161/1161 1162/1162/1162
f 1096/1096/1096 1162/1162/1162 1097/1097/1097
f 1097/1097/1097 1162/1162/1162 1163/1163/1163
f 1097/1097/1097 1163/1163/1163 1098/1098/1098
f 1098/1098/1098 1163/1163/1163 1164/1164/1164
f 1098/1098/1098 1164/1164/1164 1099/1099/1099
f 1099/1099/1099 1164/1164/1164 1165/1165/1165
f 1099/1099/1099 1165/1165/1165 1100/1100/1100
f 1100/1100/1100 1165/1165/1165 1166/1166/1166
f 1100/1100/1100 1166/1166/1166 1101/1101/1101
f 1101/1101/1101 1166/1166/1166 1167/1167/1167
f 1101/1101/1101 1167/1167/1167 1102/1102/1102
f 1102/1102/1102 1167/1167/1167 1168/1168/1168
f 1102/1102/1102 1168/1168/1168 1103/1103/1103
f 1103/1103/1103 1168/1168/1168 1169/1169/1169
f 1103/1103/1103 1169/1169/1169 1104/1104/1104
f 1104/1104/1104 1169/1169/1169 1170/1170/1170
f 1104/1104/1104 1170/1170/1170 1105/1105/1105
f 1106/1106/1106 1171/1171/1171 1172/1172/1172
f 1106/1106/1106 1172/1172/1172 1107/1107/1107
f 1107/1107/1107 1172/1172/1172 1173/1173/1173
f 1107/1107/1107 1173/1173/1173 1108/1108/1108
f 1108/1108/1108 1173/1173/1173 1174/1174/1174
f 1108/1108/1108 1174/1174/1174 1109/1109/1109
f 1109/1109/1109 1174/1174/1174 1175/1175/1175
f 1109/1109/1109 1175/1175/1175 1110/1110/1110
f 1110/1110/1110 1175/1175/1175 1176/1176/1176
f 1110/1110/1110 1176/1176/1176 1111/1111/1111
f 1111/1111/1111 1176/1176/1176 1177/1177/1177
f 1111/1111/1111 1177/1177/1177 1112/1112/1112
f 1112/1112/1112 1177/1177/1177 1178/1178/1178
f 1112/1112/1112 1178/1178/1178 1113/1113/1113
f 1113/1113/1113 1178/1178/1178 1179/1179/1179
f 1113/1113/1113 1179/1179/1179 1114/1114/1114
f 1114/1114/1114 1179/1179/1179 1180/1180/1180
f 1114/1114/1114 1180/1180/1180 1115/1115/1115
f 1115/1115/1115 1180/1180/1180 1181/1181/1181
f 1115/1115/1115 1181/1181/1181 1116/1116/1116
f 1116/1116/1116 1181/1181/1181 1182/1182/1182
f 1116/1116/1116 1182/1182/1182 1117/1117/1117
f 1117/1117/1117 1182/1182/1182 1183/1183/1183
f 1117/1117/1117 1183/1183/1183 1118/1118/1118
f 1118/1118/1118 1183/1183/1183 1184/1184/1184
f 1118/1118/1118 1184/1184/1184 1119/1119/1119
f 1119/1119/1119 1184/1184/1184 1185/1185/1185
f 1119/1119/1119 1185/1185/1185 1120/1120/1120
f 1120/1120/1120 1185/1185/1185 1186/1186/1186
f 1120/1120/1120 1186/1186/1186 1121/1121/1121
f 1121/1121/1121 1186/1186/1186 1187/1187/1187
f 1121/1121/1121 1187/1187/1187 1122/1122/1122
f 1122/1122/1122 1187/1187/1187 1188/1188/1188
f 1122/1122/1122 1188/1188/1188 1123/1123/1123
f 1123/1123/1123 1188/1188/1188 1189/1189/1189
f 1123/1123/1123 1189/1189/1189 1124/1124/1124
f 1124/1124/1124 1189/1189/1189 1190/1190/1190
f 1124/1124/1124 1190/1190/1190 1125/1125/1125
f 1125/1125/1125 1190/1190/1190 1191/1191/1191
f 1125/1125/1125 1191/1191/1191 1126/1126/1126
f 1126/1126/1126 1191/1191/1191 1192/1192/1192
f 1126/1126/1126 1192/1192/1192 1127/1127/1127
f 1127/1127/1127 1192/1192/1192 1193/1193/1193
f 1127/1127/1127 1193/1193/1193 1128/1128/1128
f 1128/1128/1128 1193/1193/1193 1194/1194/1194
f 1128/1128/1128 1194/1194/1194 1129/1129/1129
f 1129/1129/1129 1194/1194/1194 1195/1195/1195
f 1129/1129/1129 1195/1195/1195 1130/1130/1130
f 1130/1130/1130 1195/1195/1195 1196/1196/1196
f 1130/1130/1130 1196/1196/1196 1131/1131/1131
f 1131/1131/1131 1196/1196/1196 1197/1197/1197
f 1131/1131/1131 1197/1197/1197 1132/1132/1132
f 1132/1132/1132 1197/1197/1197 1198/1198/1198
f 1132/1132/1132 1198/1198/1198 1133/1133/1133
f 1133/1133/1133 1198/1198/1198 1199/1199/1199
f 1133/1133/1133 1199/1199/1199 1134/1134/1134
f 1134/1134/1134 1199/1199/1199 1200/1200/1200
f 1134/1134/1134 1200/1200/1200 1135/1135/1135
f 1135/1135/1135 1200/1200/1200 1201/1201/1201
f 1135/1135/1135 1201/1201/1201 1136/1136/1136
f 1136/1136/1136 1201/1201/1201 1202/1202/1202
f 1136/1136/1136 1202/1202/1202 1137/1137/1137
f 1137/1137/1137 1202/1202/1202 1203/1203/1203
f 1137/1137/1137 1203/1203/1203 1138/1138/1138
f 1138/1138/1138 1203/1203/1203 1204/1204/1204
f 1138/1138/1138 1204/1204/1204 1139/1139/1139
f 1139/1139/1139 1204/1204/1204 1205/1205/1205
f 1139/1139/1139 1205/1205/1205 1140/1140/1140
f 1140/1140/1140 1205/1205/1205 1206/1206/1206
f 1140/1140/1140 1206/1206/1206 1141/1141/1141
f 1141/1141/1141 1206/1206/1206 1207/1207/1207
f 1141/1141/1141 1207/1207/1207 1142/1142/1142
f 1142/1142/1142 1207/1207/1207 1208/1208/1208
f 1142/1142/1142 1208/1208/1208 1143/1143/1143
f 1143/1143/1143 1208/1208/1208 1209/1209/1209
f 1143/1143/1143 1209/1209/1209 1144/1144/1144
f 1144/1144/1144 1209/1209/1209 1210/1210/1210
f 1144/1144/1144 1210/1210/1210 1145/1145/1145
f 1145/1145/1145 1210/1210/1210 1211/1211/1211
f 1145/1145/1145 1211/1211/1211 1146/1146/1146
f 1146/1146/1146 1211/1211/1211 1212/1212/1212
f 1146/1146/1146 1212/1212/1212 1147/1147/1147
f 1147/1147/1147 1212/1212/1212 1213/1213/1213
f 1147/1147/1147 1213/1213/1213 1148/1148/1148
f 1148/1148/1148 1213/1213/1213 1214/1214/1214
f 1148/1148/1148 1214/1214/1214 1149/1149/1149
f 1149/1149/1149 1214/1214/1214 1215/1215/1215
f 1149/1149/1149 1215/1215/1215 1150/1150/1150
f 1150/1150/1150 1215/1215/1215 1216/1216/1216
f 1150/1150/1150 1216/1216/1216 1151/1151/1151
f 1151/1151/1151 1216/1216/1216 1217/1217/1217
f 1151/1151/1151 1217/1217/1217 1152/1152/1152
f 1152/1152/1152 1217/1217/1217 1218/1218/1218
f 1152/1152/1152 1218/1218/1218 1153/1153/1153
f 1153/1153/1153 1218/1218/1218 1219/1219/1219
f 1153/1153/1153 1219/1219/1219 1154/1154/1154
f 1154/1154/1154 1219/1219/1219 1220/1220/1220
f 1154/1154/1154 1220/1220/1220 1155/1155/1155
f 1155/1155/1155 1220/1220/1220 1221/1221/1221
f 1155/1155/1155 1221/1221/1221 1156/1156/1156
f 1156/1156/1156 1221/1221/1221 1222/1222/1222
f 1156/1156/1156 1222/1222/1222 1157/1157/1157
f 1157/1157/1157 1222/1222/1222 1223/1223/1223
f 1157/1157/1157 1223/1223/1223 1158/1158/1158
f 1158/1158/1158 1223/1223/1223 1224/1224/1224
f 1158/1158/1158 1224/1224/1224 1159/1159/1159
f 1159/1159/1159 1224/1224/1224 1225/1225/1225
f 1159/1159/1159 1225/1225/1225 1160/1160/1160
f 1160/1160/1160 1225/1225/1225 1226/1226/1226
f 1160/1160/1160 1226/1226/1226 1161/1161/1161
f 1161/1161/1161 1226/1226/1226 1227/1227/1227
f 1161/1161/1161 1227/1227/1227 1162/1162/1162
f 1162/1162/1162 1227/1227/1227 1228/1228/1228
f 1162/1162/1162 1228/1228/1228 1163/1163/1163
f 1163/1163/1163 1228/1228/1228 1229/1229/1229
f 1163/1163/1163 1229/1229/1229 1164/1164/1164
f 1164/1164/1164 1229/1229/1229 1230/1230/1230
f 1164/1164/1164 1230/1230/1230 1165/1165/1165
f 1165/1165/1165 1230/1230/1230 1231/1231/1231
f 1165/1165/1165 1231/1231/1231 1166/1166/1166
f 1166/1166/1166 1231/1231/1231 1232/1232/1232
f 1166/1166/1166 1232/1232/1232 1167/1167/1167
f 1167/1167/1167 1232/1232/1232 1233/1233/1233
f 1167/1167/1167 1233/1233/1233 1168/1168/1168
f 1168/1168/1168 1233/1233/1233 1234/1234/1234
f 1168/1168/1168 1234/1234/1234 1169/1169/1169
f 1169/1169/1169 1234/1234/1234 1235/1235/1235
f 1169/1169/1169 1235/1235/1235 1170/1170/1170
f 1171/1171/1171 1236/1236/1236 1237/1237/1237
f 1171/1171/1171 1237/1237/1237 1172/1172/1172
f 1172/1172/1172 1237/1237/1237 1238/1238/1238
f 1172/1172/1172 1238/1238/1238 1173/1173/1173
f 1173/1173/1173 1238/1238/1238 1239/1239/1239
f 1173/1173/1173 1239/1239/1239 1174/1174/1174
f 1174/1174/1174 1239/1239/1239 1240/1240/1240
f 1174/1174/1174 1240/1240/1240 1175/1175/1175
f 1175/1175/1175 1240/1240/1240 1241/1241/1241
f 1175/1175/1175 1241/1241/1241 1176/1176/1176
f 1176/1176/1176 1241/1241/1241 1242/1242/1242
f 1176/1176/1176 1242/1242/1242 1177/1177/1177
f 1177/1177/1177 1242/1242/1242 1243/1243/1243
f 1177/1177/1177 1243/1243/1243 1178/1178/1178
f 1178/1178/1178 1243/1243/1243 1244/1244/1244
f 1178/1178/1178 1244/1244/1244 1179/1179/1179
f 1179/1179/1179 1244/1244/1244 1245/1245/1245
f 1179/1179/1179 1245/1245/1245 1180/1180/1180
f 1180/1180/1180 1245/1245/1245 1246/1246/1246
f 1180/1180/1180 1246/1246/1246 1181/1181/1181
f 1181/1181/1181 1246/1246/1246 1247/1247/1247
f 1181/1181/1181 1247/1247/1247 1182/1182/1182
f 1182/1182/1182 1247/1247/1247 1248/1248/1248
f 1182/1182/1182 1248/1248/1248 1183/1183/1183
f 1183/1183/1183 1248/1248/1248 1249/1249/1249
f 1183/1183/1183 1249/1249/1249 1184/1184/1184
f 1184/1184/1184 1249/1249/1249 1250/1250/1250
f 1184/1184/1184 1250/1250/1250 1185/1185/1185
f 1185/1185/1185 1250/1250/1250 1251/1251/1251
f 1185/1185/1185 1251/1251/1251 1186/1186/1186
f 1186/1186/1186 1251/1251/1251 1252/1252/1252
f 1186/1186/1186 1252/1252/1252 1187/1187/1187
f 1187/1187/1187 1252/1252/1252 1253/1253/1253
f 1187/1187/1187 1253/1253/1253 1188/1188/1188
f 1188/1188/1188 1253/1253/1253 1254/1254/1254
f 1188/1188/1188 1254/1254/1254 1189/1189/1189
f 1189/1189/1189 1254/1254/1254 1255/1255/1255
f 1189/1189/1189 1255/1255/1255 1190/1190/1190
f 1190/1190/1190 1255/1255/1255 1256/1256/1256
f 1190/1190/1190 1256/1256/1256 1191/1191/1191
f 1191/1191/1191 1256/1256/1256 1257/1257/1257
f 1191/1191/1191 1257/1257/1257 1192/1192/1192
f 1192/1192/1192 1257/1257/1257 1258/1258/1258
f 1192/1192/1192 1258/1258/1258 1193/1193/1193
f 1193/1193/1193 1258/1258/1258 1259/1259/1259
f 1193/1193/1193 1259/1259/1259 1194/1194/1194
f 1194/1194/1194 1259/1259/1259 1260/1260/1260
f 1194/1194/1194 1260/1260/1260 1195/1195/1195
f 1195/1195/1195 1260/1260/1260 1261/1261/1261
f 1195/1195/1195 1261/1261/1261 1196/1196/1196
f 1196/1196/1196 1261/1261/1261 1262/1262/1262
f 1196/1196/1196 1262/1262/1262 1197/1197/1197
f 1197/1197/1197 1262/1262/1262 1263/1263/1263
f 1197/1197/1197 1263/1263/1263 1198/1198/1198
f 1198/1198/1198 1263/1263/1263 1264/1264/1264
f 1198/1198/1198 1264/1264/1264 1199/1199/1199
f 1199/1199/1199 1264/1264/1264 1265/1265/1265
f 1199/1199/1199 1265/1265/1265 1200/1200/1200
f 1200/1200/1200 1265/1265/1265 1266/1266/1266
f 1200/1200/1200 1266/1266/1266 1201/1201/1201
f 1201/1201/1201 1266/1266/1266 1267/1267/1267
f 1201/1201/1201 1267/1267/1267 1202/1202/1202
f 1202/1202/1202 1267/1267/1267 1268/1268/1268
f 1202/1202/1202 1268/1268/1268 1203/1203/1203
f 1203/1203/1203 1268/1268/1268 1269/1269/1269
f 1203/1203/1203 1269/1269/1269 1204/1204/1204
f 1204/1204/1204 1269/1269/1269 1270/1270/1270
f 1204/1204/1204 1270/1270/1270 1205/1205/1205
f 1205/1205/1205 1270/1270/1270 1271/1271/1271
f 1205/1205/1205 1271/1271/1271 1206/1206/1206
f 1206/1206/1206 1271/1271/1271 1272/1272/1272
f 1206/1206/1206 1272/1272/1272 1207/1207/1207
f 1207/1207/1207 1272/1272/1272 1273/1273/1273
f 1207/1207/1207 1273/1273/1273 1208/1208/1208
f 1208/1208/1208 1273/1273/1273 1274/1274/1274
f 1208/1208/1208 1274/1274/1274 1209/1209/1209
f 1209/1209/1209 1274/1274/1274 1275/1275/1275
f 1209/1209/1209 1275/1275/1275 1210/1210/1210
f 1210/1210/1210 1275/1275/1275 1276/1276/1276
f 1210/1210/1210 1276/1276/1276 1211/1211/1211
f 1211/1211/1211 1276/1276/1276 1277/1277/1277
f 1211/1211/1211 1277/1277/1277 1212/1212/1212
f 1212/1212/1212 1277/1277/1277 1278/1278/1278
f 1212/1212/1212 1278/1278/1278 1213/1213/1213
f 1213/1213/1213 1278/1278/1278 1279/1279/1279
f 1213/1213/1213 1279/1279/1279 1214/1214/1214
f 1214/1214/1214 1279/1279/1279 1280/1280/1280
f 1214/1214/1214 1280/1280/1280 1215/1215/1215
f 1215/1215/1215 1280/1280/1280 1281/1281/1281
f 1215/1215/1215 1281/1281/1281 1216/1216/1216
f 1216/1216/1216 1281/1281/1281 1282/1282/1282
f 1216/1216/1216 1282/1282/1282 1217/1217/1217
f 1217/1217/1217 1282/1282/1282 1283/1283/1283
f 1217/1217/1217 1283/1283/1283 1218/1218/1218
f 1218/1218/1218 1283/1283/1283 1284/1284/1284
f 1218/1218/1218 1284/1284/1284 1219/1219/1219
f 1219/1219/1219 1284/1284/1284 1285/1285/1285
f 1219/1219/1219 1285/1285/1285 1220/1220/1220
f 1220/1220/1220 1285/1285/1285 1286/1286/1286
f 1220/1220/1220 1286/1286/1286 1221/1221/1221
f 1221/1221/1221 1286/1286/1286 1287/1287/1287
f 1221/1221/1221 1287/1287/1287 1222/1222/1222
f 1222/1222/1222 1287/1287/1287 1288/1288/1288
f 1222/1222/1222 1288/1288/1288 1223/1223/1223
f 1223/1223/1223 1288/1288/1288 1289/1289/1289
f 1223/1223/1223 1289/1289/1289 1224/1224/1224
f 1224/1224/1224 1289/1289/1289 1290/1290/1290
f 1224/1224/1224 1290/1290/1290 1225/1225/1225
f 1225/1225/1225 1290/1290/1290 1291/1291/1291
f 1225/1225/1225 1291/1291/1291 1226/1226/1226
f 1226/1226/1226 1291/1291/1291 1292/1292/1292
f 1226/1226/1226 1292/1292/1292 1227/1227/1227
f 1227/1227/1227 1292/1292/1292 1293/1293/1293
f 1227/1227/1227 1293/1293/1293 1228/1228/1228
f 1228/1228/1228 1293/1293/1293 1294/1294/1294
f 1228/1228/1228 1294/1294/1294 1229/1229/1229
f 1229/1229/1229 1294/1294/1294 1295/1295/1295
f 1229/1229/1229 1295/1295/1295 1230/1230/1230
f 1230/1230/1230 1295/1295/1295 1296/1296/1296
f 1230/1230/1230 1296/1296/1296 1231/1231/1231
f 1231/1231/1231 1296/1296/1296 1297/1297/1297
f 1231/1231/1231 1297/1297/1297 1232/1232/1232
f 1232/1232/1232 1297/1297/1297 1298/1298/1298
f 1232/1232/1232 1298/1298/1298 1233/1233/1233
f 1233/1233/1233 1298/1298/1298 1299/1299/1299
f 1233/1233/1233 1299/1299/1299 1234/1234/1234
f 1234/1234/1234 1299/1299/1299 1300/1300/1300
f 1234/1234/1234 1300/1300/1300 1235/1235/1235
f 1236/1236/1236 1301/1301/1301 1302/1302/1302
f 1236/1236/1236 1302/1302/1302 1237/1237/1237
f 1237/1237/1237 1302/1302/1302 1303/1303/1303
f 1237/1237/1237 1303/1303/1303 1238/1238/1238
f 1238/1238/1238 1303/1303/1303 1304/1304/1304
f 1238/1238/1238 1304/1304/1304 1239/1239/1239
f 1239/1239/1239 1304/1304/1304 1305/1305/1305
f 1239/1239/1239 1305/1305/1305 1240/1240/1240
f 1240/1240/1240 1305/1305/1305 1306/1306/1306
f 1240/1240/1240 1306/1306/1306 1241/1241/1241
f 1241/1241/1241 1306/1306/1306 1307/1307/1307
f 1241/1241/1241 1307/1307/1307 1242/1242/1242
f 1242/1242/1242 1307/1307/1307 1308/1308/1308
f 1242/1242/1242 1308/1308/1308 1243/1243/1243
f 1243/1243/1243 1308/1308/1308 1309/1309/1309
f 1243/1243/1243 1309/1309/1309 1244/1244/1244
f 1244/1244/1244 1309/1309/1309 1310/1310/1310
f 1244/1244/1244 1310/1310/1310 1245/1245/1245
f 1245/1245/1245 1310/1310/1310 1311/1311/1311
f 1245/1245/1245 1311/1311/1311 1246/1246/1246
f 1246/1246/1246 1311/1311/1311 1312/1312/1312
f 1246/1246/1246 1312/1312/1312 1247/1247/1247
f 1247/1247/1247 1312/1312/1312 1313/1313/1313
f 1247/1247/1247 1313/1313/1313 1248/1248/1248
f 1248/1248/1248 1313/1313/1313 1314/1314/1314
f 1248/1248/1248 1314/1314/1314 1249/1249/1249
f 1249/1249/1249 1314/1314/1314 1315/1315/1315
f 1249/1249/1249 1315/1315/1315 1250/1250/1250
f 1250/1250/1250 1315/1315/1315 1316/1316/1316
f 1250/1250/1250 1316/1316/1316 1251/1251/1251
f 1251/1251/1251 1316/1316/1316 1317/1317/1317
f 1251/1251/1251 1317/1317/1317 1252/1252/1252
f 1252/1252/1252 1317/1317/1317 1318/1318/1318
f 1252/1252/1252 1318/1318/1318 1253/1253/1253
f 1253/1253/1253 1318/1318/1318 1319/1319/1319
f 1253/1253/1253 1319/1319/1319 1254/1254/1254
f 1254/1254/1254 1319/1319/1319 1320/1320/1320
f 1254/1254/1254 1320/1320/1320 1255/1255/1255
f 1255/1255/1255 1320/1320/1320 1321/1321/1321
f 1255/1255/1255 1321/1321/1321 1256/1256/1256
f 1256/1256/1256 1321/1321/1321 1322/1322/1322
f 1256/1256/1256 1322/1322/1322 1257/1257/1257
f 1257/1257/1257 1322/1322/1322 1323/1323/1323
f 1257/1257/1257 1323/1323/1323 1258/1258/1258
f 1258/1258/1258 1323/1323/1323 1324/1324/1324
f 1258/1258/1258 1324/1324/1324 1259/1259/1259
f 1259/1259/1259 1324/1324/1324 1325/1325/1325
f 1259/1259/1259 1325/1325/1325 1260/1260/1260
f 1260/1260/1260 1325/1325/1325 1326/1326/1326
f 1260/1260/1260 1326/1326/1326 1261/1261/1261
f 1261/1261/1261 1326/1326/1326 1327/1327/1327
f 1261/1261/1261 1327/1327/1327 1262/1262/1262
f 1262/1262/1262 1327/1327/1327 1328/1328/1328
f 1262/1262/1262 1328/1328/1328 1263/1263/1263
f 1263/1263/1263 1328/1328/1328 1329/1329/1329
f 1263/1263/1263 1329/1329/1329 1264/1264/1264
f 1264/1264/1264 1329/1329/1329 1330/1330/1330
f 1264/1264/1264 1330/1330/1330 1265/1265/1265
f 1265/1265/1265 1330/1330/1330 1331/1331/1331
f 1265/1265/1265 1331/1331/1331 1266/1266/1266
f 1266/1266/1266 1331/1331/1331 1332/1332/1332
f 1266/1266/1266 1332/1332/1332 1267/1267/1267
f 1267/1267/1267 1332/1332/1332 1333/1333/1333
f 1267/1267/1267 1333/1333/1333 1268/1268/1268
f 1268/1268/1268 1333/1333/1333 1334/1334/1334
f 1268/1268/1268 1334/1334/1334 1269/1269/1269
f 1269/1269/1269 1334/1334/1334 1335/1335/1335
f 1269/1269/1269 1335/1335/1335 1270/1270/1270
f 1270/1270/1270 1335/1335/1335 1336/1336/1336
f 1270/1270/1270 1336/1336/1336 1271/1271/1271
f 1271/1271/1271 1336/1336/1336 1337/1337/1337
f 1271/1271/1271 1337/1337/1337 1272/1272/1272
f 1272/1272/1272 1337/1337/1337 1338/1338/1338
f 1272/1272/1272 1338/1338/1338 1273/1273/1273
f 1273/1273/1273 1338/1338/1338 1339/1339/1339
f 1273/1273/1273 1339/1339/1339 1274/1274/1274
f 1274/1274/1274 1339/1339/1339 1340/1340/1340
f 1274/1274/1274 1340/1340/1340 1275/1275/1275
f 1275/1275/1275 1340/1340/1340 1341/1341/1341
f 1275/1275/1275 1341/1341/1341 1276/1276/1276
f 1276/1276/1276 1341/1341/1341 1342/1342/1342
f 1276/1276/1276 1342/1342/1342 1277/1277/1277
f 1277/1277/1277 1342/1342/1342 1343/1343/1343
f 1277/1277/1277 1343/1343/1343 1278/1278/1278
f 1278/1278/1278 1343/1343/1343 1344/1344/1344
f 1278/1278/1278 1344/1344/1344 1279/1279/1279
f 1279/1279/1279 1344/1344/1344 1345/1345/1345
f 1279/1279/1279 1345/1345/1345 1280/1280/1280
f 1280/1280/1280 1345/1345/1345 1346/1346/1346
f 1280/1280/1280 1346/1346/1346 1281/1281/1281
f 1281/1281/1281 1346/1346/1346 1347/1347/1347
f 1281/1281/1281 1347/1347/1347 1282/1282/1282
f 1282/1282/1282 1347/1347/1347 1348/1348/1348
f 1282/1282/1282 1348/1348/1348 1283/1283/1283
f 1283/1283/1283 1348/1348/1348 1349/1349/1349
f 1283/1283/1283 1349/1349/1349 1284/1284/1284
f 1284/1284/1284 1349/1349/1349 1350/1350/1350
f 1284/1284/1284 1350/1350/1350 1285/1285/1285
f 1285/1285/1285 1350/1350/1350 1351/1351/1351
f 1285/1285/1285 1351/1351/1351 1286/1286/1286
f 1286/1286/1286 1351/1351/1351 1352/1352/1352
f 1286/1286/1286 1352/1352/1352 1287/1287/1287
f 1287/1287/1287 1352/1352/1352 1353/1353/1353
f 1287/1287/1287 1353/1353/1353 1288/1288/1288
f 1288/1288/1288 1353/1353/1353 1354/1354/1354
f 1288/1288/1288 1354/1354/1354 1289/1289/1289
f 1289/1289/1289 1354/1354/1354 1355/1355/1355
f 1289/1289/1289 1355/1355/1355 1290/1290/1290
f 1290/1290/1290 1355/1355/1355 1356/1356/1356
f 1290/1290/1290 1356/1356/1356 1291/1291/1291
f 1291/1291/1291 1356/1356/1356 1357/1357/1357
f 1291/1291/1291 1357/1357/1357 1292/1292/1292
f 1292/1292/1292 1357/1357/1357 1358/1358/1358
f 1292/1292/1292 1358/1358/1358 1293/1293/1293
f 1293/1293/1293 1358/1358/1358 1359/1359/1359
f 1293/1293/1293 1359/1359/1359 1294/1294/1294
f 1294/1294/1294 1359/1359/1359 1360/1360/1360
f 1294/1294/1294 1360/1360/1360 1295/1295/1295
f 1295/1295/1295 1360/1360/1360 1361/1361/1361
f 1295/1295/1295 1361/1361/1361 1296/1296/1296
f 1296/1296/1296 1361/1361/1361 1362/1362/1362
f 1296/1296/1296 1362/1362/1362 1297/1297/1297
f 1297/1297/1297 1362/1362/1362 1363/1363/1363
f 1297/1297/1297 1363/1363/1363 1298/1298/1298
f 1298/1298/1298 1363/1363/1363 1364/1364/1364
f 1298/1298/1298 1364/1364/1364 1299/1299/1299
f 1299/1299/1299 1364/1364/1364 1365/1365/1365
f 1299/1299/1299 1365/1365/1365 1300/1300/1300
f 1301/1301/1301 1366/1366/1366 1367/1367/1367
f 1301/1301/1301 1367/1367/1367 1302/1302/1302
f 1302/1302/1302 1367/1367/1367 1368/1368/1368
f 1302/1302/1302 1368/1368/1368 1303/1303/1303
f 1303/1303/1303 1368/1368/1368 1369/1369/1369
f 1303/1303/1303 1369/1369/1369 1304/1304/1304
f 1304/1304/1304 1369/1369/1369 1370/1370/1370
f 1304/1304/1304 1370/1370/1370 1305/1305/1305
f 1305/1305/1305 1370/1370/1370 1371/1371/1371
f 1305/1305/1305 1371/1371/1371 1306/1306/1306
f 1306/1306/1306 1371/1371/1371 1372/1372/1372
f 1306/1306/1306 1372/1372/1372 1307/1307/1307
f 1307/1307/1307 1372/1372/1372 1373/1373/1373
f 1307/1307/1307 1373/1373/1373 1308/1308/1308
f 1308/1308/1308 1373/1373/1373 1374/1374/1374
f 1308/1308/1308 1374/1374/1374 1309/1309/1309
f 1309/1309/1309 1374/1374/1374 1375/1375/1375
f 1309/1309/1309 1375/1375/1375 1310/1310/1310
f 1310/1310/1310 1375/1375/1375 1376/1376/1376
f 1310/1310/1310 1376/1376/1376 1311/1311/1311
f 1311/1311/1311 1376/1376/1376 1377/1377/1377
f 1311/1311/1311 1377/1377/1377 1312/1312/1312
f 1312/1312/1312 1377/1377/1377 1378/1378/1378
f 1312/1312/1312 1378/1378/1378 1313/1313/1313
f 1313/1313/1313 1378/1378/1378 1379/1379/1379
f 1313/1313/1313 1379/1379/1379 1314/1314/1314
f 1314/1314/1314 1379/1379/1379 1380/1380/1380
f 1314/1314/1314 1380/1380/1380 1315/1315/1315
f 1315/1315/1315 1380/1380/1380 1381/1381/1381
f 1315/1315/1315 1381/1381/1381 1316/1316/1316
f 1316/1316/1316 1381/1381/1381 1382/1382/1382
f 1316/1316/1316 1382/1382/1382 1317/1317/1317
f 1317/1317/1317 1382/1382/1382 1383/1383/1383
f 1317/1317/1317 1383/1383/1383 1318/1318/1318
f 1318/1318/1318 1383/1383/1383 1384/1384/1384
f 1318/1318/1318 1384/1384/1384 1319/1319/1319
f 1319/1319/1319 1384/1384/1384 1385/1385/1385
f 1319/1319/1319 1385/1385/1385 1320/1320/1320
f 1320/1320/1320 1385/1385/1385 1386/1386/1386
f 1320/1320/1320 1386/1386/1386 1321/1321/1321
f 1321/1321/1321 1386/1386/1386 1387/1387/1387
f 1321/1321/1321 1387/1387/1387 1322/1322/1322
f 1322/1322/1322 1387/1387/1387 1388/1388/1388
f 1322/1322/1322 1388/1388/1388 1323/1323/1323
f 1323/1323/1323 1388/1388/1388 1389/1389/1389
f 1323/1323/1323 1389/1389/1389 1324/1324/1324
f 1324/1324/1324 1389/1389/1389 1390/1390/1390
f 1324/1324/1324 1390/1390/1390 1325/1325/1325
f 1325/1325/1325 1390/1390/1390 1391/1391/1391
f 1325/1325/1325 1391/1391/1391 1326/1326/1326
f 1326/1326/1326 1391/1391/1391 1392/1392/1392
f 1326/1326/1326 1392/1392/1392 1327/1327/1327
f 1327/1327/1327 1392/1392/1392 1393/1393/1393
f 1327/1327/1327 1393/1393/1393 1328/1328/1328
f 1328/1328/1328 1393/1393/1393 1394/1394/1394
f 1328/1328/1328 1394/1394/1394 1329/1329/1329
f 1329/1329/1329 1394/1394/1394 1395/1395/1395
f 1329/1329/1329 1395/1395/1395 1330/1330/1330
f 1330/1330/1330 1395/1395/1395 1396/1396/1396
f 1330/1330/1330 1396/1396/1396 1331/1331/1331
f 1331/1331/1331 1396/1396/1396 1397/1397/1397
f 1331/1331/1331 1397/1397/1397 1332/1332/1332
f 1332/1332/1332 1397/1397/1397 1398/1398/1398
f 1332/1332/1332 1398/1398/1398 1333/1333/1333
f 1333/1333/1333 1398/1398/1398 1399/1399/1399
f 1333/1333/1333 1399/1399/1399 1334/1334/1334
f 1334/1334/1334 1399/1399/1399 1400/1400/1400
f 1334/1334/1334 1400/1400/1400 1335/1335/1335
f 1335/1335/1335 1400/1400/1400 1401/1401/1401
f 1335/1335/1335 1401/1401/1401 1336/1336/1336
f 1336/1336/1336 1401/1401/1401 1402/1402/1402
f 1336/1336/1336 1402/1402/1402 1337/1337/1337
f 1337/1337/1337 1402/1402/1402 1403/1403/1403
f 1337/1337/1337 1403/1403/1403 1338/1338/1338
f 1338/1338/1338 1403/1403/1403 1404/1404/1404
f 1338/1338/1338 1404/1404/1404 1339/1339/1339
f 1339/1339/1339 1404/1404/1404 1405/1405/1405
f 1339/1339/1339 1405/1405/1405 1340/1340/1340
f 1340/1340/1340 1405/1405/1405 1406/1406/1406
f 1340/1340/1340 1406/1406/1406 1341/1341/1341
f 1341/1341/1341 1406/1406/1406 1407/1407/1407
f 1341/1341/1341 1407/1407/1407 1342/1342/1342
f 1342/1342/1342 1407/1407/1407 1408/1408/1408
f 1342/1342/1342 1408/1408/1408 1343/1343/1343
f 1343/1343/1343 1408/1408/1408 1409/1409/1409
f 1343/1343/1343 1409/1409/1409 1344/1344/1344
f 1344/1344/1344 1409/1409/1409 1410/1410/1410
f 1344/1344/1344 1410/1410/1410 1345/1345/1345
f 1345/1345/1345 1410/1410/1410 1411/1411/1411
f 1345/1345/1345 1411/1411/1411 1346/1346/1346
f 1346/1346/1346 1411/1411/1411 1412/1412/1412
f 1346/1346/1346 1412/1412/1412 1347/1347/1347
f 1347/1347/1347 1412/1412/1412 1413/1413/1413
f 1347/1347/1347 1413/1413/1413 1348/1348/1348
f 1348/1348/1348 1413/1413/1413 1414/1414/1414
f 1348/1348/1348 1414/1414/1414 1349/1349/1349
f 1349/1349/1349 1414/1414/1414 1415/1415/1415
f 1349/1349/1349 1415/1415/1415 1350/1350/1350
f 1350/1350/1350 1415/1415/1415 1416/1416/1416
f 1350/1350/1350 1416/1416/1416 1351/1351/1351
f 1351/1351/1351 1416/1416/1416 1417/1417/1417
f 1351/1351/1351 1417/1417/1417 1352/1352/1352
f 1352/1352/1352 1417/1417/1417 1418/1418/1418
f 1352/1352/1352 1418/1418/1418 1353/1353/1353
f 1353/1353/1353 1418/1418/1418 1419/1419/1419
f 1353/1353/1353 1419/1419/1419 1354/1354/1354
f 1354/1354/1354 1419/1419/1419 1420/1420/1420
f 1354/1354/1354 1420/1420/1420 1355/1355/1355
f 1355/1355/1355 1420/1420/1420 1421/1421/1421
f 1355/1355/1355 1421/1421/1421 1356/1356/1356
f 1356/1356/1356 1421/1421/1421 1422/1422/1422
f 1356/1356/1356 1422/1422/1422 1357/1357/1357
f 1357/1357/1357 1422/1422/1422 1423/1423/1423
f 1357/1357/1357 1423/1423/1423 1358/1358/1358
f 1358/1358/1358 1423/1423/1423 1424/1424/1424
f 1358/1358/1358 1424/1424/1424 1359/1359/1359
f 1359/1359/1359 1424/1424/1424 1425/1425/1425
f 1359/1359/1359 1425/1425/1425 1360/1360/1360
f 1360/1360/1360 1425/1425/1425 1426/1426/1426
f 1360/1360/1360 1426/1426/1426 1361/1361/1361
f 1361/1361/1361 1426/1426/1426 1427/1427/1427
f 1361/1361/1361 1427/1427/1427 1362/1362/1362
f 1362/1362/1362 1427/1427/1427 1428/1428/1428
f 1362/1362/1362 1428/1428/1428 1363/1363/1363
f 1363/1363/1363 1428/1428/1428 1429/1429/1429
f 1363/1363/1363 1429/1429/1429 1364/1364/1364
f 1364/1364/1364 1429/1429/1429 1430/1430/1430
f 1364/1364/1364 1430/1430/1430 1365/1365/1365
f 1366/1366/1366 1431/1431/1431 1432/1432/1432
f 1366/1366/1366 1432/1432/1432 1367/1367/1367
f 1367/1367/1367 1432/1432/1432 1433/1433/1433
f 1367/1367/1367 1433/1433/1433 1368/1368/1368
f 1368/1368/1368 1433/1433/1433 1434/1434/1434
f 1368/1368/1368 1434/1434/1434 1369/1369/1369
f 1369/1369/1369 1434/1434/1434 1435/1435/1435
f 1369/1369/1369 1435/1435/1435 1370/1370/1370
f 1370/1370/1370 1435/1435/1435 1436/1436/1436
f 1370/1370/1370 1436/1436/1436 1371/1371/1371
f 1371/1371/1371 1436/1436/1436 1437/1437/1437
f 1371/1371/1371 1437/1437/1437 1372/1372/1372
f 1372/1372/1372 1437/1437/1437 1438/1438/1438
f 1372/1372/1372 1438/1438/1438 1373/1373/1373
f 1373/1373/1373 1438/1438/1438 1439/1439/1439
f 1373/1373/1373 1439/1439/1439 1374/1374/1374
f 1374/1374/1374 1439/1439/1439 1440/1440/1440
f 1374/1374/1374 1440/1440/1440 1375/1375/1375
f 1375/1375/1375 1440/1440/1440 1441/1441/1441
f 1375/1375/1375 1441/1441/1441 1376/1376/1376
f 1376/1376/1376 1441/1441/1441 1442/1442/1442
f 1376/1376/1376 1442/1442/1442 1377/1377/1377
f 1377/1377/1377 1442/1442/1442 1443/1443/1443
f 1377/1377/1377 1443/1443/1443 1378/1378/1378
f 1378/1378/1378 1443/1443/1443 1444/1444/1444
f 1378/1378/1378 1444/1444/1444 1379/1379/1379
f 1379/1379/1379 1444/1444/1444 1445/1445/1445
f 1379/1379/1379 1445/1445/1445 1380/1380/1380
f 1380/1380/1380 1445/1445/1445 1446/1446/1446
f 1380/1380/1380 1446/1446/1446 1381/1381/1381
f 1381/1381/1381 1446/1446/1446 1447/1447/1447
f 1381/1381/1381 1447/1447/1447 1382/1382/1382
f 1382/1382/1382 1447/1447/1447 1448/1448/1448
f 1382/1382/1382 1448/1448/1448 1383/1383/1383
f 1383/1383/1383 1448/1448/1448 1449/1449/1449
f 1383/1383/1383 1449/1449/1449 1384/1384/1384
f 1384/1384/1384 1449/1449/1449 1450/1450/1450
f 1384/1384/1384 1450/1450/1450 1385/1385/1385
f 1385/1385/1385 1450/1450/1450 1451/1451/1451
f 1385/1385/1385 1451/1451/1451 1386/1386/1386
f 1386/1386/1386 1451/1451/1451 1452/1452/1452
f 1386/1386/1386 1452/1452/1452 1387/1387/1387
f 1387/1387/1387 1452/1452/1452 1453/1453/1453
f 1387/1387/1387 1453/1453/1453 1388/1388/1388
f 1388/1388/1388 1453/1453/1453 1454/1454/1454
f 1388/1388/1388 1454/1454/1454 1389/1389/1389
f 1389/1389/1389 1454/1454/1454 1455/1455/1455
f 1389/1389/1389 1455/1455/1455 1390/1390/1390
f 1390/1390/1390 1455/1455/1455 1456/1456/1456
f 1390/1390/1390 1456/1456/1456 1391/1391/1391
f 1391/1391/1391 1456/1456/1456 1457/1457/1457
f 1391/1391/1391 1457/1457/1457 1392/1392/1392
f 1392/1392/1392 1457/1457/1457 1458/1458/1458
f 1392/1392/1392 1458/1458/1458 1393/1393/1393
f 1393/1393/1393 1458/1458/1458 1459/1459/1459
f 1393/1393/1393 1459/1459/1459 1394/1394/1394
f 1394/1394/1394 1459/1459/1459 1460/1460/1460
f 1394/1394/1394 1460/1460/1460 1395/1395/1395
f 1395/1395/1395 1460/1460/1460 1461/1461/1461
f 1395/1395/1395 1461/1461/1461 1396/1396/1396
f 1396/1396/1396 1461/1461/1461 1462/1462/1462
f 1396/1396/1396 1462/1462/1462 1397/1397/1397
f 1397/1397/1397 1462/1462/1462 1463/1463/1463
f 1397/1397/1397 1463/1463/1463 1398/1398/1398
f 1398/1398/1398 1463/1463/1463 1464/1464/1464
f 1398/1398/1398 1464/1464/1464 1399/1399/1399
f 1399/1399/1399 1464/1464/1464 1465/1465/1465
f 1399/1399/1399 1465/1465/1465 1400/1400/1400
f 1400/1400/1400 1465/1465/1465 1466/1466/1466
f 1400/1400/1400 1466/1466/1466 1401/1401/1401
f 1401/1401/1401 1466/1466/1466 1467/1467/1467
f 1401/1401/1401 1467/1467/1467 1402/1402/1402
f 1402/1402/1402 1467/1467/1467 1468/1468/1468
f 1402/1402/1402 1468/1468/1468 1403/1403/1403
f 1403/1403/1403 1468/1468/1468 1469/1469/1469
f 1403/1403/1403 1469/1469/1469 1404/1404/1404
f 1404/1404/1404 1469/1469/1469 1470/1470/1470
f 1404/1404/1404 1470/1470/1470 1405/1405/1405
f 1405/1405/1405 1470/1470/1470 1471/1471/1471
f 1405/1405/1405 1471/1471/1471 1406/1406/1406
f 1406/1406/1406 1471/1471/1471 1472/1472/1472
f 1406/1406/1406 1472/1472/1472 1407/1407/1407
f 1407/1407/1407 1472/1472/1472 1473/1473/1473
f 1407/1407/1407 1473/1473/1473 1408/1408/1408
f 1408/1408/1408 1473/1473/1473 1474/1474/1474
f 1408/1408/1408 1474/1474/1474 1409/1409/1409
f 1409/1409/1409 1474/1474/1474 1475/1475/1475
f 1409/1409/1409 1475/1475/1475 1410/1410/1410
f 1410/1410/1410 1475/1475/1475 1476/1476/1476
f 1410/1410/1410 1476/1476/1476 1411/1411/1411
f 1411/1411/1411 1476/1476/1476 1477/1477/1477
f 1411/1411/1411 1477/1477/1477 1412/1412/1412
f 1412/1412/1412 1477/1477/1477 1478/1478/1478
f 1412/1412/1412 1478/1478/1478 1413/1413/1413
f 1413/1413/1413 1478/1478/1478 1479/1479/1479
f 1413/1413/1413 1479/1479/1479 1414/1414/1414
f 1414/1414/1414 1479/1479/1479 1480/1480/1480
f 1414/1414/1414 1480/1480/1480 1415/1415/1415
f 1415/1415/1415 1480/1480/1480 1481/1481/1481
f 1415/1415/1415 1481/1481/1481 1416/1416/1416
f 1416/1416/1416 1481/1481/1481 1482/1482/1482
f 1416/1416/1416 1482/1482/1482 1417/1417/1417
f 1417/1417/1417 1482/1482/1482 1483/1483/1483
f 1417/1417/1417 1483/1483/1483 1418/1418/1418
f 1418/1418/1418 1483/1483/1483 1484/1484/1484
f 1418/1418/1418 1484/1484/1484 1419/1419/1419
f 1419/1419/1419 1484/1484/1484 1485/1485/1485
f 1419/1419/1419 1485/1485/1485 1420/1420/1420
f 1420/1420/1420 1485/1485/1485 1486/1486/1486
f 1420/1420/1420 1486/1486/1486 1421/1421/1421
f 1421/1421/1421 1486/1486/1486 1487/1487/1487
f 1421/1421/1421 1487/1487/1487 1422/1422/1422
f 1422/1422/1422 1487/1487/1487 1488/1488/1488
f 1422/1422/1422 1488/1488/1488 1423/1423/1423
f 1423/1423/1423 1488/1488/1488 1489/1489/1489
f 1423/1423/1423 1489/1489/1489 1424/1424/1424
f 1424/1424/1424 1489/1489/1489 1490/1490/1490
f 1424/1424/1424 1490/1490/1490 1425/1425/1425
f 1425/1425/1425 1490/1490/1490 1491/1491/1491
f 1425/1425/1425 1491/1491/1491 1426/1426/1426
f 1426/1426/1426 1491/1491/1491 1492/1492/1492
f 1426/1426/1426 1492/1492/1492 1427/1427/1427
f 1427/1427/1427 1492/1492/1492 1493/1493/1493
f 1427/1427/1427 1493/1493/1493 1428/1428/1428
f 1428/1428/1428 1493/1493/1493 1494/1494/1494
f 1428/1428/1428 1494/1494/1494 1429/1429/1429
f 1429/1429/1429 1494/1494/1494 1495/1495/1495
f 1429/1429/1429 1495/1495/1495 1430/1430/1430
f 1431/1431/1431 1496/1496/1496 1497/1497/1497
f 1431/1431/1431 1497/1497/1497 1432/1432/1432
f 1432/1432/1432 1497/1497/1497 1498/1498/1498
f 1432/1432/1432 1498/1498/1498 1433/1433/1433
f 1433/1433/1433 1498/1498/1498 1499/1499/1499
f 1433/1433/1433 1499/1499/1499 1434/1434/1434
f 1434/1434/1434 1499/1499/1499 1500/1500/1500
f 1434/1434/1434 1500/1500/1500 1435/1435/1435
f 1435/1435/1435 1500/1500/1500 1501/1501/1501
f 1435/1435/1435 1501/1501/1501 1436/1436/1436
f 1436/1436/1436 1501/1501/1501 1502/1502/1502
f 1436/1436/1436 1502/1502/1502 1437/1437/1437
f 1437/1437/1437 1502/1502/1502 1503/1503/1503
f 1437/1437/1437 1503/1503/1503 1438/1438/1438
f 1438/1438/1438 1503/1503/1503 1504/1504/1504
f 1438/1438/1438 1504/1504/1504 1439/1439/1439
f 1439/1439/1439 1504/1504/1504 1505/1505/1505
f 1439/1439/1439 1505/1505/1505 1440/1440/1440
f 1440/1440/1440 1505/1505/1505 1506/1506/1506
f 1440/1440/1440 1506/1506/1506 1441/1441/1441
f 1441/1441/1441 1506/1506/1506 1507/1507/1507
f 1441/1441/1441 1507/1507/1507 1442/1442/1442
f 1442/1442/1442 1507/1507/1507 1508/1508/1508
f 1442/1442/1442 1508/1508/1508 1443/1443/1443
f 1443/1443/1443 1508/1508/1508 1509/1509/1509
f 1443/1443/1443 1509/1509/1509 1444/1444/1444
f 1444/1444/1444 1509/1509/1509 1510/1510/1510
f 1444/1444/1444 1510/1510/1510 1445/1445/1445
f 1445/1445/1445 1510/1510/1510 1511/1511/1511
f 1445/1445/1445 1511/1511/1511 1446/1446/1446
f 1446/1446/1446 1511/1511/1511 1512/1512/1512
f 1446/1446/1446 1512/1512/1512 1447/1447/1447
f 1447/1447/1447 1512/1512/1512 1513/1513/1513
f 1447/1447/1447 1513/1513/1513 1448/1448/1448
f 1448/1448/1448 1513/1513/1513 1514/1514/1514
f 1448/1448/1448 1514/1514/1514 1449/1449/1449
f 1449/1449/1449 1514/1514/1514 1515/1515/1515
f 1449/1449/1449 1515/1515/1515 1450/1450/1450
f 1450/1450/1450 1515/1515/1515 1516/1516/1516
f 1450/1450/1450 1516/1516/1516 1451/1451/1451
f 1451/1451/1451 1516/1516/1516 1517/1517/1517
f 1451/1451/1451 1517/1517/1517 1452/1452/1452
f 1452/1452/1452 1517/1517/1517 1518/1518/1518
f 1452/1452/1452 1518/1518/1518 1453/1453/1453
f 1453/1453/1453 1518/1518/1518 1519/1519/1519
f 1453/1453/1453 1519/1519/1519 1454/1454/1454
f 1454/1454/1454 1519/1519/1519 1520/1520/1520
f 1454/1454/1454 1520/1520/1520 1455/1455/1455
f 1455/1455/1455 1520/1520/1520 1521/1521/1521
f 1455/1455/1455 1521/1521/1521 1456/1456/1456
f 1456/1456/1456 1521/1521/1521 1522/1522/1522
f 1456/1456/1456 1522/1522/1522 1457/1457/1457
f 1457/1457/1457 1522/1522/1522 1523/1523/1523
f 1457/1457/1457 1523/1523/1523 1458/1458/1458
f 1458/1458/1458 1523/1523/1523 1524/1524/1524
f 1458/1458/1458 1524/1524/1524 1459/1459/1459
f 1459/1459/1459 1524/1524/1524 1525/1525/1525
f 1459/1459/1459 1525/1525/1525 1460/1460/1460
f 1460/1460/1460 1525/1525/1525 1526/1526/1526
f 1460/1460/1460 1526/1526/1526 1461/1461/1461
f 1461/1461/1461 1526/1526/1526 1527/1527/1527
f 1461/1461/1461 1527/1527/1527 1462/1462/1462
f 1462/1462/1462 1527/1527/1527 1528/1528/1528
f 1462/1462/1462 1528/1528/1528 1463/1463/1463
f 1463/1463/1463 1528/1528/1528 1529/1529/1529
f 1463/1463/1463 1529/1529/1529 1464/1464/1464
f 1464/1464/1464 1529/1529/1529 1530/1530/1530
f 1464/1464/1464 1530/1530/1530 1465/1465/1465
f 1465/1465/1465 1530/1530/1530 1531/1531/1531
f 1465/1465/1465 1531/1531/1531 1466/1466/1466
f 1466/1466/1466 1531/1531/1531 1532/1532/1532
f 1466/1466/1466 1532/1532/1532 1467/1467/1467
f 1467/1467/1467 1532/1532/1532 1533/1533/1533
f 1467/1467/1467 1533/1533/1533 1468/1468/1468
f 1468/1468/1468 1533/1533/1533 1534/1534/1534
f 1468/1468/1468 1534/1534/1534 1469/1469/1469
f 1469/1469/1469 1534/1534/1534 1535/1535/1535
f 1469/1469/1469 1535/1535/1535 1470/1470/1470
f 1470/1470/1470 1535/1535/1535 1536/1536/1536
f 1470/1470/1470 1536/1536/1536 1471/1471/1471
f 1471/1471/1471 1536/1536/1536 1537/1537/1537
f 1471/1471/1471 1537/1537/1537 1472/1472/1472
f 1472/1472/1472 1537/1537/1537 1538/1538/1538
f 1472/1472/1472 1538/1538/1538 1473/1473/1473
f 1473/1473/1473 1538/1538/1538 1539/1539/1539
f 1473/1473/1473 1539/1539/1539 1474/1474/1474
f 1474/1474/1474 1539/1539/1539 1540/1540/1540
f 1474/1474/1474 1540/1540/1540 1475/1475/1475
f 1475/1475/1475 1540/1540/1540 1541/1541/1541
f 1475/1475/1475 1541/1541/1541 1476/1476/1476
f 1476/1476/1476 1541/1541/1541 1542/1542/1542
f 1476/1476/1476 1542/1542/1542 1477/1477/1477
f 1477/1477/1477 1542/1542/1542 1543/1543/1543
f 1477/1477/1477 1543/1543/1543 1478/1478/1478
f 1478/1478/1478 1543/1543/1543 1544/1544/1544
f 1478/1478/1478 1544/1544/1544 1479/1479/1479
f 1479/1479/1479 1544/1544/1544 1545/1545/1545
f 1479/1479/1479 1545/1545/1545 1480/1480/1480
f 1480/1480/1480 1545/1545/1545 1546/1546/1546
f 1480/1480/1480 1546/1546/1546 1481/1481/1481
f 1481/1481/1481 1546/1546/1546 1547/1547/1547
f 1481/1481/1481 1547/1547/1547 1482/1482/1482
f 1482/1482/1482 1547/1547/1547 1548/1548/1548
f 1482/1482/1482 1548/1548/1548 1483/1483/1483
f 1483/1483/1483 1548/1548/1548 1549/1549/1549
f 1483/1483/1483 1549/1549/1549 1484/1484/1484
f 1484/1484/1484 1549/1549/1549 1550/1550/1550
f 1484/1484/1484 1550/1550/1550 1485/1485/1485
f 1485/1485/1485 1550/1550/1550 1551/1551/1551
f 1485/1485/1485 1551/1551/1551 1486/1486/1486
f 1486/1486/1486 1551/1551/1551 1552/1552/1552
f 1486/1486/1486 1552/1552/1552 1487/1487/1487
f 1487/1487/1487 1552/1552/1552 1553/1553/1553
f 1487/1487/1487 1553/1553/1553 1488/1488/1488
f 1488/1488/1488 1553/1553/1553 1554/1554/1554
f 1488/1488/1488 1554/1554/1554 1489/1489/1489
f 1489/1489/1489 1554/1554/1554 1555/1555/1555
f 1489/1489/1489 1555/1555/1555 1490/1490/1490
f 1490/1490/1490 1555/1555/1555 1556/1556/1556
f 1490/1490/1490 1556/1556/1556 1491/1491/1491
f 1491/1491/1491 1556/1556/1556 1557/1557/1557
f 1491/1491/1491 1557/1557/1557 1492/1492/1492
f 1492/1492/1492 1557/1557/1557 1558/1558/1558
f 1492/1492/1492 1558/1558/1558 1493/1493/1493
f 1493/1493/1493 1558/1558/1558 1559/1559/1559
f 1493/1493/1493 1559/1559/1559 1494/1494/1494
f 1494/1494/1494 1559/1559/1559 1560/1560/1560
f 1494/1494/1494 1560/1560/1560 1495/1495/1495
f 1496/1496/1496 1561/1561/1561 1562/1562/1562
f 1496/1496/1496 1562/1562/1562 1497/1497/1497
f 1497/1497/1497 1562/1562/1562 1563/1563/1563
f 1497/1497/1497 1563/1563/1563 1498/1498/1498
f 1498/1498/1498 1563/1563/1563 1564/1564/1564
f 1498/1498/1498 1564/1564/1564 1499/1499/1499
f 1499/1499/1499 1564/1564/1564 1565/1565/1565
f 1499/1499/1499 1565/1565/1565 1500/1500/1500
f 1500/1500/1500 1565/1565/1565 1566/1566/1566
f 1500/1500/1500 1566/1566/1566 1501/1501/1501
f 1501/1501/1501 1566/1566/1566 1567/1567/1567
f 1501/1501/1501 1567/1567/1567 1502/1502/1502
f 1502/1502/1502 1567/1567/1567 1568/1568/1568
f 1502/1502/1502 1568/1568/1568 1503/1503/1503
f 1503/1503/1503 1568/1568/1568 1569/1569/1569
f 1503/1503/1503 1569/1569/1569 1504/1504/1504
f 1504/1504/1504 1569/1569/1569 1570/1570/1570
f 1504/1504/1504 1570/1570/1570 1505/1505/1505
f 1505/1505/1505 1570/1570/1570 1571/1571/1571
f 1505/1505/1505 1571/1571/1571 1506/1506/1506
f 1506/1506/1506 1571/1571/1571 1572/1572/1572
f 1506/1506/1506 1572/1572/1572 1507/1507/1507
f 1507/1507/1507 1572/1572/1572 1573/1573/1573
f 1507/1507/1507 1573/1573/1573 1508/1508/1508
f 1508/1508/1508 1573/1573/1573 1574/1574/1574
f 1508/1508/1508 1574/1574/1574 1509/1509/1509
f 1509/1509/1509 1574/1574/1574 1575/1575/1575
f 1509/1509/1509 1575/1575/1575 1510/1510/1510
f 1510/1510/1510 1575/1575/1575 1576/1576/1576
f 1510/1510/1510 1576/1576/1576 1511/1511/1511
f 1511/1511/1511 1576/1576/1576 1577/1577/1577
f 1511/1511/1511 1577/1577/1577 1512/1512/1512
f 1512/1512/1512 1577/1577/1577 1578/1578/1578
f 1512/1512/1512 1578/1578/1578 1513/1513/1513
f 1513/1513/1513 1578/1578/1578 1579/1579/1579
f 1513/1513/1513 1579/1579/1579 1514/1514/1514
f 1514/1514/1514 1579/1579/1579 1580/1580/1580
f 1514/1514/1514 1580/1580/1580 1515/1515/1515
f 1515/1515/1515 1580/1580/1580 1581/1581/1581
f 1515/1515/1515 1581/1581/1581 1516/1516/1516
f 1516/1516/1516 1581/1581/1581 1582/1582/1582
f 1516/1516/1516 1582/1582/1582 1517/1517/1517
f 1517/1517/1517 1582/1582/1582 1583/1583/1583
f 1517/1517/1517 1583/1583/1583 1518/1518/1518
f 1518/1518/1518 1583/1583/1583 1584/1584/1584
f 1518/1518/1518 1584/1584/1584 1519/1519/1519
f 1519/1519/1519 1584/1584/1584 1585/1585/1585
f 1519/1519/1519 1585/1585/1585 1520/1520/1520
f 1520/1520/1520 1585/1585/1585 1586/1586/1586
f 1520/1520/1520 1586/1586/1586 1521/1521/1521
f 1521/1521/1521 1586/1586/1586 1587/1587/1587
f 1521/1521/1521 1587/1587/1587 1522/1522/1522
f 1522/1522/1522 1587/1587/1587 1588/1588/1588
f 1522/1522/1522 1588/1588/1588 1523/1523/1523
f 1523/1523/1523 1588/1588/1588 1589/1589/1589
f 1523/1523/1523 1589/1589/1589 1524/1524/1524
f 1524/1524/1524 1589/1589/1589 1590/1590/1590
f 1524/1524/1524 1590/1590/1590 1525/1525/1525
f 1525/1525/1525 1590/1590/1590 1591/1591/1591
f 1525/1525/1525 1591/1591/1591 1526/1526/1526
f 1526/1526/1526 1591/1591/1591 1592/1592/1592
f 1526/1526/1526 1592/1592/1592 1527/1527/1527
f 1527/1527/1527 1592/1592/1592 1593/1593/1593
f 1527/1527/1527 1593/1593/1593 1528/1528/1528
f 1528/1528/1528 1593/1593/1593 1594/1594/1594
f 1528/1528/1528 1594/1594/1594 1529/1529/1529
f 1529/1529/1529 1594/1594/1594 1595/1595/1595
f 1529/1529/1529 1595/1595/1595 1530/1530/1530
f 1530/1530/1530 1595/1595/1595 1596/1596/1596
f 1530/1530/1530 1596/1596/1596 1531/1531/1531
f 1531/1531/1531 1596/1596/1596 1597/1597/1597
f 1531/1531/1531 1597/1597/1597 1532/1532/1532
f 1532/1532/1532 1597/1597/1597 1598/1598/1598
f 1532/1532/1532 1598/1598/1598 1533/1533/1533
f 1533/1533/1533 1598/1598/1598 1599/1599/1599
f 1533/1533/1533 1599/1599/1599 1534/1534/1534
f 1534/1534/1534 1599/1599/1599 1600/1600/1600
f 1534/1534/1534 1600/1600/1600 1535/1535/1535
f 1535/1535/1535 1600/1600/1600 1601/1601/1601
f 1535/1535/1535 1601/1601/1601 1536/1536/1536
f 1536/1536/1536 1601/1601/1601 1602/1602/1602
f 1536/1536/1536 1602/1602/1602 1537/1537/1537
f 1537/1537/1537 1602/1602/1602 1603/1603/1603
f 1537/1537/1537 1603/1603/1603 1538/1538/1538
f 1538/1538/1538 1603/1603/1603 1604/1604/1604
f 1538/1538/1538 1604/1604/1604 1539/1539/1539
f 1539/1539/1539 1604/1604/1604 1605/1605/1605
f 1539/1539/1539 1605/1605/1605 1540/1540/1540
f 1540/1540/1540 1605/1605/1605 1606/1606/1606
f 1540/1540/1540 1606/1606/1606 1541/1541/1541
f 1541/1541/1541 1606/1606/1606 1607/1607/1607
f 1541/1541/1541 1607/1607/1607 1542/1542/1542
f 1542/1542/1542 1607/1607/1607 1608/1608/1608
f 1542/1542/1542 1608/1608/1608 1543/1543/1543
f 1543/1543/1543 1608/1608/1608 1609/1609/1609
f 1543/1543/1543 1609/1609/1609 1544/1544/1544
f 1544/1544/1544 1609/1609/1609 1610/1610/1610
f 1544/1544/1544 1610/1610/1610 1545/1545/1545
f 1545/1545/1545 1610/1610/1610 1611/1611/1611
f 1545/1545/1545 1611/1611/1611 1546/1546/1546
f 1546/1546/1546 1611/1611/1611 1612/1612/1612
f 1546/1546/1546 1612/1612/1612 1547/1547/1547
f 1547/1547/1547 1612/1612/1612 1613/1613/1613
f 1547/1547/1547 1613/1613/1613 1548/1548/1548
f 1548/1548/1548 1613/1613/1613 1614/1614/1614
f 1548/1548/1548 1614/1614/1614 1549/1549/1549
f 1549/1549/1549 1614/1614/1614 1615/1615/1615
f 1549/1549/1549 1615/1615/1615 1550/1550/1550
f 1550/1550/1550 1615/1615/1615 1616/1616/1616
f 1550/1550/1550 1616/1616/1616 1551/1551/1551
f 1551/1551/1551 1616/1616/1616 1617/1617/1617
f 1551/1551/1551 1617/1617/1617 1552/1552/1552
f 1552/1552/1552 1617/1617/1617 1618/1618/1618
f 1552/1552/1552 1618/1618/1618 1553/1553/1553
f 1553/1553/1553 1618/1618/1618 1619/1619/1619
f 1553/1553/1553 1619/1619/1619 1554/1554/1554
f 1554/1554/1554 1619/1619/1619 1620/1620/1620
f 1554/1554/1554 1620/1620/1620 1555/1555/1555
f 1555/1555/1555 1620/1620/1620 1621/1621/1621
f 1555/1555/1555 1621/1621/1621 1556/1556/1556
f 1556/1556/1556 1621/1621/1621 1622/1622/1622
f 1556/1556/1556 1622/1622/1622 1557/1557/1557
f 1557/1557/1557 1622/1622/1622 1623/1623/1623
f 1557/1557/1557 1623/1623/1623 1558/1558/1558
f 1558/1558/1558 1623/1623/1623 1624/1624/1624
f 1558/1558/1558 1624/1624/1624 1559/1559/1559
f 1559/1559/1559 1624/1624/1624 1625/1625/1625
f 1559/1559/1559 1625/1625/1625 1560/1560/1560
f 1561/1561/1561 1626/1626/1626 1627/1627/1627
f 1561/1561/1561 1627/1627/1627 1562/1562/1562
f 1562/1562/1562 1627/1627/1627 1628/1628/1628
f 1562/1562/1562 1628/1628/1628 1563/1563/1563
f 1563/1563/1563 1628/1628/1628 1629/1629/1629
f 1563/1563/1563 1629/1629/1629 1564/1564/1564
f 1564/1564/1564 1629/1629/1629 1630/1630/1630
f 1564/1564/1564 1630/1630/1630 1565/1565/1565
f 1565/1565/1565 1630/1630/1630 1631/1631/1631
f 1565/1565/1565 1631/1631/1631 1566/1566/1566
f 1566/1566/1566 1631/1631/1631 1632/1632/1632
f 1566/1566/1566 1632/1632/1632 1567/1567/1567
f 1567/1567/1567 1632/1632/1632 1633/1633/1633
f 1567/1567/1567 1633/1633/1633 1568/1568/1568
f 1568/1568/1568 1633/1633/1633 1634/1634/1634
f 1568/1568/1568 1634/1634/1634 1569/1569/1569
f 1569/1569/1569 1634/1634/1634 1635/1635/1635
f 1569/1569/1569 1635/1635/1635 1570/1570/1570
f 1570/1570/1570 1635/1635/1635 1636/1636/1636
f 1570/1570/1570 1636/1636/1636 1571/1571/1571
f 1571/1571/1571 1636/1636/1636 1637/1637/1637
f 1571/1571/1571 1637/1637/1637 1572/1572/1572
f 1572/1572/1572 1637/1637/1637 1638/1638/1638
f 1572/1572/1572 1638/1638/1638 1573/1573/1573
f 1573/1573/1573 1638/1638/1638 1639/1639/1639
f 1573/1573/1573 1639/1639/1639 1574/1574/1574
f 1574/1574/1574 1639/1639/1639 1640/1640/1640
f 1574/1574/1574 1640/1640/1640 1575/1575/1575
f 1575/1575/1575 1640/1640/1640 1641/1641/1641
f 1575/1575/1575 1641/1641/1641 1576/1576/1576
f 1576/1576/1576 1641/1641/1641 1642/1642/1642
f 1576/1576/1576 1642/1642/1642 1577/1577/1577
f 1577/1577/1577 1642/1642/1642 1643/1643/1643
f 1577/1577/1577 1643/1643/1643 1578/1578/1578
f 1578/1578/1578 1643/1643/1643 1644/1644/1644
f 1578/1578/1578 1644/1644/1644 1579/1579/1579
f 1579/1579/1579 1644/1644/1644 1645/1645/1645
f 1579/1579/1579 1645/1645/1645 1580/1580/1580
f 1580/1580/1580 1645/1645/1645 1646/1646/1646
f 1580/1580/1580 1646/1646/1646 1581/1581/1581
f 1581/1581/1581 1646/1646/1646 1647/1647/1647
f 1581/1581/1581 1647/1647/1647 1582/1582/1582
f 1582/1582/1582 1647/1647/1647 1648/1648/1648
f 1582/1582/1582 1648/1648/1648 1583/1583/1583
f 1583/1583/1583 1648/1648/1648 1649/1649/1649
f 1583/1583/1583 1649/1649/1649 1584/1584/1584
f 1584/1584/1584 1649/1649/1649 1650/1650/1650
f 1584/1584/1584 1650/1650/1650 1585/1585/1585
f 1585/1585/1585 1650/1650/1650 1651/1651/1651
f 1585/1585/1585 1651/1651/1651 1586/1586/1586
f 1586/1586/1586 1651/1651/1651 1652/1652/1652
f 1586/1586/1586 1652/1652/1652 1587/1587/1587
f 1587/1587/1587 1652/1652/1652 1653/1653/1653
f 1587/1587/1587 1653/1653/1653 1588/1588/1588
f 1588/1588/1588 1653/1653/1653 1654/1654/1654
f 1588/1588/1588 1654/1654/1654 1589/1589/1589
f 1589/1589/1589 1654/1654/1654 1655/1655/1655
f 1589/1589/1589 1655/1655/1655 1590/1590/1590
f 1590/1590/1590 1655/1655/1655 1656/1656/1656
f 1590/1590/1590 1656/1656/1656 1591/1591/1591
f 1591/1591/1591 1656/1656/1656 1657/1657/1657
f 1591/1591/1591 1657/1657/1657 1592/1592/1592
f 1592/1592/1592 1657/1657/1657 1658/1658/1658
f 1592/1592/1592 1658/1658/1658 1593/1593/1593
f 1593/1593/1593 1658/1658/1658 1659/1659/1659
f 1593/1593/1593 1659/1659/1659 1594/1594/1594
f 1594/1594/1594 1659/1659/1659 1660/1660/1660
f 1594/1594/1594 1660/1660/1660 1595/1595/1595
f 1595/1595/1595 1660/1660/1660 1661/1661/1661
f 1595/1595/1595 1661/1661/1661 1596/1596/1596
f 1596/1596/1596 1661/1661/1661 1662/1662/1662
f 1596/1596/1596 1662/1662/1662 1597/1597/1597
f 1597/1597/1597 1662/1662/1662 1663/1663/1663
f 1597/1597/1597 1663/1663/1663 1598/1598/1598
f 1598/1598/1598 1663/1663/1663 1664/1664/1664
f 1598/1598/1598 1664/1664/1664 1599/1599/1599
f 1599/1599/1599 1664/1664/1664 1665/1665/1665
f 1599/1599/1599 1665/1665/1665 1600/1600/1600
f 1600/1600/1600 1665/1665/1665 1666/1666/1666
f 1600/1600/1600 1666/1666/1666 1601/1601/1601
f 1601/1601/1601 1666/1666/1666 1667/1667/1667
f 1601/1601/1601 1667/1667/1667 1602/1602/1602
f 1602/1602/1602 1667/1667/1667 1668/1668/1668
f 1602/1602/1602 1668/1668/1668 1603/1603/1603
f 1603/1603/1603 1668/1668/1668 1669/1669/1669
f 1603/1603/1603 1669/1669/1669 1604/1604/1604
f 1604/1604/1604 1669/1669/1669 1670/1670/1670
f 1604/1604/1604 1670/1670/1670 1605/1605/1605
f 1605/1605/1605 1670/1670/1670 1671/1671/1671
f 1605/1605/1605 1671/1671/1671 1606/1606/1606
f 1606/1606/1606 1671/1671/1671 1672/1672/1672
f 1606/1606/1606 1672/1672/1672 1607/1607/1607
f 1607/1607/1607 1672/1672/1672 1673/1673/1673
f 1607/1607/1607 1673/1673/1673 1608/1608/1608
f 1608/1608/1608 1673/1673/1673 1674/1674/1674
f 1608/1608/1608 1674/1674/1674 1609/1609/1609
f 1609/1609/1609 1674/1674/1674 1675/1675/1675
f 1609/1609/1609 1675/1675/1675 1610/1610/1610
f 1610/1610/1610 1675/1675/1675 1676/1676/1676
f 1610/1610/1610 1676/1676/1676 1611/1611/1611
f 1611/1611/1611 1676/1676/1676 1677/1677/1677
f 1611/1611/1611 1677/1677/1677 1612/1612/1612
f 1612/1612/1612 1677/1677/1677 1678/1678/1678
f 1612/1612/1612 1678/1678/1678 1613/1613/1613
f 1613/1613/1613 1678/1678/1678 1679/1679/1679
f 1613/1613/1613 1679/1679/1679 1614/1614/1614
f 1614/1614/1614 1679/1679/1679 1680/1680/1680
f 1614/1614/1614 1680/1680/1680 1615/1615/1615
f 1615/1615/1615 1680/1680/1680 1681/1681/1681
f 1615/1615/1615 1681/1681/1681 1616/1616/1616
f 1616/1616/1616 1681/1681/1681 1682/1682/1682
f 1616/1616/1616 1682/1682/1682 1617/1617/1617
f 1617/1617/1617 1682/1682/1682 1683/1683/1683
f 1617/1617/1617 1683/1683/1683 1618/1618/1618
f 1618/1618/1618 1683/1683/1683 1684/1684/1684
f 1618/1618/1618 1684/1684/1684 1619/1619/1619
f 1619/1619/1619 1684/1684/1684 1685/1685/1685
f 1619/1619/1619 1685/1685/1685 1620/1620/1620
f 1620/1620/1620 1685/1685/1685 1686/1686/1686
f 1620/1620/1620 1686/1686/1686 1621/1621/1621
f 1621/1621/1621 1686/1686/1686 1687/1687/1687
f 1621/1621/1621 1687/1687/1687 1622/1622/1622
f 1622/1622/1622 1687/1687/1687 1688/1688/1688
f 1622/1622/1622 1688/1688/1688 1623/1623/1623
f 1623/1623/1623 1688/1688/1688 1689/1689/1689
f 1623/1623/1623 1689/1689/1689 1624/1624/1624
f 1624/1624/1624 1689/1689/1689 1690/1690/1690
f 1624/1624/1624 1690/1690/1690 1625/1625/1625
f 1626/1626/1626 1691/1691/1691 1692/1692/1692
f 1626/1626/1626 1692/1692/1692 1627/1627/1627
f 1627/1627/1627 1692/1692/1692 1693/1693/1693
f 1627/1627/1627 1693/1693/1693 1628/1628/1628
f 1628/1628/1628 1693/1693/1693 1694/1694/1694
f 1628/1628/1628 1694/1694/1694 1629/1629/1629
f 1629/1629/1629 1694/1694/1694 1695/1695/1695
f 1629/1629/1629 1695/1695/1695 1630/1630/1630
f 1630/1630/1630 1695/1695/1695 1696/1696/1696
f 1630/1630/1630 1696/1696/1696 1631/1631/1631
f 1631/1631/1631 1696/1696/1696 1697/1697/1697
f 1631/1631/1631 1697/1697/1697 1632/1632/1632
f 1632/1632/1632 1697/1697/1697 1698/1698/1698
f 1632/1632/1632 1698/1698/1698 1633/1633/1633
f 1633/1633/1633 1698/1698/1698 1699/1699/1699
f 1633/1633/1633 1699/1699/1699 1634/1634/1634
f 1634/1634/1634 1699/1699/1699 1700/1700/1700
f 1634/1634/1634 1700/1700/1700 1635/1635/1635
f 1635/1635/1635 1700/1700/1700 1701/1701/1701
f 1635/1635/1635 1701/1701/1701 1636/1636/1636
f 1636/1636/1636 1701/1701/1701 1702/1702/1702
f 1636/1636/1636 1702/1702/1702 1637/1637/1637
f 1637/1637/1637 1702/1702/1702 1703/1703/1703
f 1637/1637/1637 1703/1703/1703 1638/1638/1638
f 1638/1638/1638 1703/1703/1703 1704/1704/1704
f 1638/1638/1638 1704/1704/1704 1639/1639/1639
f 1639/1639/1639 1704/1704/1704 1705/1705/1705
f 1639/1639/1639 1705/1705/1705 1640/1640/1640
f 1640/1640/1640 1705/1705/1705 1706/1706/1706
f 1640/1640/1640 1706/1706/1706 1641/1641/1641
f 1641/1641/1641 1706/1706/1706 1707/1707/1707
f 1641/1641/1641 1707/1707/1707 1642/1642/1642
f 1642/1642/1642 1707/1707/1707 1708/1708/1708
f 1642/1642/1642 1708/1708/1708 1643/1643/1643
f 1643/1643/1643 1708/1708/1708 1709/1709/1709
f 1643/1643/1643 1709/1709/1709 1644/1644/1644
f 1644/1644/1644 1709/1709/1709 1710/1710/1710
f 1644/1644/1644 1710/1710/1710 1645/1645/1645
f 1645/1645/1645 1710/1710/1710 1711/1711/1711
f 1645/1645/1645 1711/1711/1711 1646/1646/1646
f 1646/1646/1646 1711/1711/1711 1712/1712/1712
f 1646/1646/1646 1712/1712/1712 1647/1647/1647
f 1647/1647/1647 1712/1712/1712 1713/1713/1713
f 1647/1647/1647 1713/1713/1713 1648/1648/1648
f 1648/1648/1648 1713/1713/1713 1714/1714/1714
f 1648/1648/1648 1714/1714/1714 1649/1649/1649
f 1649/1649/1649 1714/1714/1714 1715/1715/1715
f 1649/1649/1649 1715/1715/1715 1650/1650/1650
f 1650/1650/1650 1715/1715/1715 1716/1716/1716
f 1650/1650/1650 1716/1716/1716 1651/1651/1651
f 1651/1651/1651 1716/1716/1716 1717/1717/1717
f 1651/1651/1651 1717/1717/1717 1652/1652/1652
f 1652/1652/1652 1717/1717/1717 1718/1718/1718
f 1652/1652/1652 1718/1718/1718 1653/1653/1653
f 1653/1653/1653 1718/1718/1718 1719/1719/1719
f 1653/1653/1653 1719/1719/1719 1654/1654/1654
f 1654/1654/1654 1719/1719/1719 1720/1720/1720
f 1654/1654/1654 1720/1720/1720 1655/1655/1655
f 1655/1655/1655 1720/1720/1720 1721/1721/1721
f 1655/1655/1655 1721/1721/1721 1656/1656/1656
f 1656/1656/1656 1721/1721/1721 1722/1722/1722
f 1656/1656/1656 1722/1722/1722 1657/1657/1657
f 1657/1657/1657 1722/1722/1722 1723/1723/1723
f 1657/1657/1657 1723/1723/1723 1658/1658/1658
f 1658/1658/1658 1723/1723/1723 1724/1724/1724
f 1658/1658/1658 1724/1724/1724 1659/1659/1659
f 1659/1659/1659 1724/1724/1724 1725/1725/1725
f 1659/1659/1659 1725/1725/1725 1660/1660/1660
f 1660/1660/1660 1725/1725/1725 1726/1726/1726
f 1660/1660/1660 1726/1726/1726 1661/1661/1661
f 1661/1661/1661 1726/1726/1726 1727/1727/1727
f 1661/1661/1661 1727/1727/1727 1662/1662/1662
f 1662/1662/1662 1727/1727/1727 1728/1728/1728
f 1662/1662/1662 1728/1728/1728 1663/1663/1663
f 1663/1663/1663 1728/1728/1728 1729/1729/1729
f 1663/1663/1663 1729/1729/1729 1664/1664/1664
f 1664/1664/1664 1729/1729/1729 1730/1730/1730
f 1664/1664/1664 1730/1730/1730 1665/1665/1665
f 1665/1665/1665 1730/1730/1730 1731/1731/1731
f 1665/1665/1665 1731/1731/1731 1666/1666/1666
f 1666/1666/1666 1731/1731/1731 1732/1732/1732
f 1666/1666/1666 1732/1732/1732 1667/1667/1667
f 1667/1667/1667 1732/1732/1732 1733/1733/1733
f 1667/1667/1667 1733/1733/1733 1668/1668/1668
f 1668/1668/1668 1733/1733/1733 1734/1734/1734
f 1668/1668/1668 1734/1734/1734 1669/1669/1669
f 1669/1669/1669 1734/1734/1734 1735/1735/1735
f 1669/1669/1669 1735/1735/1735 1670/1670/1670
f 1670/1670/1670 1735/1735/1735 1736/1736/1736
f 1670/1670/1670 1736/1736/1736 1671/1671/1671
f 1671/1671/1671 1736/1736/1736 1737/1737/1737
f 1671/1671/1671 1737/1737/1737 1672/1672/1672
f 1672/1672/1672 1737/1737/1737 1738/1738/1738
f 1672/1672/1672 1738/1738/1738 1673/1673/1673
f 1673/1673/1673 1738/1738/1738 1739/1739/1739
f 1673/1673/1673 1739/1739/1739 1674/1674/1674
f 1674/1674/1674 1739/1739/1739 1740/1740/1740
f 1674/1674/1674 1740/1740/1740 1675/1675/1675
f 1675/1675/1675 1740/1740/1740 1741/1741/1741
f 1675/1675/1675 1741/1741/1741 1676/1676/1676
f 1676/1676/1676 1741/1741/1741 1742/1742/1742
f 1676/1676/1676 1742/1742/1742 1677/1677/1677
f 1677/1677/1677 1742/1742/1742 1743/1743/1743
f 1677/1677/1677 1743/1743/1743 1678/1678/1678
f 1678/1678/1678 1743/1743/1743 1744/1744/1744
f 1678/1678/1678 1744/1744/1744 1679/1679/1679
f 1679/1679/1679 1744/1744/1744 1745/1745/1745
f 1679/1679/1679 1745/1745/1745 1680/1680/1680
f 1680/1680/1680 1745/1745/1745 1746/1746/1746
f 1680/1680/1680 1746/1746/1746 1681/1681/1681
f 1681/1681/1681 1746/1746/1746 1747/1747/1747
f 1681/1681/1681 1747/1747/1747 1682/1682/1682
f 1682/1682/1682 1747/1747/1747 1748/1748/1748
f 1682/1682/1682 1748/1748/1748 1683/1683/1683
f 1683/1683/1683 1748/1748/1748 1749/1749/1749
f 1683/1683/1683 1749/1749/1749 1684/1684/1684
f 1684/1684/1684 1749/1749/1749 1750/1750/1750
f 1684/1684/1684 1750/1750/1750 1685/1685/1685
f 1685/1685/1685 1750/1750/1750 1751/1751/1751
f 1685/1685/1685 1751/1751/1751 1686/1686/1686
f 1686/1686/1686 1751/1751/1751 1752/1752/1752
f 1686/1686/1686 1752/1752/1752 1687/1687/1687
f 1687/1687/1687 1752/1752/1752 1753/1753/1753
f 1687/1687/1687 1753/1753/1753 1688/1688/1688
f 1688/1688/1688 1753/1753/1753 1754/1754/1754
f 1688/1688/1688 1754/1754/1754 1689/1689/1689
f 1689/1689/1689 1754/1754/1754 1755/1755/1755
f 1689/1689/1689 1755/1755/1755 1690/1690/1690
f 1691/1691/1691 1756/1756/1756 1757/1757/1757
f 1691/1691/1691 1757/1757/1757 1692/1692/1692
f 1692/1692/1692 1757/1757/1757 1758/1758/1758
f 1692/1692/1692 1758/1758/1758 1693/1693/1693
f 1693/1693/1693 1758/1758/1758 1759/1759/1759
f 1693/1693/1693 1759/1759/1759 1694/1694/1694
f 1694/1694/1694 1759/1759/1759 1760/1760/1760
f 1694/1694/1694 1760/1760/1760 1695/1695/1695
f 1695/1695/1695 1760/1760/1760 1761/1761/1761
f 1695/1695/1695 1761/1761/1761 1696/1696/1696
f 1696/1696/1696 1761/1761/1761 1762/1762/1762
f 1696/1696/1696 1762/1762/1762 1697/1697/1697
f 1697/1697/1697 1762/1762/1762 1763/1763/1763
f 1697/1697/1697 1763/1763/1763 1698/1698/1698
f 1698/1698/1698 1763/1763/1763 1764/1764/1764
f 1698/1698/1698 1764/1764/1764 1699/1699/1699
f 1699/1699/1699 1764/1764/1764 1765/1765/1765
f 1699/1699/1699 1765/1765/1765 1700/1700/1700
f 1700/1700/1700 1765/1765/1765 1766/1766/1766
f 1700/1700/1700 1766/1766/1766 1701/1701/1701
f 1701/1701/1701 1766/1766/1766 1767/1767/1767
f 1701/1701/1701 1767/1767/1767 1702/1702/1702
f 1702/1702/1702 1767/1767/1767 1768/1768/1768
f 1702/1702/1702 1768/1768/1768 1703/1703/1703
f 1703/1703/1703 1768/1768/1768 1769/1769/1769
f 1703/1703/1703 1769/1769/1769 1704/1704/1704
f 1704/1704/1704 1769/1769/1769 1770/1770/1770
f 1704/1704/1704 1770/1770/1770 1705/1705/1705
f 1705/1705/1705 1770/1770/1770 1771/1771/1771
f 1705/1705/1705 1771/1771/1771 1706/1706/1706
f 1706/1706/1706 1771/1771/1771 1772/1772/1772
f 1706/1706/1706 1772/1772/1772 1707/1707/1707
f 1707/1707/1707 1772/1772/1772 1773/1773/1773
f 1707/1707/1707 1773/1773/1773 1708/1708/1708
f 1708/1708/1708 1773/1773/1773 1774/1774/1774
f 1708/1708/1708 1774/1774/1774 1709/1709/1709
f 1709/1709/1709 1774/1774/1774 1775/1775/1775
f 1709/1709/1709 1775/1775/1775 1710/1710/1710
f 1710/1710/1710 1775/1775/1775 1776/1776/1776
f 1710/1710/1710 1776/1776/1776 1711/1711/1711
f 1711/1711/1711 1776/1776/1776 1777/1777/1777
f 1711/1711/1711 1777/1777/1777 1712/1712/1712
f 1712/1712/1712 1777/1777/1777 1778/1778/1778
f 1712/1712/1712 1778/1778/1778 1713/1713/1713
f 1713/1713/1713 1778/1778/1778 1779/1779/1779
f 1713/1713/1713 1779/1779/1779 1714/1714/1714
f 1714/1714/1714 1779/1779/1779 1780/1780/1780
f 1714/1714/1714 1780/1780/1780 1715/1715/1715
f 1715/1715/1715 1780/1780/1780 1781/1781/1781
f 1715/1715/1715 1781/1781/1781 1716/1716/1716
f 1716/1716/1716 1781/1781/1781 1782/1782/1782
f 1716/1716/1716 1782/1782/1782 1717/1717/1717
f 1717/1717/1717 1782/1782/1782 1783/1783/1783
f 1717/1717/1717 1783/1783/1783 1718/1718/1718
f 1718/1718/1718 1783/1783/1783 1784/1784/1784
f 1718/1718/1718 1784/1784/1784 1719/1719/1719
f 1719/1719/1719 1784/1784/1784 1785/1785/1785
f 1719/1719/1719 1785/1785/1785 1720/1720/1720
f 1720/1720/1720 1785/1785/1785 1786/1786/1786
f 1720/1720/1720 1786/1786/1786 1721/1721/1721
f 1721/1721/1721 1786/1786/1786 1787/1787/1787
f 1721/1721/1721 1787/1787/1787 1722/1722/1722
f 1722/1722/1722 1787/1787/1787 1788/1788/1788
f 1722/1722/1722 1788/1788/1788 1723/1723/1723
f 1723/1723/1723 1788/1788/1788 1789/1789/1789
f 1723/1723/1723 1789/1789/1789 1724/1724/1724
f 1724/1724/1724 1789/1789/1789 1790/1790/1790
f 1724/1724/1724 1790/1790/1790 1725/1725/1725
f 1725/1725/1725 1790/1790/1790 1791/1791/1791
f 1725/1725/1725 1791/1791/1791 1726/1726/1726
f 1726/1726/1726 1791/1791/1791 1792/1792/1792
f 1726/1726/1726 1792/1792/1792 1727/1727/1727
f 1727/1727/1727 1792/1792/1792 1793/1793/1793
f 1727/1727/1727 1793/1793/1793 1728/1728/1728
f 1728/1728/1728 1793/1793/1793 1794/1794/1794
f 1728/1728/1728 1794/1794/1794 1729/1729/1729
f 1729/1729/1729 1794/1794/1794 1795/1795/1795
f 1729/1729/1729 1795/1795/1795 1730/1730/1730
f 1730/1730/1730 1795/1795/1795 1796/1796/1796
f 1730/1730/1730 1796/1796/1796 1731/1731/1731
f 1731/1731/1731 1796/1796/1796 1797/1797/1797
f 1731/1731/1731 1797/1797/1797 1732/1732/1732
f 1732/1732/1732 1797/1797/1797 1798/1798/1798
f 1732/1732/1732 1798/1798/1798 1733/1733/1733
f 1733/1733/1733 1798/1798/1798 1799/1799/1799
f 1733/1733/1733 1799/1799/1799 1734/1734/1734
f 1734/1734/1734 1799/1799/1799 1800/1800/1800
f 1734/1734/1734 1800/1800/1800 1735/1735/1735
f 1735/1735/1735 1800/1800/1800 1801/1801/1801
f 1735/1735/1735 1801/1801/1801 1736/1736/1736
f 1736/1736/1736 1801/1801/1801 1802/1802/1802
f 1736/1736/1736 1802/1802/1802 1737/1737/1737
f 1737/1737/1737 1802/1802/1802 1803/1803/1803
f 1737/1737/1737 1803/1803/1803 1738/1738/1738
f 1738/1738/1738 1803/1803/1803 1804/1804/1804
f 1738/1738/1738 1804/1804/1804 1739/1739/1739
f 1739/1739/1739 1804/1804/1804 1805/1805/1805
f 1739/1739/1739 1805/1805/1805 1740/1740/1740
f 1740/1740/1740 1805/1805/1805 1806/1806/1806
f 1740/1740/1740 1806/1806/1806 1741/1741/1741
f 1741/1741/1741 1806/1806/1806 1807/1807/1807
f 1741/1741/1741 1807/1807/1807 1742/1742/1742
f 1742/1742/1742 1807/1807/1807 1808/1808/1808
f 1742/1742/1742 1808/1808/1808 1743/1743/1743
f 1743/1743/1743 1808/1808/1808 1809/1809/1809
f 1743/1743/1743 1809/1809/1809 1744/1744/1744
f 1744/1744/1744 1809/1809/1809 1810/1810/1810
f 1744/1744/1744 1810/1810/1810 1745/1745/1745
f 1745/1745/1745 1810/1810/1810 1811/1811/1811
f 1745/1745/1745 1811/1811/1811 1746/1746/1746
f 1746/1746/1746 1811/1811/1811 1812/1812/1812
f 1746/1746/1746 1812/1812/1812 1747/1747/1747
f 1747/1747/1747 1812/1812/1812 1813/1813/1813
f 1747/1747/1747 1813/1813/1813 1748/1748/1748
f 1748/1748/1748 1813/1813/1813 1814/1814/1814
f 1748/1748/1748 1814/1814/1814 1749/1749/1749
f 1749/1749/1749 1814/1814/1814 1815/1815/1815
f 1749/1749/1749 1815/1815/1815 1750/1750/1750
f 1750/1750/1750 1815/1815/1815 1816/1816/1816
f 1750/1750/1750 1816/1816/1816 1751/1751/1751
f 1751/1751/1751 1816/1816/1816 1817/1817/1817
f 1751/1751/1751 1817/1817/1817 1752/1752/1752
f 1752/1752/1752 1817/1817/1817 1818/1818/1818
f 1752/1752/1752 1818/1818/1818 1753/1753/1753
f 1753/1753/1753 1818/1818/1818 1819/1819/1819
f 1753/1753/1753 1819/1819/1819 1754/1754/1754
f 1754/1754/1754 1819/1819/1819 1820/1820/1820
f 1754/1754/1754 1820/1820/1820 1755/1755/1755
f 1756/1756/1756 1821/1821/1821 1822/1822/1822
f 1756/1756/1756 1822/1822/1822 1757/1757/1757
f 1757/1757/1757 1822/1822/1822 1823/1823/1823
f 1757/1757/1757 1823/1823/1823 1758/1758/1758
f 1758/1758/1758 1823/1823/1823 1824/1824/1824
f 1758/1758/1758 1824/1824/1824 1759/1759/1759
f 1759/1759/1759 1824/1824/1824 1825/1825/1825
f 1759/1759/1759 1825/1825/1825 1760/1760/1760
f 1760/1760/1760 1825/1825/1825 1826/1826/1826
f 1760/1760/1760 1826/1826/1826 1761/1761/1761
f 1761/1761/1761 1826/1826/1826 1827/1827/1827
f 1761/1761/1761 1827/1827/1827 1762/1762/1762
f 1762/1762/1762 1827/1827/1827 1828/1828/1828
f 1762/1762/1762 1828/1828/1828 1763/1763/1763
f 1763/1763/1763 1828/1828/1828 1829/1829/1829
f 1763/1763/1763 1829/1829/1829 1764/1764/1764
f 1764/1764/1764 1829/1829/1829 1830/1830/1830
f 1764/1764/1764 1830/1830/1830 1765/1765/1765
f 1765/1765/1765 1830/1830/1830 1831/1831/1831
f 1765/1765/1765 1831/1831/1831 1766/1766/1766
f 1766/1766/1766 1831/1831/1831 1832/1832/1832
f 1766/1766/1766 1832/1832/1832 1767/1767/1767
f 1767/1767/1767 1832/1832/1832 1833/1833/1833
f 1767/1767/1767 1833/1833/1833 1768/1768/1768
f 1768/1768/1768 1833/1833/1833 1834/1834/1834
f 1768/1768/1768 1834/1834/1834 1769/1769/1769
f 1769/1769/1769 1834/1834/1834 1835/1835/1835
f 1769/1769/1769 1835/1835/1835 1770/1770/1770
f 1770/1770/1770 1835/1835/1835 1836/1836/1836
f 1770/1770/1770 1836/1836/1836 1771/1771/1771
f 1771/1771/1771 1836/1836/1836 1837/1837/1837
f 1771/1771/1771 1837/1837/1837 1772/1772/1772
f 1772/1772/1772 1837/1837/1837 1838/1838/1838
f 1772/1772/1772 1838/1838/1838 1773/1773/1773
f 1773/1773/1773 1838/1838/1838 1839/1839/1839
f 1773/1773/1773 1839/1839/1839 1774/1774/1774
f 1774/1774/1774 1839/1839/1839 1840/1840/1840
f 1774/1774/1774 1840/1840/1840 1775/1775/1775
f 1775/1775/1775 1840/1840/1840 1841/1841/1841
f 1775/1775/1775 1841/1841/1841 1776/1776/1776
f 1776/1776/1776 1841/1841/1841 1842/1842/1842
f 1776/1776/1776 1842/1842/1842 1777/1777/1777
f 1777/1777/1777 1842/1842/1842 1843/1843/1843
f 1777/1777/1777 1843/1843/1843 1778/1778/1778
f 1778/1778/1778 1843/1843/1843 1844/1844/1844
f 1778/1778/1778 1844/1844/1844 1779/1779/1779
f 1779/1779/1779 1844/1844/1844 1845/1845/1845
f 1779/1779/1779 1845/1845/1845 1780/1780/1780
f 1780/1780/1780 1845/1845/1845 1846/1846/1846
f 1780/1780/1780 1846/1846/1846 1781/1781/1781
f 1781/1781/1781 1846/1846/1846 1847/1847/1847
f 1781/1781/1781 1847/1847/1847 1782/1782/1782
f 1782/1782/1782 1847/1847/1847 1848/1848/1848
f 1782/1782/1782 1848/1848/1848 1783/1783/1783
f 1783/1783/1783 1848/1848/1848 1849/1849/1849
f 1783/1783/1783 1849/1849/1849 1784/1784/1784
f 1784/1784/1784 1849/1849/1849 1850/1850/1850
f 1784/1784/1784 1850/1850/1850 1785/1785/1785
f 1785/1785/1785 1850/1850/1850 1851/1851/1851
f 1785/1785/1785 1851/1851/1851 1786/1786/1786
f 1786/1786/1786 1851/1851/1851 1852/1852/1852
f 1786/1786/1786 1852/1852/1852 1787/1787/1787
f 1787/1787/1787 1852/1852/1852 1853/1853/1853
f 1787/1787/1787 1853/1853/1853 1788/1788/1788
f 1788/1788/1788 1853/1853/1853 1854/1854/1854
f 1788/1788/1788 1854/1854/1854 1789/1789/1789
f 1789/1789/1789 1854/1854/1854 1855/1855/1855
f 1789/1789/1789 1855/1855/1855 1790/1790/1790
f 1790/1790/1790 1855/1855/1855 1856/1856/1856
f 1790/1790/1790 1856/1856/1856 1791/1791/1791
f 1791/1791/1791 1856/1856/1856 1857/1857/1857
f 1791/1791/1791 1857/1857/1857 1792/1792/1792
f 1792/1792/1792 1857/1857/1857 1858/1858/1858
f 1792/1792/1792 1858/1858/1858 1793/1793/1793
f 1793/1793/1793 1858/1858/1858 1859/1859/1859
f 1793/1793/1793 1859/1859/1859 1794/1794/1794
f 1794/1794/1794 1859/1859/1859 1860/1860/1860
f 1794/1794/1794 1860/1860/1860 1795/1795/1795
f 1795/1795/1795 1860/1860/1860 1861/1861/1861
f 1795/1795/1795 1861/1861/1861 1796/1796/1796
f 1796/1796/1796 1861/1861/1861 1862/1862/1862
f 1796/1796/1796 1862/1862/1862 1797/1797/1797
f 1797/1797/1797 1862/1862/1862 1863/1863/1863
f 1797/1797/1797 1863/1863/1863 1798/1798/1798
f 1798/1798/1798 1863/1863/1863 1864/1864/1864
f 1798/1798/1798 1864/1864/1864 1799/1799/1799
f 1799/1799/1799 1864/1864/1864 1865/1865/1865
f 1799/1799/1799 1865/1865/1865 1800/1800/1800
f 1800/1800/1800 1865/1865/1865 1866/1866/1866
f 1800/1800/1800 1866/1866/1866 1801/1801/1801
f 1801/1801/1801 1866/1866/1866 1867/1867/1867
f 1801/1801/1801 1867/1867/1867 1802/1802/1802
f 1802/1802/1802 1867/1867/1867 1868/1868/1868
f 1802/1802/1802 1868/1868/1868 1803/1803/1803
f 1803/1803/1803 1868/1868/1868 1869/1869/1869
f 1803/1803/1803 1869/1869/1869 1804/1804/1804
f 1804/1804/1804 1869/1869/1869 1870/1870/1870
f 1804/1804/1804 1870/1870/1870 1805/1805/1805
f 1805/1805/1805 1870/1870/1870 1871/1871/1871
f 1805/1805/1805 1871/1871/1871 1806/1806/1806
f 1806/1806/1806 1871/1871/1871 1872/1872/1872
f 1806/1806/1806 1872/1872/1872 1807/1807/1807
f 1807/1807/1807 1872/1872/1872 1873/1873/1873
f 1807/1807/1807 1873/1873/1873 1808/1808/1808
f 1808/1808/1808 1873/1873/1873 1874/1874/1874
f 1808/1808/1808 1874/1874/1874 1809/1809/1809
f 1809/1809/1809 1874/1874/1874 1875/1875/1875
f 1809/1809/1809 1875/1875/1875 1810/1810/1810
f 1810/1810/1810 1875/1875/1875 1876/1876/1876
f 1810/1810/1810 1876/1876/1876 1811/1811/1811
f 1811/1811/1811 1876/1876/1876 1877/1877/1877
f 1811/1811/1811 1877/1877/1877 1812/1812/1812
f 1812/1812/1812 1877/1877/1877 1878/1878/1878
f 1812/1812/1812 1878/1878/1878 1813/1813/1813
f 1813/1813/1813 1878/1878/1878 1879/1879/1879
f 1813/1813/1813 1879/1879/1879 1814/1814/1814
f 1814/1814/1814 1879/1879/1879 1880/1880/1880
f 1814/1814/1814 1880/1880/1880 1815/1815/1815
f 1815/1815/1815 1880/1880/1880 1881/1881/1881
f 1815/1815/1815 1881/1881/1881 1816/1816/1816
f 1816/1816/1816 1881/1881/1881 1882/1882/1882
f 1816/1816/1816 1882/1882/1882 1817/1817/1817
f 1817/1817/1817 1882/1882/1882 1883/1883/1883
f 1817/1817/1817 1883/1883/1883 1818/1818/1818
f 1818/1818/1818 1883/1883/1883 1884/1884/1884
f 1818/1818/1818 1884/1884/1884 1819/1819/1819
f 1819/1819/1819 1884/1884/1884 1885/1885/1885
f 1819/1819/1819 1885/1885/1885 1820/1820/1820
f 1821/1821/1821 1886/1886/1886 1887/1887/1887
f 1821/1821/1821 1887/1887/1887 1822/1822/1822
f 1822/1822/1822 1887/1887/1887 1888/1888/1888
f 1822/1822/1822 1888/1888/1888 1823/1823/1823
f 1823/1823/1823 1888/1888/1888 1889/1889/1889
f 1823/1823/1823 1889/1889/1889 1824/1824/1824
f 1824/1824/1824 1889/1889/1889 1890/1890/1890
f 1824/1824/1824 1890/1890/1890 1825/1825/1825
f 1825/1825/1825 1890/1890/1890 1891/1891/1891
f 1825/1825/1825 1891/1891/1891 1826/1826/1826
f 1826/1826/1826 1891/1891/1891 1892/1892/1892
f 1826/1826/1826 1892/1892/1892 1827/1827/1827
f 1827/1827/1827 1892/1892/1892 1893/1893/1893
f 1827/1827/1827 1893/1893/1893 1828/1828/1828
f 1828/1828/1828 1893/1893/1893 1894/1894/1894
f 1828/1828/1828 1894/1894/1894 1829/1829/1829
f 1829/1829/1829 1894/1894/1894 1895/1895/1895
f 1829/1829/1829 1895/1895/1895 1830/1830/1830
f 1830/1830/1830 1895/1895/1895 1896/1896/1896
f 1830/1830/1830 1896/1896/1896 1831/1831/1831
f 1831/1831/1831 1896/1896/1896 1897/1897/1897
f 1831/1831/1831 1897/1897/1897 1832/1832/1832
f 1832/1832/1832 1897/1897/1897 1898/1898/1898
f 1832/1832/1832 1898/1898/1898 1833/1833/1833
f 1833/1833/1833 1898/1898/1898 1899/1899/1899
f 1833/1833/1833 1899/1899/1899 1834/1834/1834
f 1834/1834/1834 1899/1899/1899 1900/1900/1900
f 1834/1834/1834 1900/1900/1900 1835/1835/1835
f 1835/1835/1835 1900/1900/1900 1901/1901/1901
f 1835/1835/1835 1901/1901/1901 1836/1836/1836
f 1836/1836/1836 1901/1901/1901 1902/1902/1902
f 1836/1836/1836 1902/1902/1902 1837/1837/1837
f 1837/1837/1837 1902/1902/1902 1903/1903/1903
f 1837/1837/1837 1903/1903/1903 1838/1838/1838
f 1838/1838/1838 1903/1903/1903 1904/1904/1904
f 1838/1838/1838 1904/1904/1904 1839/1839/1839
f 1839/1839/1839 1904/1904/1904 1905/1905/1905
f 1839/1839/1839 1905/1905/1905 1840/1840/1840
f 1840/1840/1840 1905/1905/1905 1906/1906/1906
f 1840/1840/1840 1906/1906/1906 1841/1841/1841
f 1841/1841/1841 1906/1906/1906 1907/1907/1907
f 1841/1841/1841 1907/1907/1907 1842/1842/1842
f 1842/1842/1842 1907/1907/1907 1908/1908/1908
f 1842/1842/1842 1908/1908/1908 1843/1843/1843
f 1843/1843/1843 1908/1908/1908 1909/1909/1909
f 1843/1843/1843 1909/1909/1909 1844/1844/1844
f 1844/1844/1844 1909/1909/1909 1910/1910/1910
f 1844/1844/1844 1910/1910/1910 1845/1845/1845
f 1845/1845/1845 1910/1910/1910 1911/1911/1911
f 1845/1845/1845 1911/1911/1911 1846/1846/1846
f 1846/1846/1846 1911/1911/1911 1912/1912/1912
f 1846/1846/1846 1912/1912/1912 1847/1847/1847
f 1847/1847/1847 1912/1912/1912 1913/1913/1913
f 1847/1847/1847 1913/1913/1913 1848/1848/1848
f 1848/1848/1848 1913/1913/1913 1914/1914/1914
f 1848/1848/1848 1914/1914/1914 1849/1849/1849
f 1849/1849/1849 1914/1914/1914 1915/1915/1915
f 1849/1849/1849 1915/1915/1915 1850/1850/1850
f 1850/1850/1850 1915/1915/1915 1916/1916/1916
f 1850/1850/1850 1916/1916/1916 1851/1851/1851
f 1851/1851/1851 1916/1916/1916 1917/1917/1917
f 1851/1851/1851 1917/1917/1917 1852/1852/1852
f 1852/1852/1852 1917/1917/1917 1918/1918/1918
f 1852/1852/1852 1918/1918/1918 1853/1853/1853
f 1853/1853/1853 1918/1918/1918 1919/1919/1919
f 1853/1853/1853 1919/1919/1919 1854/1854/1854
f 1854/1854/1854 1919/1919/1919 1920/1920/1920
f 1854/1854/1854 1920/1920/1920 1855/1855/1855
f 1855/1855/1855 1920/1920/1920 1921/1921/1921
f 1855/1855/1855 1921/1921/1921 1856/1856/1856
f 1856/1856/1856 1921/1921/1921 1922/1922/1922
f 1856/1856/1856 1922/1922/1922 1857/1857/1857
f 1857/1857/1857 1922/1922/1922 1923/1923/1923
f 1857/1857/1857 1923/1923/1923 1858/1858/1858
f 1858/1858/1858 1923/1923/1923 1924/1924/1924
f 1858/1858/1858 1924/1924/1924 1859/1859/1859
f 1859/1859/1859 1924/1924/1924 1925/1925/1925
f 1859/1859/1859 1925/1925/1925 1860/1860/1860
f 1860/1860/1860 1925/1925/1925 1926/1926/1926
f 1860/1860/1860 1926/1926/1926 1861/1861/1861
f 1861/1861/1861 1926/1926/1926 1927/1927/1927
f 1861/1861/1861 1927/1927/1927 1862/1862/1862
f 1862/1862/1862 1927/1927/1927 1928/1928/1928
f 1862/1862/1862 1928/1928/1928 1863/1863/1863
f 1863/1863/1863 1928/1928/1928 1929/1929/1929
f 1863/1863/1863 1929/1929/1929 1864/1864/1864
f 1864/1864/1864 1929/1929/1929 1930/1930/1930
f 1864/1864/1864 1930/1930/1930 1865/1865/1865
f 1865/1865/1865 1930/1930/1930 1931/1931/1931
f 1865/1865/1865 1931/1931/1931 1866/1866/1866
f 1866/1866/1866 1931/1931/1931 1932/1932/1932
f 1866/1866/1866 1932/1932/1932 1867/1867/1867
f 1867/1867/1867 1932/1932/1932 1933/1933/1933
f 1867/1867/1867 1933/1933/1933 1868/1868/1868
f 1868/1868/1868 1933/1933/1933 1934/1934/1934
f 1868/1868/1868 1934/1934/1934 1869/1869/1869
f 1869/1869/1869 1934/1934/1934 1935/1935/1935
f 1869/1869/1869 1935/1935/1935 1870/1870/1870
f 1870/1870/1870 1935/1935/1935 1936/1936/1936
f 1870/1870/1870 1936/1936/1936 1871/1871/1871
f 1871/1871/1871 1936/1936/1936 1937/1937/1937
f 1871/1871/1871 1937/1937/1937 1872/1872/1872
f 1872/1872/1872 1937/1937/1937 1938/1938/1938
f 1872/1872/1872 1938/1938/1938 1873/1873/1873
f 1873/1873/1873 1938/1938/1938 1939/1939/1939
f 1873/1873/1873 1939/1939/1939 1874/1874/1874
f 1874/1874/1874 1939/1939/1939 1940/1940/1940
f 1874/1874/1874 1940/1940/1940 1875/1875/1875
f 1875/1875/1875 1940/1940/1940 1941/1941/1941
f 1875/1875/1875 1941/1941/1941 1876/1876/1876
f 1876/1876/1876 1941/1941/1941 1942/1942/1942
f 1876/1876/1876 1942/1942/1942 1877/1877/1877
f 1877/1877/1877 1942/1942/1942 1943/1943/1943
f 1877/1877/1877 1943/1943/1943 1878/1878/1878
f 1878/1878/1878 1943/1943/1943 1944/1944/1944
f 1878/1878/1878 1944/1944/1944 1879/1879/1879
f 1879/1879/1879 1944/1944/1944 1945/1945/1945
f 1879/1879/1879 1945/1945/1945 1880/1880/1880
f 1880/1880/1880 1945/1945/1945 1946/1946/1946
f 1880/1880/1880 1946/1946/1946 1881/1881/1881
f 1881/1881/1881 1946/1946/1946 1947/1947/1947
f 1881/1881/1881 1947/1947/1947 1882/1882/1882
f 1882/1882/1882 1947/1947/1947 1948/1948/1948
f 1882/1882/1882 1948/1948/1948 1883/1883/1883
f 1883/1883/1883 1948/1948/1948 1949/1949/1949
f 1883/1883/1883 1949/1949/1949 1884/1884/1884
f 1884/1884/1884 1949/1949/1949 1950/1950/1950
f 1884/1884/1884 1950/1950/1950 1885/1885/1885
f 1886/1886/1886 1951/1951/1951 1952/1952/1952
f 1886/1886/1886 1952/1952/1952 1887/1887/1887
f 1887/1887/1887 1952/1952/1952 1953/1953/1953
f 1887/1887/1887 1953/1953/1953 1888/1888/1888
f 1888/1888/1888 1953/1953/1953 1954/1954/1954
f 1888/1888/1888 1954/1954/1954 1889/1889/1889
f 1889/1889/1889 1954/1954/1954 1955/1955/1955
f 1889/1889/1889 1955/1955/1955 1890/1890/1890
f 1890/1890/1890 1955/1955/1955 1956/1956/1956
f 1890/1890/1890 1956/1956/1956 1891/1891/1891
f 1891/1891/1891 1956/1956/1956 1957/1957/1957
f 1891/1891/1891 1957/1957/1957 1892/1892/1892
f 1892/1892/1892 1957/1957/1957 1958/1958/1958
f 1892/1892/1892 1958/1958/1958 1893/1893/1893
f 1893/1893/1893 1958/1958/1958 1959/1959/1959
f 1893/1893/1893 1959/1959/1959 1894/1894/1894
f 1894/1894/1894 1959/1959/1959 1960/1960/1960
f 1894/1894/1894 1960/1960/1960 1895/1895/1895
f 1895/1895/1895 1960/1960/1960 1961/1961/1961
f 1895/1895/1895 1961/1961/1961 1896/1896/1896
f 1896/1896/1896 1961/1961/1961 1962/1962/1962
f 1896/1896/1896 1962/1962/1962 1897/1897/1897
f 1897/1897/1897 1962/1962/1962 1963/1963/1963
f 1897/1897/1897 1963/1963/1963 1898/1898/1898
f 1898/1898/1898 1963/1963/1963 1964/1964/1964
f 1898/1898/1898 1964/1964/1964 1899/1899/1899
f 1899/1899/1899 1964/1964/1964 1965/1965/1965
f 1899/1899/1899 1965/1965/1965 1900/1900/1900
f 1900/1900/1900 1965/1965/1965 1966/1966/1966
f 1900/1900/1900 1966/1966/1966 1901/1901/1901
f 1901/1901/1901 1966/1966/1966 1967/1967/1967
f 1901/1901/1901 1967/1967/1967 1902/1902/1902
f 1902/1902/1902 1967/1967/1967 1968/1968/1968
f 1902/1902/1902 1968/1968/1968 1903/1903/1903
f 1903/1903/1903 1968/1968/1968 1969/1969/1969
f 1903/1903/1903 1969/1969/1969 1904/1904/1904
f 1904/1904/1904 1969/1969/1969 1970/1970/1970
f 1904/1904/1904 1970/1970/1970 1905/1905/1905
f 1905/1905/1905 1970/1970/1970 1971/1971/1971
f 1905/1905/1905 1971/1971/1971 1906/1906/1906
f 1906/1906/1906 1971/1971/1971 1972/1972/1972
f 1906/1906/1906 1972/1972/1972 1907/1907/1907
f 1907/1907/1907 1972/1972/1972 1973/1973/1973
f 1907/1907/1907 1973/1973/1973 1908/1908/1908
f 1908/1908/1908 1973/1973/1973 1974/1974/1974
f 1908/1908/1908 1974/1974/1974 1909/1909/1909
f 1909/1909/1909 1974/1974/1974 1975/1975/1975
f 1909/1909/1909 1975/1975/1975 1910/1910/1910
f 1910/1910/1910 1975/1975/1975 1976/1976/1976
f 1910/1910/1910 1976/1976/1976 1911/1911/1911
f 1911/1911/1911 1976/1976/1976 1977/1977/1977
f 1911/1911/1911 1977/1977/1977 1912/1912/1912
f 1912/1912/1912 1977/1977/1977 1978/1978/1978
f 1912/1912/1912 1978/1978/1978 1913/1913/1913
f 1913/1913/1913 1978/1978/1978 1979/1979/1979
f 1913/1913/1913 1979/1979/1979 1914/1914/1914
f 1914/1914/1914 1979/1979/1979 1980/1980/1980
f 1914/1914/1914 1980/1980/1980 1915/1915/1915
f 1915/1915/1915 1980/1980/1980 1981/1981/1981
f 1915/1915/1915 1981/1981/1981 1916/1916/1916
f 1916/1916/1916 1981/1981/1981 1982/1982/1982
f 1916/1916/1916 1982/1982/1982 1917/1917/1917
f 1917/1917/1917 1982/1982/1982 1983/1983/1983
f 1917/1917/1917 1983/1983/1983 1918/1918/1918
f 1918/1918/1918 1983/1983/1983 1984/1984/1984
f 1918/1918/1918 1984/1984/1984 1919/1919/1919
f 1919/1919/1919 1984/1984/1984 1985/1985/1985
f 1919/1919/1919 1985/1985/1985 1920/1920/1920
f 1920/1920/1920 1985/1985/1985 1986/1986/1986
f 1920/1920/1920 1986/1986/1986 1921/1921/1921
f 1921/1921/1921 1986/1986/1986 1987/1987/1987
f 1921/1921/1921 1987/1987/1987 1922/1922/1922
f 1922/1922/1922 1987/1987/1987 1988/1988/1988
f 1922/1922/1922 1988/1988/1988 1923/1923/1923
f 1923/1923/1923 1988/1988/1988 1989/1989/1989
f 1923/1923/1923 1989/1989/1989 1924/1924/1924
f 1924/1924/1924 1989/1989/1989 1990/1990/1990
f 1924/1924/1924 1990/1990/1990 1925/1925/1925
f 1925/1925/1925 1990/1990/1990 1991/1991/1991
f 1925/1925/1925 1991/1991/1991 1926/1926/1926
f 1926/1926/1926 1991/1991/1991 1992/1992/1992
f 1926/1926/1926 1992/1992/1992 1927/1927/1927
f 1927/1927/1927 1992/1992/1992 1993/1993/1993
f 1927/1927/1927 1993/1993/1993 1928/1928/1928
f 1928/1928/1928 1993/1993/1993 1994/1994/1994
f 1928/1928/1928 1994/1994/1994 1929/1929/1929
f 1929/1929/1929 1994/1994/1994 1995/1995/1995
f 1929/1929/1929 1995/1995/1995 1930/1930/1930
f 1930/1930/1930 1995/1995/1995 1996/1996/1996
f 1930/1930/1930 1996/1996/1996 1931/1931/1931
f 1931/1931/1931 1996/1996/1996 1997/1997/1997
f 1931/1931/1931 1997/1997/1997 1932/1932/1932
f 1932/1932/1932 1997/1997/1997 1998/1998/1998
f 1932/1932/1932 1998/1998/1998 1933/1933/1933
f 1933/1933/1933 1998/1998/1998 1999/1999/1999
f 1933/1933/1933 1999/1999/1999 1934/1934/1934
f 1934/1934/1934 1999/1999/1999 2000/2000/2000
f 1934/1934/1934 2000/2000/2000 1935/1935/1935
f 1935/1935/1935 2000/2000/2000 2001/2001/2001
f 1935/1935/1935 2001/2001/2001 1936/1936/1936
f 1936/1936/1936 2001/2001/2001 2002/2002/2002
f 1936/1936/1936 2002/2002/2002 1937/1937/1937
f 1937/1937/1937 2002/2002/2002 2003/2003/2003
f 1937/1937/1937 2003/2003/2003 1938/1938/1938
f 1938/1938/1938 2003/2003/2003 2004/2004/2004
f 1938/1938/1938 2004/2004/2004 1939/1939/1939
f 1939/1939/1939 2004/2004/2004 2005/2005/2005
f 1939/1939/1939 2005/2005/2005 1940/1940/1940
f 1940/1940/1940 2005/2005/2005 2006/2006/2006
f 1940/1940/1940 2006/2006/2006 1941/1941/1941
f 1941/1941/1941 2006/2006/2006 2007/2007/2007
f 1941/1941/1941 2007/2007/2007 1942/1942/1942
f 1942/1942/1942 2007/2007/2007 2008/2008/2008
f 1942/1942/1942 2008/2008/2008 1943/1943/1943
f 1943/1943/1943 2008/2008/2008 2009/2009/2009
f 1943/1943/1943 2009/2009/2009 1944/1944/1944
f 1944/1944/1944 2009/2009/2009 2010/2010/2010
f 1944/1944/1944 2010/2010/2010 1945/1945/1945
f 1945/1945/1945 2010/2010/2010 2011/2011/2011
f 1945/1945/1945 2011/2011/2011 1946/1946/1946
f 1946/1946/1946 2011/2011/2011 2012/2012/2012
f 1946/1946/1946 2012/2012/2012 1947/1947/1947
f 1947/1947/1947 2012/2012/2012 2013/2013/2013
f 1947/1947/1947 2013/2013/2013 1948/1948/1948
f 1948/1948/1948 2013/2013/2013 2014/2014/2014
f 1948/1948/1948 2014/2014/2014 1949/1949/1949
f 1949/1949/1949 2014/2014/2014 2015/2015/2015
f 1949/1949/1949 2015/2015/2015 1950/1950/1950
f 1951/1951/1951 2016/2016/2016 2017/2017/2017
f 1951/1951/1951 2017/2017/2017 1952/1952/1952
f 1952/1952/1952 2017/2017/2017 2018/2018/2018
f 1952/1952/1952 2018/2018/2018 1953/1953/1953
f 1953/1953/1953 2018/2018/2018 2019/2019/2019
f 1953/1953/1953 2019/2019/2019 1954/1954/1954
f 1954/1954/1954 2019/2019/2019 2020/2020/2020
f 1954/1954/1954 2020/2020/2020 1955/1955/1955
f 1955/1955/1955 2020/2020/2020 2021/2021/2021
f 1955/1955/1955 2021/2021/2021 1956/1956/1956
f 1956/1956/1956 2021/2021/2021 2022/2022/2022
f 1956/1956/1956 2022/2022/2022 1957/1957/1957
f 1957/1957/1957 2022/2022/2022 2023/2023/2023
f 1957/1957/1957 2023/2023/2023 1958/1958/1958
f 1958/1958/1958 2023/2023/2023 2024/2024/2024
f 1958/1958/1958 2024/2024/2024 1959/1959/1959
f 1959/1959/1959 2024/2024/2024 2025/2025/2025
f 1959/1959/1959 2025/2025/2025 1960/1960/1960
f 1960/1960/1960 2025/2025/2025 2026/2026/2026
f 1960/1960/1960 2026/2026/2026 1961/1961/1961
f 1961/1961/1961 2026/2026/2026 2027/2027/2027
f 1961/1961/1961 2027/2027/2027 1962/1962/1962
f 1962/1962/1962 2027/2027/2027 2028/2028/2028
f 1962/1962/1962 2028/2028/2028 1963/1963/1963
f 1963/1963/1963 2028/2028/2028 2029/2029/2029
f 1963/1963/1963 2029/2029/2029 1964/1964/1964
f 1964/1964/1964 2029/2029/2029 2030/2030/2030
f 1964/1964/1964 2030/2030/2030 1965/1965/1965
f 1965/1965/1965 2030/2030/2030 2031/2031/2031
f 1965/1965/1965 2031/2031/2031 1966/1966/1966
f 1966/1966/1966 2031/2031/2031 2032/2032/2032
f 1966/1966/1966 2032/2032/2032 1967/1967/1967
f 1967/1967/1967 2032/2032/2032 2033/2033/2033
f 1967/1967/1967 2033/2033/2033 1968/1968/1968
f 1968/1968/1968 2033/2033/2033 2034/2034/2034
f 1968/1968/1968 2034/2034/2034 1969/1969/1969
f 1969/1969/1969 2034/2034/2034 2035/2035/2035
f 1969/1969/1969 2035/2035/2035 1970/1970/1970
f 1970/1970/1970 2035/2035/2035 2036/2036/2036
f 1970/1970/1970 2036/2036/2036 1971/1971/1971
f 1971/1971/1971 2036/2036/2036 2037/2037/2037
f 1971/1971/1971 2037/2037/2037 1972/1972/1972
f 1972/1972/1972 2037/2037/2037 2038/2038/2038
f 1972/1972/1972 2038/2038/2038 1973/1973/1973
f 1973/1973/1973 2038/2038/2038 2039/2039/2039
f 1973/1973/1973 2039/2039/2039 1974/1974/1974
f 1974/1974/1974 2039/2039/2039 2040/2040/2040
f 1974/1974/1974 2040/2040/2040 1975/1975/1975
f 1975/1975/1975 2040/2040/2040 2041/2041/2041
f 1975/1975/1975 2041/2041/2041 1976/1976/1976
f 1976/1976/1976 2041/2041/2041 2042/2042/2042
f 1976/1976/1976 2042/2042/2042 1977/1977/1977
f 1977/1977/1977 2042/2042/2042 2043/2043/2043
f 1977/1977/1977 2043/2043/2043 1978/1978/1978
f 1978/1978/1978 2043/2043/2043 2044/2044/2044
f 1978/1978/1978 2044/2044/2044 1979/1979/1979
f 1979/1979/1979 2044/2044/2044 2045/2045/2045
f 1979/1979/1979 2045/2045/2045 1980/1980/1980
f 1980/1980/1980 2045/2045/2045 2046/2046/2046
f 1980/1980/1980 2046/2046/2046 1981/1981/1981
f 1981/1981/1981 2046/2046/2046 2047/2047/2047
f 1981/1981/1981 2047/2047/2047 1982/1982/1982
f 1982/1982/1982 2047/2047/2047 2048/2048/2048
f 1982/1982/1982 2048/2048/2048 1983/1983/1983
f 1983/1983/1983 2048/2048/2048 2049/2049/2049
f 1983/1983/1983 2049/2049/2049 1984/1984/1984
f 1984/1984/1984 2049/2049/2049 2050/2050/2050
f 1984/1984/1984 2050/2050/2050 1985/1985/1985
f 1985/1985/1985 2050/2050/2050 2051/2051/2051
f 1985/1985/1985 2051/2051/2051 1986/1986/1986
f 1986/1986/1986 2051/2051/2051 2052/2052/2052
f 1986/1986/1986 2052/2052/2052 1987/1987/1987
f 1987/1987/1987 2052/2052/2052 2053/2053/2053
f 1987/1987/1987 2053/2053/2053 1988/1988/1988
f 1988/1988/1988 2053/2053/2053 2054/2054/2054
f 1988/1988/1988 2054/2054/2054 1989/1989/1989
f 1989/1989/1989 2054/2054/2054 2055/2055/2055
f 1989/1989/1989 2055/2055/2055 1990/1990/1990
f 1990/1990/1990 2055/2055/2055 2056/2056/2056
f 1990/1990/1990 2056/2056/2056 1991/1991/1991
f 1991/1991/1991 2056/2056/2056 2057/2057/2057
f 1991/1991/1991 2057/2057/2057 1992/1992/1992
f 1992/1992/1992 2057/2057/2057 2058/2058/2058
f 1992/1992/1992 2058/2058/2058 1993/1993/1993
f 1993/1993/1993 2058/2058/2058 2059/2059/2059
f 1993/1993/1993 2059/2059/2059 1994/1994/1994
f 1994/1994/1994 2059/2059/2059 2060/2060/2060
f 1994/1994/1994 2060/2060/2060 1995/1995/1995
f 1995/1995/1995 2060/2060/2060 2061/2061/2061
f 1995/1995/1995 2061/2061/2061 1996/1996/1996
f 1996/1996/1996 2061/2061/2061 2062/2062/2062
f 1996/1996/1996 2062/2062/2062 1997/1997/1997
f 1997/1997/1997 2062/2062/2062 2063/2063/2063
f 1997/1997/1997 2063/2063/2063 1998/1998/1998
f 1998/1998/1998 2063/2063/2063 2064/2064/2064
f 1998/1998/1998 2064/2064/2064 1999/1999/1999
f 1999/1999/1999 2064/2064/2064 2065/2065/2065
f 1999/1999/1999 2065/2065/2065 2000/2000/2000
f 2000/2000/2000 2065/2065/2065 2066/2066/2066
f 2000/2000/2000 2066/2066/2066 2001/2001/2001
f 2001/2001/2001 2066/2066/2066 2067/2067/2067
f 2001/2001/2001 2067/2067/2067 2002/2002/2002
f 2002/2002/2002 2067/2067/2067 2068/2068/2068
f 2002/2002/2002 2068/2068/2068 2003/2003/2003
f 2003/2003/2003 2068/2068/2068 2069/2069/2069
f 2003/2003/2003 2069/2069/2069 2004/2004/2004
f 2004/2004/2004 2069/2069/2069 2070/2070/2070
f 2004/2004/2004 2070/2070/2070 2005/2005/2005
f 2005/2005/2005 2070/2070/2070 2071/2071/2071
f 2005/2005/2005 2071/2071/2071 2006/2006/2006
f 2006/2006/2006 2071/2071/2071 2072/2072/2072
f 2006/2006/2006 2072/2072/2072 2007/2007/2007
f 2007/2007/2007 2072/2072/2072 2073/2073/2073
f 2007/2007/2007 2073/2073/2073 2008/2008/2008
f 2008/2008/2008 2073/2073/2073 2074/2074/2074
f 2008/2008/2008 2074/2074/2074 2009/2009/2009
f 2009/2009/2009 2074/2074/2074 2075/2075/2075
f 2009/2009/2009 2075/2075/2075 2010/2010/2010
f 2010/2010/2010 2075/2075/2075 2076/2076/2076
f 2010/2010/2010 2076/2076/2076 2011/2011/2011
f 2011/2011/2011 2076/2076/2076 2077/2077/2077
f 2011/2011/2011 2077/2077/2077 2012/2012/2012
f 2012/2012/2012 2077/2077/2077 2078/2078/2078
f 2012/2012/2012 2078/2078/2078 2013/2013/2013
f 2013/2013/2013 2078/2078/2078 2079/2079/2079
f 2013/2013/2013 2079/2079/2079 2014/2014/2014
f 2014/2014/2014 2079/2079/2079 2080/2080/2080
f 2014/2014/2014 2080/2080/2080 2015/2015/2015
f 2016/2016/2016 2081/2081/2081 2082/2082/2082
f 2016/2016/2016 2082/2082/2082 2017/2017/2017
f 2017/2017/2017 2082/2082/2082 2083/2083/2083
f 2017/2017/2017 2083/2083/2083 2018/2018/2018
f 2018/2018/2018 2083/2083/2083 2084/2084/2084
f 2018/2018/2018 2084/2084/2084 2019/2019/2019
f 2019/2019/2019 2084/2084/2084 2085/2085/2085
f 2019/2019/2019 2085/2085/2085 2020/2020/2020
f 2020/2020/2020 2085/2085/2085 2086/2086/2086
f 2020/2020/2020 2086/2086/2086 2021/2021/2021
f 2021/2021/2021 2086/2086/2086 2087/2087/2087
f 2021/2021/2021 2087/2087/2087 2022/2022/2022
f 2022/2022/2022 2087/2087/2087 2088/2088/2088
f 2022/2022/2022 2088/2088/2088 2023/2023/2023
f 2023/2023/2023 2088/2088/2088 2089/2089/2089
f 2023/2023/2023 2089/2089/2089 2024/2024/2024
f 2024/2024/2024 2089/2089/2089 2090/2090/2090
f 2024/2024/2024 2090/2090/2090 2025/2025/2025
f 2025/2025/2025 2090/2090/2090 2091/2091/2091
f 2025/2025/2025 2091/2091/2091 2026/2026/2026
f 2026/2026/2026 2091/2091/2091 2092/2092/2092
f 2026/2026/2026 2092/2092/2092 2027/2027/2027
f 2027/2027/2027 2092/2092/2092 2093/2093/2093
f 2027/2027/2027 2093/2093/2093 2028/2028/2028
f 2028/2028/2028 2093/2093/2093 2094/2094/2094
f 2028/2028/2028 2094/2094/2094 2029/2029/2029
f 2029/2029/2029 2094/2094/2094 2095/2095/2095
f 2029/2029/2029 2095/2095/2095 2030/2030/2030
f 2030/2030/2030 2095/2095/2095 2096/2096/2096
f 2030/2030/2030 2096/2096/2096 2031/2031/2031
f 2031/2031/2031 2096/2096/2096 2097/2097/2097
f 2031/2031/2031 2097/2097/2097 2032/2032/2032
f 2032/2032/2032 2097/2097/2097 2098/2098/2098
f 2032/2032/2032 2098/2098/2098 2033/2033/2033
f 2033/2033/2033 2098/2098/2098 2099/2099/2099
f 2033/2033/2033 2099/2099/2099 2034/2034/2034
f 2034/2034/2034 2099/2099/2099 2100/2100/2100
f 2034/2034/2034 2100/2100/2100 2035/2035/2035
f 2035/2035/2035 2100/2100/2100 2101/2101/2101
f 2035/2035/2035 2101/2101/2101 2036/2036/2036
f 2036/2036/2036 2101/2101/2101 2102/2102/2102
f 2036/2036/2036 2102/2102/2102 2037/2037/2037
f 2037/2037/2037 2102/2102/2102 2103/2103/2103
f 2037/2037/2037 2103/2103/2103 2038/2038/2038
f 2038/2038/2038 2103/2103/2103 2104/2104/2104
f 2038/2038/2038 2104/2104/2104 2039/2039/2039
f 2039/2039/2039 2104/2104/2104 2105/2105/2105
f 2039/2039/2039 2105/2105/2105 2040/2040/2040
f 2040/2040/2040 2105/2105/2105 2106/2106/2106
f 2040/2040/2040 2106/2106/2106 2041/2041/2041
f 2041/2041/2041 2106/2106/2106 2107/2107/2107
f 2041/2041/2041 2107/2107/2107 2042/2042/2042
f 2042/2042/2042 2107/2107/2107 2108/2108/2108
f 2042/2042/2042 2108/2108/2108 2043/2043/2043
f 2043/2043/2043 2108/2108/2108 2109/2109/2109
f 2043/2043/2043 2109/2109/2109 2044/2044/2044
f 2044/2044/2044 2109/2109/2109 2110/2110/2110
f 2044/2044/2044 2110/2110/2110 2045/2045/2045
f 2045/2045/2045 2110/2110/2110 2111/2111/2111
f 2045/2045/2045 2111/2111/2111 2046/2046/2046
f 2046/2046/2046 2111/2111/2111 2112/2112/2112
f 2046/2046/2046 2112/2112/2112 2047/2047/2047
f 2047/2047/2047 2112/2112/2112 2113/2113/2113
f 2047/2047/2047 2113/2113/2113 2048/2048/2048
f 2048/2048/2048 2113/2113/2113 2114/2114/2114
f 2048/2048/2048 2114/2114/2114 2049/2049/2049
f 2049/2049/2049 2114/2114/2114 2115/2115/2115
f 2049/2049/2049 2115/2115/2115 2050/2050/2050
f 2050/2050/2050 2115/2115/2115 2116/2116/2116
f 2050/2050/2050 2116/2116/2116 2051/2051/2051
f 2051/2051/2051 2116/2116/2116 2117/2117/2117
f 2051/2051/2051 2117/2117/2117 2052/2052/2052
f 2052/2052/2052 2117/2117/2117 2118/2118/2118
f 2052/2052/2052 2118/2118/2118 2053/2053/2053
f 2053/2053/2053 2118/2118/2118 2119/2119/2119
f 2053/2053/2053 2119/2119/2119 2054/2054/2054
f 2054/2054/2054 2119/2119/2119 2120/2120/2120
f 2054/2054/2054 2120/2120/2120 2055/2055/2055
f 2055/2055/2055 2120/2120/2120 2121/2121/2121
f 2055/2055/2055 2121/2121/2121 2056/2056/2056
f 2056/2056/2056 2121/2121/2121 2122/2122/2122
f 2056/2056/2056 2122/2122/2122 2057/2057/2057
f 2057/2057/2057 2122/2122/2122 2123/2123/2123
f 2057/2057/2057 2123/2123/2123 2058/2058/2058
f 2058/2058/2058 2123/2123/2123 2124/2124/2124
f 2058/2058/2058 2124/2124/2124 2059/2059/2059
f 2059/2059/2059 2124/2124/2124 2125/2125/2125
f 2059/2059/2059 2125/2125/2125 2060/2060/2060
f 2060/2060/2060 2125/2125/2125 2126/2126/2126
f 2060/2060/2060 2126/2126/2126 2061/2061/2061
f 2061/2061/2061 2126/2126/2126 2127/2127/2127
f 2061/2061/2061 2127/2127/2127 2062/2062/2062
f 2062/2062/2062 2127/2127/2127 2128/2128/2128
f 2062/2062/2062 2128/2128/2128 2063/2063/2063
f 2063/2063/2063 2128/2128/2128 2129/2129/2129
f 2063/2063/2063 2129/2129/2129 2064/2064/2064
f 2064/2064/2064 2129/2129/2129 2130/2130/2130
f 2064/2064/2064 2130/2130/2130 2065/2065/2065
f 2065/2065/2065 2130/2130/2130 2131/2131/2131
f 2065/2065/2065 2131/2131/2131 2066/2066/2066
f 2066/2066/2066 2131/2131/2131 2132/2132/2132
f 2066/2066/2066 2132/2132/2132 2067/2067/2067
f 2067/2067/2067 2132/2132/2132 2133/2133/2133
f 2067/2067/2067 2133/2133/2133 2068/2068/2068
f 2068/2068/2068 2133/2133/2133 2134/2134/2134
f 2068/2068/2068 2134/2134/2134 2069/2069/2069
f 2069/2069/2069 2134/2134/2134 2135/2135/2135
f 2069/2069/2069 2135/2135/2135 2070/2070/2070
f 2070/2070/2070 2135/2135/2135 2136/2136/2136
f 2070/2070/2070 2136/2136/2136 2071/2071/2071
f 2071/2071/2071 2136/2136/2136 2137/2137/2137
f 2071/2071/2071 2137/2137/2137 2072/2072/2072
f 2072/2072/2072 2137/2137/2137 2138/2138/2138
f 2072/2072/2072 2138/2138/2138 2073/2073/2073
f 2073/2073/2073 2138/2138/2138 2139/2139/2139
f 2073/2073/2073 2139/2139/2139 2074/2074/2074
f 2074/2074/2074 2139/2139/2139 2140/2140/2140
f 2074/2074/2074 2140/2140/2140 2075/2075/2075
f 2075/2075/2075 2140/2140/2140 2141/2141/2141
f 2075/2075/2075 2141/2141/2141 2076/2076/2076
f 2076/2076/2076 2141/2141/2141 2142/2142/2142
f 2076/2076/2076 2142/2142/2142 2077/2077/2077
f 2077/2077/2077 2142/2142/2142 2143/2143/2143
f 2077/2077/2077 2143/2143/2143 2078/2078/2078
f 2078/2078/2078 2143/2143/2143 2144/2144/2144
f 2078/2078/2078 2144/2144/2144 2079/2079/2079
f 2079/2079/2079 2144/2144/2144 2145/2145/2145
f 2079/2079/2079 2145/2145/2145 2080/2080/2080
f 2081/2081/2081 2146/2146/2146 2147/2147/2147
f 2081/2081/2081 2147/2147/2147 2082/2082/2082
f 2082/2082/2082 2147/2147/2147 2148/2148/2148
f 2082/2082/2082 2148/2148/2148 2083/2083/2083
f 2083/2083/2083 2148/2148/2148 2149/2149/2149
f 2083/2083/2083 2149/2149/2149 2084/2084/2084
f 2084/2084/2084 2149/2149/2149 2150/2150/2150
f 2084/2084/2084 2150/2150/2150 2085/2085/2085
f 2085/2085/2085 2150/2150/2150 2151/2151/2151
f 2085/2085/2085 2151/2151/2151 2086/2086/2086
f 2086/2086/2086 2151/2151/2151 2152/2152/2152
f 2086/2086/2086 2152/2152/2152 2087/2087/2087
f 2087/2087/2087 2152/2152/2152 2153/2153/2153
f 2087/2087/2087 2153/2153/2153 2088/2088/2088
f 2088/2088/2088 2153/2153/2153 2154/2154/2154
f 2088/2088/2088 2154/2154/2154 2089/2089/2089
f 2089/2089/2089 2154/2154/2154 2155/2155/2155
f 2089/2089/2089 2155/2155/2155 2090/2090/2090
f 2090/2090/2090 2155/2155/2155 2156/2156/2156
f 2090/2090/2090 2156/2156/2156 2091/2091/2091
f 2091/2091/2091 2156/2156/2156 2157/2157/2157
f 2091/2091/2091 2157/2157/2157 2092/2092/2092
f 2092/2092/2092 2157/2157/2157 2158/2158/2158
f 2092/2092/2092 2158/2158/2158 2093/2093/2093
f 2093/2093/2093 2158/2158/2158 2159/2159/2159
f 2093/2093/2093 2159/2159/2159 2094/2094/2094
f 2094/2094/2094 2159/2159/2159 2160/2160/2160
f 2094/2094/2094 2160/2160/2160 2095/2095/2095
f 2095/2095/2095 2160/2160/2160 2161/2161/2161
f 2095/2095/2095 2161/2161/2161 2096/2096/2096
f 2096/2096/2096 2161/2161/2161 2162/2162/2162
f 2096/2096/2096 2162/2162/2162 2097/2097/2097
f 2097/2097/2097 2162/2162/2162 2163/2163/2163
f 2097/2097/2097 2163/2163/2163 2098/2098/2098
f 2098/2098/2098 2163/2163/2163 2164/2164/2164
f 2098/2098/2098 2164/2164/2164 2099/2099/2099
f 2099/2099/2099 2164/2164/2164 2165/2165/2165
f 2099/2099/2099 2165/2165/2165 2100/2100/2100
f 2100/2100/2100 2165/2165/2165 2166/2166/2166
f 2100/2100/2100 2166/2166/2166 2101/2101/2101
f 2101/2101/2101 2166/2166/2166 2167/2167/2167
f 2101/2101/2101 2167/2167/2167 2102/2102/2102
f 2102/2102/2102 2167/2167/2167 2168/2168/2168
f 2102/2102/2102 2168/2168/2168 2103/2103/2103
f 2103/2103/2103 2168/2168/2168 2169/2169/2169
f 2103/2103/2103 2169/2169/2169 2104/2104/2104
f 2104/2104/2104 2169/2169/2169 2170/2170/2170
f 2104/2104/2104 2170/2170/2170 2105/2105/2105
f 2105/2105/2105 2170/2170/2170 2171/2171/2171
f 2105/2105/2105 2171/2171/2171 2106/2106/2106
f 2106/2106/2106 2171/2171/2171 2172/2172/2172
f 2106/2106/2106 2172/2172/2172 2107/2107/2107
f 2107/2107/2107 2172/2172/2172 2173/2173/2173
f 2107/2107/2107 2173/2173/2173 2108/2108/2108
f 2108/2108/2108 2173/2173/2173 2174/2174/2174
f 2108/2108/2108 2174/2174/2174 2109/2109/2109
f 2109/2109/2109 2174/2174/2174 2175/2175/2175
f 2109/2109/2109 2175/2175/2175 2110/2110/2110
f 2110/2110/2110 2175/2175/2175 2176/2176/2176
f 2110/2110/2110 2176/2176/2176 2111/2111/2111
f 2111/2111/2111 2176/2176/2176 2177/2177/2177
f 2111/2111/2111 2177/2177/2177 2112/2112/2112
f 2112/2112/2112 2177/2177/2177 2178/2178/2178
f 2112/2112/2112 2178/2178/2178 2113/2113/2113
f 2113/2113/2113 2178/2178/2178 2179/2179/2179
f 2113/2113/2113 2179/2179/2179 2114/2114/2114
f 2114/2114/2114 2179/2179/2179 2180/2180/2180
f 2114/2114/2114 2180/2180/2180 2115/2115/2115
f 2115/2115/2115 2180/2180/2180 2181/2181/2181
f 2115/2115/2115 2181/2181/2181 2116/2116/2116
f 2116/2116/2116 2181/2181/2181 2182/2182/2182
f 2116/2116/2116 2182/2182/2182 2117/2117/2117
f 2117/2117/2117 2182/2182/2182 2183/2183/2183
f 2117/2117/2117 2183/2183/2183 2118/2118/2118
f 2118/2118/2118 2183/2183/2183 2184/2184/2184
f 2118/2118/2118 2184/2184/2184 2119/2119/2119
f 2119/2119/2119 2184/2184/2184 2185/2185/2185
f 2119/2119/2119 2185/2185/2185 2120/2120/2120
f 2120/2120/2120 2185/2185/2185 2186/2186/2186
f 2120/2120/2120 2186/2186/2186 2121/2121/2121
f 2121/2121/2121 2186/2186/2186 2187/2187/2187
f 2121/2121/2121 2187/2187/2187 2122/2122/2122
f 2122/2122/2122 2187/2187/2187 2188/2188/2188
f 2122/2122/2122 2188/2188/2188 2123/2123/2123
f 2123/2123/2123 2188/2188/2188 2189/2189/2189
f 2123/2123/2123 2189/2189/2189 2124/2124/2124
f 2124/2124/2124 2189/2189/2189 2190/2190/2190
f 2124/2124/2124 2190/2190/2190 2125/2125/2125
f 2125/2125/2125 2190/2190/2190 2191/2191/2191
f 2125/2125/2125 2191/2191/2191 2126/2126/2126
f 2126/2126/2126 2191/2191/2191 2192/2192/2192
f 2126/2126/2126 2192/2192/2192 2127/2127/2127
f 2127/2127/2127 2192/2192/2192 2193/2193/2193
f 2127/2127/2127 2193/2193/2193 2128/2128/2128
f 2128/2128/2128 2193/2193/2193 2194/2194/2194
f 2128/2128/2128 2194/2194/2194 2129/2129/2129
f 2129/2129/2129 2194/2194/2194 2195/2195/2195
f 2129/2129/2129 2195/2195/2195 2130/2130/2130
f 2130/2130/2130 2195/2195/2195 2196/2196/2196
f 2130/2130/2130 2196/2196/2196 2131/2131/2131
f 2131/2131/2131 2196/2196/2196 2197/2197/2197
f 2131/2131/2131 2197/2197/2197 2132/2132/2132
f 2132/2132/2132 2197/2197/2197 2198/2198/2198
f 2132/2132/2132 2198/2198/2198 2133/2133/2133
f 2133/2133/2133 2198/2198/2198 2199/2199/2199
f 2133/2133/2133 2199/2199/2199 2134/2134/2134
f 2134/2134/2134 2199/2199/2199 2200/2200/2200
f 2134/2134/2134 2200/2200/2200 2135/2135/2135
f 2135/2135/2135 2200/2200/2200 2201/2201/2201
f 2135/2135/2135 2201/2201/2201 2136/2136/2136
f 2136/2136/2136 2201/2201/2201 2202/2202/2202
f 2136/2136/2136 2202/2202/2202 2137/2137/2137
f 2137/2137/2137 2202/2202/2202 2203/2203/2203
f 2137/2137/2137 2203/2203/2203 2138/2138/2138
f 2138/2138/2138 2203/2203/2203 2204/2204/2204
f 2138/2138/2138 2204/2204/2204 2139/2139/2139
f 2139/2139/2139 2204/2204/2204 2205/2205/2205
f 2139/2139/2139 2205/2205/2205 2140/2140/2140
f 2140/2140/2140 2205/2205/2205 2206/2206/2206
f 2140/2140/2140 2206/2206/2206 2141/2141/2141
f 2141/2141/2141 2206/2206/2206 2207/2207/2207
f 2141/2141/2141 2207/2207/2207 2142/2142/2142
f 2142/2142/2142 2207/2207/2207 2208/2208/2208
f 2142/2142/2142 2208/2208/2208 2143/2143/2143
f 2143/2143/2143 2208/2208/2208 2209/2209/2209
f 2143/2143/2143 2209/2209/2209 2144/2144/2144
f 2144/2144/2144 2209/2209/2209 2210/2210/2210
f 2144/2144/2144 2210/2210/2210 2145/2145/2145
f 2146/2146/2146 2211/2211/2211 2212/2212/2212
f 2146/2146/2146 2212/2212/2212 2147/2147/2147
f 2147/2147/2147 2212/2212/2212 2213/2213/2213
f 2147/2147/2147 2213/2213/2213 2148/2148/2148
f 2148/2148/2148 2213/2213/2213 2214/2214/2214
f 2148/2148/2148 2214/2214/2214 2149/2149/2149
f 2149/2149/2149 2214/2214/2214 2215/2215/2215
f 2149/2149/2149 2215/2215/2215 2150/2150/2150
f 2150/2150/2150 2215/2215/2215 2216/2216/2216
f 2150/2150/2150 2216/2216/2216 2151/2151/2151
f 2151/2151/2151 2216/2216/2216 2217/2217/2217
f 2151/2151/2151 2217/2217/2217 2152/2152/2152
f 2152/2152/2152 2217/2217/2217 2218/2218/2218
f 2152/2152/2152 2218/2218/2218 2153/2153/2153
f 2153/2153/2153 2218/2218/2218 2219/2219/2219
f 2153/2153/2153 2219/2219/2219 2154/2154/2154
f 2154/2154/2154 2219/2219/2219 2220/2220/2220
f 2154/2154/2154 2220/2220/2220 2155/2155/2155
f 2155/2155/2155 2220/2220/2220 2221/2221/2221
f 2155/2155/2155 2221/2221/2221 2156/2156/2156
f 2156/2156/2156 2221/2221/2221 2222/2222/2222
f 2156/2156/2156 2222/2222/2222 2157/2157/2157
f 2157/2157/2157 2222/2222/2222 2223/2223/2223
f 2157/2157/2157 2223/2223/2223 2158/2158/2158
f 2158/2158/2158 2223/2223/2223 2224/2224/2224
f 2158/2158/2158 2224/2224/2224 2159/2159/2159
f 2159/2159/2159 2224/2224/2224 2225/2225/2225
f 2159/2159/2159 2225/2225/2225 2160/2160/2160
f 2160/2160/2160 2225/2225/2225 2226/2226/2226
f 2160/2160/2160 2226/2226/2226 2161/2161/2161
f 2161/2161/2161 2226/2226/2226 2227/2227/2227
f 2161/2161/2161 2227/2227/2227 2162/2162/2162
f 2162/2162/2162 2227/2227/2227 2228/2228/2228
f 2162/2162/2162 2228/2228/2228 2163/2163/2163
f 2163/2163/2163 2228/2228/2228 2229/2229/2229
f 2163/2163/2163 2229/2229/2229 2164/2164/2164
f 2164/2164/2164 2229/2229/2229 2230/2230/2230
f 2164/2164/2164 2230/2230/2230 2165/2165/2165
f 2165/2165/2165 2230/2230/2230 2231/2231/2231
f 2165/2165/2165 2231/2231/2231 2166/2166/2166
f 2166/2166/2166 2231/2231/2231 2232/2232/2232
f 2166/2166/2166 2232/2232/2232 2167/2167/2167
f 2167/2167/2167 2232/2232/2232 2233/2233/2233
f 2167/2167/2167 2233/2233/2233 2168/2168/2168
f 2168/2168/2168 2233/2233/2233 2234/2234/2234
f 2168/2168/2168 2234/2234/2234 2169/2169/2169
f 2169/2169/2169 2234/2234/2234 2235/2235/2235
f 2169/2169/2169 2235/2235/2235 2170/2170/2170
f 2170/2170/2170 2235/2235/2235 2236/2236/2236
f 2170/2170/2170 2236/2236/2236 2171/2171/2171
f 2171/2171/2171 2236/2236/2236 2237/2237/2237
f 2171/2171/2171 2237/2237/2237 2172/2172/2172
f 2172/2172/2172 2237/2237/2237 2238/2238/2238
f 2172/2172/2172 2238/2238/2238 2173/2173/2173
f 2173/2173/2173 2238/2238/2238 2239/2239/2239
f 2173/2173/2173 2239/2239/2239 2174/2174/2174
f 2174/2174/2174 2239/2239/2239 2240/2240/2240
f 2174/2174/2174 2240/2240/2240 2175/2175/2175
f 2175/2175/2175 2240/2240/2240 2241/2241/2241
f 2175/2175/2175 2241/2241/2241 2176/2176/2176
f 2176/2176/2176 2241/2241/2241 2242/2242/2242
f 2176/2176/2176 2242/2242/2242 2177/2177/2177
f 2177/2177/2177 2242/2242/2242 2243/2243/2243
f 2177/2177/2177 2243/2243/2243 2178/2178/2178
f 2178/2178/2178 2243/2243/2243 2244/2244/2244
f 2178/2178/2178 2244/2244/2244 2179/2179/2179
f 2179/2179/2179 2244/2244/2244 2245/2245/2245
f 2179/2179/2179 2245/2245/2245 2180/2180/2180
f 2180/2180/2180 2245/2245/2245 2246/2246/2246
f 2180/2180/2180 2246/2246/2246 2181/2181/2181
f 2181/2181/2181 2246/2246/2246 2247/2247/2247
f 2181/2181/2181 2247/2247/2247 2182/2182/2182
f 2182/2182/2182 2247/2247/2247 2248/2248/2248
f 2182/2182/2182 2248/2248/2248 2183/2183/2183
f 2183/2183/2183 2248/2248/2248 2249/2249/2249
f 2183/2183/2183 2249/2249/2249 2184/2184/2184
f 2184/2184/2184 2249/2249/2249 2250/2250/2250
f 2184/2184/2184 2250/2250/2250 2185/2185/2185
f 2185/2185/2185 2250/2250/2250 2251/2251/2251
f 2185/2185/2185 2251/2251/2251 2186/2186/2186
f 2186/2186/2186 2251/2251/2251 2252/2252/2252
f 2186/2186/2186 2252/2252/2252 2187/2187/2187
f 2187/2187/2187 2252/2252/2252 2253/2253/2253
f 2187/2187/2187 2253/2253/2253 2188/2188/2188
f 2188/2188/2188 2253/2253/2253 2254/2254/2254
f 2188/2188/2188 2254/2254/2254 2189/2189/2189
f 2189/2189/2189 2254/2254/2254 2255/2255/2255
f 2189/2189/2189 2255/2255/2255 2190/2190/2190
f 2190/2190/2190 2255/2255/2255 2256/2256/2256
f 2190/2190/2190 2256/2256/2256 2191/2191/2191
f 2191/2191/2191 2256/2256/2256 2257/2257/2257
f 2191/2191/2191 2257/2257/2257 2192/2192/2192
f 2192/2192/2192 2257/2257/2257 2258/2258/2258
f 2192/2192/2192 2258/2258/2258 2193/2193/2193
f 2193/2193/2193 2258/2258/2258 2259/2259/2259
f 2193/2193/2193 2259/2259/2259 2194/2194/2194
f 2194/2194/2194 2259/2259/2259 2260/2260/2260
f 2194/2194/2194 2260/2260/2260 2195/2195/2195
f 2195/2195/2195 2260/2260/2260 2261/2261/2261
f 2195/2195/2195 2261/2261/2261 2196/2196/2196
f 2196/2196/2196 2261/2261/2261 2262/2262/2262
f 2196/2196/2196 2262/2262/2262 2197/2197/2197
f 2197/2197/2197 2262/2262/2262 2263/2263/2263
f 2197/2197/2197 2263/2263/2263 2198/2198/2198
f 2198/2198/2198 2263/2263/2263 2264/2264/2264
f 2198/2198/2198 2264/2264/2264 2199/2199/2199
f 2199/2199/2199 2264/2264/2264 2265/2265/2265
f 2199/2199/2199 2265/2265/2265 2200/2200/2200
f 2200/2200/2200 2265/2265/2265 2266/2266/2266
f 2200/2200/2200 2266/2266/2266 2201/2201/2201
f 2201/2201/2201 2266/2266/2266 2267/2267/2267
f 2201/2201/2201 2267/2267/2267 2202/2202/2202
f 2202/2202/2202 2267/2267/2267 2268/2268/2268
f 2202/2202/2202 2268/2268/2268 2203/2203/2203
f 2203/2203/2203 2268/2268/2268 2269/2269/2269
f 2203/2203/2203 2269/2269/2269 2204/2204/2204
f 2204/2204/2204 2269/2269/2269 2270/2270/2270
f 2204/2204/2204 2270/2270/2270 2205/2205/2205
f 2205/2205/2205 2270/2270/2270 2271/2271/2271
f 2205/2205/2205 2271/2271/2271 2206/2206/2206
f 2206/2206/2206 2271/2271/2271 2272/2272/2272
f 2206/2206/2206 2272/2272/2272 2207/2207/2207
f 2207/2207/2207 2272/2272/2272 2273/2273/2273
f 2207/2207/2207 2273/2273/2273 2208/2208/2208
f 2208/2208/2208 2273/2273/2273 2274/2274/2274
f 2208/2208/2208 2274/2274/2274 2209/2209/2209
f 2209/2209/2209 2274/2274/2274 2275/2275/2275
f 2209/2209/2209 2275/2275/2275 2210/2210/2210
f 2211/2211/2211 2276/2276/2276 2277/2277/2277
f 2211/2211/2211 2277/2277/2277 2212/2212/2212
f 2212/2212/2212 2277/2277/2277 2278/2278/2278
f 2212/2212/2212 2278/2278/2278 2213/2213/2213
f 2213/2213/2213 2278/2278/2278 2279/2279/2279
f 2213/2213/2213 2279/2279/2279 2214/2214/2214
f 2214/2214/2214 2279/2279/2279 2280/2280/2280
f 2214/2214/2214 2280/2280/2280 2215/2215/2215
f 2215/2215/2215 2280/2280/2280 2281/2281/2281
f 2215/2215/2215 2281/2281/2281 2216/2216/2216
f 2216/2216/2216 2281/2281/2281 2282/2282/2282
f 2216/2216/2216 2282/2282/2282 2217/2217/2217
f 2217/2217/2217 2282/2282/2282 2283/2283/2283
f 2217/2217/2217 2283/2283/2283 2218/2218/2218
f 2218/2218/2218 2283/2283/2283 2284/2284/2284
f 2218/2218/2218 2284/2284/2284 2219/2219/2219
f 2219/2219/2219 2284/2284/2284 2285/2285/2285
f 2219/2219/2219 2285/2285/2285 2220/2220/2220
f 2220/2220/2220 2285/2285/2285 2286/2286/2286
f 2220/2220/2220 2286/2286/2286 2221/2221/2221
f 2221/2221/2221 2286/2286/2286 2287/2287/2287
f 2221/2221/2221 2287/2287/2287 2222/2222/2222
f 2222/2222/2222 2287/2287/2287 2288/2288/2288
f 2222/2222/2222 2288/2288/2288 2223/2223/2223
f 2223/2223/2223 2288/2288/2288 2289/2289/2289
f 2223/2223/2223 2289/2289/2289 2224/2224/2224
f 2224/2224/2224 2289/2289/2289 2290/2290/2290
f 2224/2224/2224 2290/2290/2290 2225/2225/2225
f 2225/2225/2225 2290/2290/2290 2291/2291/2291
f 2225/2225/2225 2291/2291/2291 2226/2226/2226
f 2226/2226/2226 2291/2291/2291 2292/2292/2292
f 2226/2226/2226 2292/2292/2292 2227/2227/2227
f 2227/2227/2227 2292/2292/2292 2293/2293/2293
f 2227/2227/2227 2293/2293/2293 2228/2228/2228
f 2228/2228/2228 2293/2293/2293 2294/2294/2294
f 2228/2228/2228 2294/2294/2294 2229/2229/2229
f 2229/2229/2229 2294/2294/2294 2295/2295/2295
f 2229/2229/2229 2295/2295/2295 2230/2230/2230
f 2230/2230/2230 2295/2295/2295 2296/2296/2296
f 2230/2230/2230 2296/2296/2296 2231/2231/2231
f 2231/2231/2231 2296/2296/2296 2297/2297/2297
f 2231/2231/2231 2297/2297/2297 2232/2232/2232
f 2232/2232/2232 2297/2297/2297 2298/2298/2298
f 2232/2232/2232 2298/2298/2298 2233/2233/2233
f 2233/2233/2233 2298/2298/2298 2299/2299/2299
f 2233/2233/2233 2299/2299/2299 2234/2234/2234
f 2234/2234/2234 2299/2299/2299 2300/2300/2300
f 2234/2234/2234 2300/2300/2300 2235/2235/2235
f 2235/2235/2235 2300/2300/2300 2301/2301/2301
f 2235/2235/2235 2301/2301/2301 2236/2236/2236
f 2236/2236/2236 2301/2301/2301 2302/2302/2302
f 2236/2236/2236 2302/2302/2302 2237/2237/2237
f 2237/2237/2237 2302/2302/2302 2303/2303/2303
f 2237/2237/2237 2303/2303/2303 2238/2238/2238
f 2238/2238/2238 2303/2303/2303 2304/2304/2304
f 2238/2238/2238 2304/2304/2304 2239/2239/2239
f 2239/2239/2239 2304/2304/2304 2305/2305/2305
f 2239/2239/2239 2305/2305/2305 2240/2240/2240
f 2240/2240/2240 2305/2305/2305 2306/2306/2306
f 2240/2240/2240 2306/2306/2306 2241/2241/2241
f 2241/2241/2241 2306/2306/2306 2307/2307/2307
f 2241/2241/2241 2307/2307/2307 2242/2242/2242
f 2242/2242/2242 2307/2307/2307 2308/2308/2308
f 2242/2242/2242 2308/2308/2308 2243/2243/2243
f 2243/2243/2243 2308/2308/2308 2309/2309/2309
f 2243/2243/2243 2309/2309/2309 2244/2244/2244
f 2244/2244/2244 2309/2309/2309 2310/2310/2310
f 2244/2244/2244 2310/2310/2310 2245/2245/2245
f 2245/2245/2245 2310/2310/2310 2311/2311/2311
f 2245/2245/2245 2311/2311/2311 2246/2246/2246
f 2246/2246/2246 2311/2311/2311 2312/2312/2312
f 2246/2246/2246 2312/2312/2312 2247/2247/2247
f 2247/2247/2247 2312/2312/2312 2313/2313/2313
f 2247/2247/2247 2313/2313/2313 2248/2248/2248
f 2248/2248/2248 2313/2313/2313 2314/2314/2314
f 2248/2248/2248 2314/2314/2314 2249/2249/2249
f 2249/2249/2249 2314/2314/2314 2315/2315/2315
f 2249/2249/2249 2315/2315/2315 2250/2250/2250
f 2250/2250/2250 2315/2315/2315 2316/2316/2316
f 2250/2250/2250 2316/2316/2316 2251/2251/2251
f 2251/2251/2251 2316/2316/2316 2317/2317/2317
f 2251/2251/2251 2317/2317/2317 2252/2252/2252
f 2252/2252/2252 2317/2317/2317 2318/2318/2318
f 2252/2252/2252 2318/2318/2318 2253/2253/2253
f 2253/2253/2253 2318/2318/2318 2319/2319/2319
f 2253/2253/2253 2319/2319/2319 2254/2254/2254
f 2254/2254/2254 2319/2319/2319 2320/2320/2320
f 2254/2254/2254 2320/2320/2320 2255/2255/2255
f 2255/2255/2255 2320/2320/2320 2321/2321/2321
f 2255/2255/2255 2321/2321/2321 2256/2256/2256
f 2256/2256/2256 2321/2321/2321 2322/2322/2322
f 2256/2256/2256 2322/2322/2322 2257/2257/2257
f 2257/2257/2257 2322/2322/2322 2323/2323/2323
f 2257/2257/2257 2323/2323/2323 2258/2258/2258
f 2258/2258/2258 2323/2323/2323 2324/2324/2324
f 2258/2258/2258 2324/2324/2324 2259/2259/2259
f 2259/2259/2259 2324/2324/2324 2325/2325/2325
f 2259/2259/2259 2325/2325/2325 2260/2260/2260
f 2260/2260/2260 2325/2325/2325 2326/2326/2326
f 2260/2260/2260 2326/2326/2326 2261/2261/2261
f 2261/2261/2261 2326/2326/2326 2327/2327/2327
f 2261/2261/2261 2327/2327/2327 2262/2262/2262
f 2262/2262/2262 2327/2327/2327 2328/2328/2328
f 2262/2262/2262 2328/2328/2328 2263/2263/2263
f 2263/2263/2263 2328/2328/2328 2329/2329/2329
f 2263/2263/2263 2329/2329/2329 2264/2264/2264
f 2264/2264/2264 2329/2329/2329 2330/2330/2330
f 2264/2264/2264 2330/2330/2330 2265/2265/2265
f 2265/2265/2265 2330/2330/2330 2331/2331/2331
f 2265/2265/2265 2331/2331/2331 2266/2266/2266
f 2266/2266/2266 2331/2331/2331 2332/2332/2332
f 2266/2266/2266 2332/2332/2332 2267/2267/2267
f 2267/2267/2267 2332/2332/2332 2333/2333/2333
f 2267/2267/2267 2333/2333/2333 2268/2268/2268
f 2268/2268/2268 2333/2333/2333 2334/2334/2334
f 2268/2268/2268 2334/2334/2334 2269/2269/2269
f 2269/2269/2269 2334/2334/2334 2335/2335/2335
f 2269/2269/2269 2335/2335/2335 2270/2270/2270
f 2270/2270/2270 2335/2335/2335 2336/2336/2336
f 2270/2270/2270 2336/2336/2336 2271/2271/2271
f 2271/2271/2271 2336/2336/2336 2337/2337/2337
f 2271/2271/2271 2337/2337/2337 2272/2272/2272
f 2272/2272/2272 2337/2337/2337 2338/2338/2338
f 2272/2272/2272 2338/2338/2338 2273/2273/2273
f 2273/2273/2273 2338/2338/2338 2339/2339/2339
f 2273/2273/2273 2339/2339/2339 2274/2274/2274
f 2274/2274/2274 2339/2339/2339 2340/2340/2340
f 2274/2274/2274 2340/2340/2340 2275/2275/2275
f 2276/2276/2276 2341/2341/2341 2342/2342/2342
f 2276/2276/2276 2342/2342/2342 2277/2277/2277
f 2277/2277/2277 2342/2342/2342 2343/2343/2343
f 2277/2277/2277 2343/2343/2343 2278/2278/2278
f 2278/2278/2278 2343/2343/2343 2344/2344/2344
f 2278/2278/2278 2344/2344/2344 2279/2279/2279
f 2279/2279/2279 2344/2344/2344 2345/2345/2345
f 2279/2279/2279 2345/2345/2345 2280/2280/2280
f 2280/2280/2280 2345/2345/2345 2346/2346/2346
f 2280/2280/2280 2346/2346/2346 2281/2281/2281
f 2281/2281/2281 2346/2346/2346 2347/2347/2347
f 2281/2281/2281 2347/2347/2347 2282/2282/2282
f 2282/2282/2282 2347/2347/2347 2348/2348/2348
f 2282/2282/2282 2348/2348/2348 2283/2283/2283
f 2283/2283/2283 2348/2348/2348 2349/2349/2349
f 2283/2283/2283 2349/2349/2349 2284/2284/2284
f 2284/2284/2284 2349/2349/2349 2350/2350/2350
f 2284/2284/2284 2350/2350/2350 2285/2285/2285
f 2285/2285/2285 2350/2350/2350 2351/2351/2351
f 2285/2285/2285 2351/2351/2351 2286/2286/2286
f 2286/2286/2286 2351/2351/2351 2352/2352/2352
f 2286/2286/2286 2352/2352/2352 2287/2287/2287
f 2287/2287/2287 2352/2352/2352 2353/2353/2353
f 2287/2287/2287 2353/2353/2353 2288/2288/2288
f 2288/2288/2288 2353/2353/2353 2354/2354/2354
f 2288/2288/2288 2354/2354/2354 2289/2289/2289
f 2289/2289/2289 2354/2354/2354 2355/2355/2355
f 2289/2289/2289 2355/2355/2355 2290/2290/2290
f 2290/2290/2290 2355/2355/2355 2356/2356/2356
f 2290/2290/2290 2356/2356/2356 2291/2291/2291
f 2291/2291/2291 2356/2356/2356 2357/2357/2357
f 2291/2291/2291 2357/2357/2357 2292/2292/2292
f 2292/2292/2292 2357/2357/2357 2358/2358/2358
f 2292/2292/2292 2358/2358/2358 2293/2293/2293
f 2293/2293/2293 2358/2358/2358 2359/2359/2359
f 2293/2293/2293 2359/2359/2359 2294/2294/2294
f 2294/2294/2294 2359/2359/2359 2360/2360/2360
f 2294/2294/2294 2360/2360/2360 2295/2295/2295
f 2295/2295/2295 2360/2360/2360 2361/2361/2361
f 2295/2295/2295 2361/2361/2361 2296/2296/2296
f 2296/2296/2296 2361/2361/2361 2362/2362/2362
f 2296/2296/2296 2362/2362/2362 2297/2297/2297
f 2297/2297/2297 2362/2362/2362 2363/2363/2363
f 2297/2297/2297 2363/2363/2363 2298/2298/2298
f 2298/2298/2298 2363/2363/2363 2364/2364/2364
f 2298/2298/2298 2364/2364/2364 2299/2299/2299
f 2299/2299/2299 2364/2364/2364 2365/2365/2365
f 2299/2299/2299 2365/2365/2365 2300/2300/2300
f 2300/2300/2300 2365/2365/2365 2366/2366/2366
f 2300/2300/2300 2366/2366/2366 2301/2301/2301
f 2301/2301/2301 2366/2366/2366 2367/2367/2367
f 2301/2301/2301 2367/2367/2367 2302/2302/2302
f 2302/2302/2302 2367/2367/2367 2368/2368/2368
f 2302/2302/2302 2368/2368/2368 2303/2303/2303
f 2303/2303/2303 2368/2368/2368 2369/2369/2369
f 2303/2303/2303 2369/2369/2369 2304/2304/2304
f 2304/2304/2304 2369/2369/2369 2370/2370/2370
f 2304/2304/2304 2370/2370/2370 2305/2305/2305
f 2305/2305/2305 2370/2370/2370 2371/2371/2371
f 2305/2305/2305 2371/2371/2371 2306/2306/2306
f 2306/2306/2306 2371/2371/2371 2372/2372/2372
f 2306/2306/2306 2372/2372/2372 2307/2307/2307
f 2307/2307/2307 2372/2372/2372 2373/2373/2373
f 2307/2307/2307 2373/2373/2373 2308/2308/2308
f 2308/2308/2308 2373/2373/2373 2374/2374/2374
f 2308/2308/2308 2374/2374/2374 2309/2309/2309
f 2309/2309/2309 2374/2374/2374 2375/2375/2375
f 2309/2309/2309 2375/2375/2375 2310/2310/2310
f 2310/2310/2310 2375/2375/2375 2376/2376/2376
f 2310/2310/2310 2376/2376/2376 2311/2311/2311
f 2311/2311/2311 2376/2376/2376 2377/2377/2377
f 2311/2311/2311 2377/2377/2377 2312/2312/2312
f 2312/2312/2312 2377/2377/2377 2378/2378/2378
f 2312/2312/2312 2378/2378/2378 2313/2313/2313
f 2313/2313/2313 2378/2378/2378 2379/2379/2379
f 2313/2313/2313 2379/2379/2379 2314/2314/2314
f 2314/2314/2314 2379/2379/2379 2380/2380/2380
f 2314/2314/2314 2380/2380/2380 2315/2315/2315
f 2315/2315/2315 2380/2380/2380 2381/2381/2381
f 2315/2315/2315 2381/2381/2381 2316/2316/2316
f 2316/2316/2316 2381/2381/2381 2382/2382/2382
f 2316/2316/2316 2382/2382/2382 2317/2317/2317
f 2317/2317/2317 2382/2382/2382 2383/2383/2383
f 2317/2317/2317 2383/2383/2383 2318/2318/2318
f 2318/2318/2318 2383/2383/2383 2384/2384/2384
f 2318/2318/2318 2384/2384/2384 2319/2319/2319
f 2319/2319/2319 2384/2384/2384 2385/2385/2385
f 2319/2319/2319 2385/2385/2385 2320/2320/2320
f 2320/2320/2320 2385/2385/2385 2386/2386/2386
f 2320/2320/2320 2386/2386/2386 2321/2321/2321
f 2321/2321/2321 2386/2386/2386 2387/2387/2387
f 2321/2321/2321 2387/2387/2387 2322/2322/2322
f 2322/2322/2322 2387/2387/2387 2388/2388/2388
f 2322/2322/2322 2388/2388/2388 2323/2323/2323
f 2323/2323/2323 2388/2388/2388 2389/2389/2389
f 2323/2323/2323 2389/2389/2389 2324/2324/2324
f 2324/2324/2324 2389/2389/2389 2390/2390/2390
f 2324/2324/2324 2390/2390/2390 2325/2325/2325
f 2325/2325/2325 2390/2390/2390 2391/2391/2391
f 2325/2325/2325 2391/2391/2391 2326/2326/2326
f 2326/2326/2326 2391/2391/2391 2392/2392/2392
f 2326/2326/2326 2392/2392/2392 2327/2327/2327
f 2327/2327/2327 2392/2392/2392 2393/2393/2393
f 2327/2327/2327 2393/2393/2393 2328/2328/2328
f 2328/2328/2328 2393/2393/2393 2394/2394/2394
f 2328/2328/2328 2394/2394/2394 2329/2329/2329
f 2329/2329/2329 2394/2394/2394 2395/2395/2395
f 2329/2329/2329 2395/2395/2395 2330/2330/2330
f 2330/2330/2330 2395/2395/2395 2396/2396/2396
f 2330/2330/2330 2396/2396/2396 2331/2331/2331
f 2331/2331/2331 2396/2396/2396 2397/2397/2397
f 2331/2331/2331 2397/2397/2397 2332/2332/2332
f 2332/2332/2332 2397/2397/2397 2398/2398/2398
f 2332/2332/2332 2398/2398/2398 2333/2333/2333
f 2333/2333/2333 2398/2398/2398 2399/2399/2399
f 2333/2333/2333 2399/2399/2399 2334/2334/2334
f 2334/2334/2334 2399/2399/2399 2400/2400/2400
f 2334/2334/2334 2400/2400/2400 2335/2335/2335
f 2335/2335/2335 2400/2400/2400 2401/2401/2401
f 2335/2335/2335 2401/2401/2401 2336/2336/2336
f 2336/2336/2336 2401/2401/2401 2402/2402/2402
f 2336/2336/2336 2402/2402/2402 2337/2337/2337
f 2337/2337/2337 2402/2402/2402 2403/2403/2403
f 2337/2337/2337 2403/2403/2403 2338/2338/2338
f 2338/2338/2338 2403/2403/2403 2404/2404/2404
f 2338/2338/2338 2404/2404/2404 2339/2339/2339
f 2339/2339/2339 2404/2404/2404 2405/2405/2405
f 2339/2339/2339 2405/2405/2405 2340/2340/2340
f 2341/2341/2341 2406/2406/2406 2407/2407/2407
f 2341/2341/2341 2407/2407/2407 2342/2342/2342
f 2342/2342/2342 2407/2407/2407 2408/2408/2408
f 2342/2342/2342 2408/2408/2408 2343/2343/2343
f 2343/2343/2343 2408/2408/2408 2409/2409/2409
f 2343/2343/2343 2409/2409/2409 2344/2344/2344
f 2344/2344/2344 2409/2409/2409 2410/2410/2410
f 2344/2344/2344 2410/2410/2410 2345/2345/2345
f 2345/2345/2345 2410/2410/2410 2411/2411/2411
f 2345/2345/2345 2411/2411/2411 2346/2346/2346
f 2346/2346/2346 2411/2411/2411 2412/2412/2412
f 2346/2346/2346 2412/2412/2412 2347/2347/2347
f 2347/2347/2347 2412/2412/2412 2413/2413/2413
f 2347/2347/2347 2413/2413/2413 2348/2348/2348
f 2348/2348/2348 2413/2413/2413 2414/2414/2414
f 2348/2348/2348 2414/2414/2414 2349/2349/2349
f 2349/2349/2349 2414/2414/2414 2415/2415/2415
f 2349/2349/2349 2415/2415/2415 2350/2350/2350
f 2350/2350/2350 2415/2415/2415 2416/2416/2416
f 2350/2350/2350 2416/2416/2416 2351/2351/2351
f 2351/2351/2351 2416/2416/2416 2417/2417/2417
f 2351/2351/2351 2417/2417/2417 2352/2352/2352
f 2352/2352/2352 2417/2417/2417 2418/2418/2418
f 2352/2352/2352 2418/2418/2418 2353/2353/2353
f 2353/2353/2353 2418/2418/2418 2419/2419/2419
f 2353/2353/2353 2419/2419/2419 2354/2354/2354
f 2354/2354/2354 2419/2419/2419 2420/2420/2420
f 2354/2354/2354 2420/2420/2420 2355/2355/2355
f 2355/2355/2355 2420/2420/2420 2421/2421/2421
f 2355/2355/2355 2421/2421/2421 2356/2356/2356
f 2356/2356/2356 2421/2421/2421 2422/2422/2422
f 2356/2356/2356 2422/2422/2422 2357/2357/2357
f 2357/2357/2357 2422/2422/2422 2423/2423/2423
f 2357/2357/2357 2423/2423/2423 2358/2358/2358
f 2358/2358/2358 2423/2423/2423 2424/2424/2424
f 2358/2358/2358 2424/2424/2424 2359/2359/2359
f 2359/2359/2359 2424/2424/2424 2425/2425/2425
f 2359/2359/2359 2425/2425/2425 2360/2360/2360
f 2360/2360/2360 2425/2425/2425 2426/2426/2426
f 2360/2360/2360 2426/2426/2426 2361/2361/2361
f 2361/2361/2361 2426/2426/2426 2427/2427/2427
f 2361/2361/2361 2427/2427/2427 2362/2362/2362
f 2362/2362/2362 2427/2427/2427 2428/2428/2428
f 2362/2362/2362 2428/2428/2428 2363/2363/2363
f 2363/2363/2363 2428/2428/2428 2429/2429/2429
f 2363/2363/2363 2429/2429/2429 2364/2364/2364
f 2364/2364/2364 2429/2429/2429 2430/2430/2430
f 2364/2364/2364 2430/2430/2430 2365/2365/2365
f 2365/2365/2365 2430/2430/2430 2431/2431/2431
f 2365/2365/2365 2431/2431/2431 2366/2366/2366
f 2366/2366/2366 2431/2431/2431 2432/2432/2432
f 2366/2366/2366 2432/2432/2432 2367/2367/2367
f 2367/2367/2367 2432/2432/2432 2433/2433/2433
f 2367/2367/2367 2433/2433/2433 2368/2368/2368
f 2368/2368/2368 2433/2433/2433 2434/2434/2434
f 2368/2368/2368 2434/2434/2434 2369/2369/2369
f 2369/2369/2369 2434/2434/2434 2435/2435/2435
f 2369/2369/2369 2435/2435/2435 2370/2370/2370
f 2370/2370/2370 2435/2435/2435 2436/2436/2436
f 2370/2370/2370 2436/2436/2436 2371/2371/2371
f 2371/2371/2371 2436/2436/2436 2437/2437/2437
f 2371/2371/2371 2437/2437/2437 2372/2372/2372
f 2372/2372/2372 2437/2437/2437 2438/2438/2438
f 2372/2372/2372 2438/2438/2438 2373/2373/2373
f 2373/2373/2373 2438/2438/2438 2439/2439/2439
f 2373/2373/2373 2439/2439/2439 2374/2374/2374
f 2374/2374/2374 2439/2439/2439 2440/2440/2440
f 2374/2374/2374 2440/2440/2440 2375/2375/2375
f 2375/2375/2375 2440/2440/2440 2441/2441/2441
f 2375/2375/2375 2441/2441/2441 2376/2376/2376
f 2376/2376/2376 2441/2441/2441 2442/2442/2442
f 2376/2376/2376 2442/2442/2442 2377/2377/2377
f 2377/2377/2377 2442/2442/2442 2443/2443/2443
f 2377/2377/2377 2443/2443/2443 2378/2378/2378
f 2378/2378/2378 2443/2443/2443 2444/2444/2444
f 2378/2378/2378 2444/2444/2444 2379/2379/2379
f 2379/2379/2379 2444/2444/2444 2445/2445/2445
f 2379/2379/2379 2445/2445/2445 2380/2380/2380
f 2380/2380/2380 2445/2445/2445 2446/2446/2446
f 2380/2380/2380 2446/2446/2446 2381/2381/2381
f 2381/2381/2381 2446/2446/2446 2447/2447/2447
f 2381/2381/2381 2447/2447/2447 2382/2382/2382
f 2382/2382/2382 2447/2447/2447 2448/2448/2448
f 2382/2382/2382 2448/2448/2448 2383/2383/2383
f 2383/2383/2383 2448/2448/2448 2449/2449/2449
f 2383/2383/2383 2449/2449/2449 2384/2384/2384
f 2384/2384/2384 2449/2449/2449 2450/2450/2450
f 2384/2384/2384 2450/2450/2450 2385/2385/2385
f 2385/2385/2385 2450/2450/2450 2451/2451/2451
f 2385/2385/2385 2451/2451/2451 2386/2386/2386
f 2386/2386/2386 2451/2451/2451 2452/2452/2452
f 2386/2386/2386 2452/2452/2452 2387/2387/2387
f 2387/2387/2387 2452/2452/2452 2453/2453/2453
f 2387/2387/2387 2453/2453/2453 2388/2388/2388
f 2388/2388/2388 2453/2453/2453 2454/2454/2454
f 2388/2388/2388 2454/2454/2454 2389/2389/2389
f 2389/2389/2389 2454/2454/2454 2455/2455/2455
f 2389/2389/2389 2455/2455/2455 2390/2390/2390
f 2390/2390/2390 2455/2455/2455 2456/2456/2456
f 2390/2390/2390 2456/2456/2456 2391/2391/2391
f 2391/2391/2391 2456/2456/2456 2457/2457/2457
f 2391/2391/2391 2457/2457/2457 2392/2392/2392
f 2392/2392/2392 2457/2457/2457 2458/2458/2458
f 2392/2392/2392 2458/2458/2458 2393/2393/2393
f 2393/2393/2393 2458/2458/2458 2459/2459/2459
f 2393/2393/2393 2459/2459/2459 2394/2394/2394
f 2394/2394/2394 2459/2459/2459 2460/2460/2460
f 2394/2394/2394 2460/2460/2460 2395/2395/2395
f 2395/2395/2395 2460/2460/2460 2461/2461/2461
f 2395/2395/2395 2461/2461/2461 2396/2396/2396
f 2396/2396/2396 2461/2461/2461 2462/2462/2462
f 2396/2396/2396 2462/2462/2462 2397/2397/2397
f 2397/2397/2397 2462/2462/2462 2463/2463/2463
f 2397/2397/2397 2463/2463/2463 2398/2398/2398
f 2398/2398/2398 2463/2463/2463 2464/2464/2464
f 2398/2398/2398 2464/2464/2464 2399/2399/2399
f 2399/2399/2399 2464/2464/2464 2465/2465/2465
f 2399/2399/2399 2465/2465/2465 2400/2400/2400
f 2400/2400/2400 2465/2465/2465 2466/2466/2466
f 2400/2400/2400 2466/2466/2466 2401/2401/2401
f 2401/2401/2401 2466/2466/2466 2467/2467/2467
f 2401/2401/2401 2467/2467/2467 2402/2402/2402
f 2402/2402/2402 2467/2467/2467 2468/2468/2468
f 2402/2402/2402 2468/2468/2468 2403/2403/2403
f 2403/2403/2403 2468/2468/2468 2469/2469/2469
f 2403/2403/2403 2469/2469/2469 2404/2404/2404
f 2404/2404/2404 2469/2469/2469 2470/2470/2470
f 2404/2404/2404 2470/2470/2470 2405/2405/2405
f 2406/2406/2406 2471/2471/2471 2472/2472/2472
f 2406/2406/2406 2472/2472/2472 2407/2407/2407
f 2407/2407/2407 2472/2472/2472 2473/2473/2473
f 2407/2407/2407 2473/2473/2473 2408/2408/2408
f 2408/2408/2408 2473/2473/2473 2474/2474/2474
f 2408/2408/2408 2474/2474/2474 2409/2409/2409
f 2409/2409/2409 2474/2474/2474 2475/2475/2475
f 2409/2409/2409 2475/2475/2475 2410/2410/2410
f 2410/2410/2410 2475/2475/2475 2476/2476/2476
f 2410/2410/2410 2476/2476/2476 2411/2411/2411
f 2411/2411/2411 2476/2476/2476 2477/2477/2477
f 2411/2411/2411 2477/2477/2477 2412/2412/2412
f 2412/2412/2412 2477/2477/2477 2478/2478/2478
f 2412/2412/2412 2478/2478/2478 2413/2413/2413
f 2413/2413/2413 2478/2478/2478 2479/2479/2479
f 2413/2413/2413 2479/2479/2479 2414/2414/2414
f 2414/2414/2414 2479/2479/2479 2480/2480/2480
f 2414/2414/2414 2480/2480/2480 2415/2415/2415
f 2415/2415/2415 2480/2480/2480 2481/2481/2481
f 2415/2415/2415 2481/2481/2481 2416/2416/2416
f 2416/2416/2416 2481/2481/2481 2482/2482/2482
f 2416/2416/2416 2482/2482/2482 2417/2417/2417
f 2417/2417/2417 2482/2482/2482 2483/2483/2483
f 2417/2417/2417 2483/2483/2483 2418/2418/2418
f 2418/2418/2418 2483/2483/2483 2484/2484/2484
f 2418/2418/2418 2484/2484/2484 2419/2419/2419
f 2419/2419/2419 2484/2484/2484 2485/2485/2485
f 2419/2419/2419 2485/2485/2485 2420/2420/2420
f 2420/2420/2420 2485/2485/2485 2486/2486/2486
f 2420/2420/2420 2486/2486/2486 2421/2421/2421
f 2421/2421/2421 2486/2486/2486 2487/2487/2487
f 2421/2421/2421 2487/2487/2487 2422/2422/2422
f 2422/2422/2422 2487/2487/2487 2488/2488/2488
f 2422/2422/2422 2488/2488/2488 2423/2423/2423
f 2423/2423/2423 2488/2488/2488 2489/2489/2489
f 2423/2423/2423 2489/2489/2489 2424/2424/2424
f 2424/2424/2424 2489/2489/2489 2490/2490/2490
f 2424/2424/2424 2490/2490/2490 2425/2425/2425
f 2425/2425/2425 2490/2490/2490 2491/2491/2491
f 2425/2425/2425 2491/2491/2491 2426/2426/2426
f 2426/2426/2426 2491/2491/2491 2492/2492/2492
f 2426/2426/2426 2492/2492/2492 2427/2427/2427
f 2427/2427/2427 2492/2492/2492 2493/2493/2493
f 2427/2427/2427 2493/2493/2493 2428/2428/2428
f 2428/2428/2428 2493/2493/2493 2494/2494/2494
f 2428/2428/2428 2494/2494/2494 2429/2429/2429
f 2429/2429/2429 2494/2494/2494 2495/2495/2495
f 2429/2429/2429 2495/2495/2495 2430/2430/2430
f 2430/2430/2430 2495/2495/2495 2496/2496/2496
f 2430/2430/2430 2496/2496/2496 2431/2431/2431
f 2431/2431/2431 2496/2496/2496 2497/2497/2497
f 2431/2431/2431 2497/2497/2497 2432/2432/2432
f 2432/2432/2432 2497/2497/2497 2498/2498/2498
f 2432/2432/2432 2498/2498/2498 2433/2433/2433
f 2433/2433/2433 2498/2498/2498 2499/2499/2499
f 2433/2433/2433 2499/2499/2499 2434/2434/2434
f 2434/2434/2434 2499/2499/2499 2500/2500/2500
f 2434/2434/2434 2500/2500/2500 2435/2435/2435
f 2435/2435/2435 2500/2500/2500 2501/2501/2501
f 2435/2435/2435 2501/2501/2501 2436/2436/2436
f 2436/2436/2436 2501/2501/2501 2502/2502/2502
f 2436/2436/2436 2502/2502/2502 2437/2437/2437
f 2437/2437/2437 2502/2502/2502 2503/2503/2503
f 2437/2437/2437 2503/2503/2503 2438/2438/2438
f 2438/2438/2438 2503/2503/2503 2504/2504/2504
f 2438/2438/2438 2504/2504/2504 2439/2439/2439
f 2439/2439/2439 2504/2504/2504 2505/2505/2505
f 2439/2439/2439 2505/2505/2505 2440/2440/2440
f 2440/2440/2440 2505/2505/2505 2506/2506/2506
f 2440/2440/2440 2506/2506/2506 2441/2441/2441
f 2441/2441/2441 2506/2506/2506 2507/2507/2507
f 2441/2441/2441 2507/2507/2507 2442/2442/2442
f 2442/2442/2442 2507/2507/2507 2508/2508/2508
f 2442/2442/2442 2508/2508/2508 2443/2443/2443
f 2443/2443/2443 2508/2508/2508 2509/2509/2509
f 2443/2443/2443 2509/2509/2509 2444/2444/2444
f 2444/2444/2444 2509/2509/2509 2510/2510/2510
f 2444/2444/2444 2510/2510/2510 2445/2445/2445
f 2445/2445/2445 2510/2510/2510 2511/2511/2511
f 2445/2445/2445 2511/2511/2511 2446/2446/2446
f 2446/2446/2446 2511/2511/2511 2512/2512/2512
f 2446/2446/2446 2512/2512/2512 2447/2447/2447
f 2447/2447/2447 2512/2512/2512 2513/2513/2513
f 2447/2447/2447 2513/2513/2513 2448/2448/2448
f 2448/2448/2448 2513/2513/2513 2514/2514/2514
f 2448/2448/2448 2514/2514/2514 2449/2449/2449
f 2449/2449/2449 2514/2514/2514 2515/2515/2515
f 2449/2449/2449 2515/2515/2515 2450/2450/2450
f 2450/2450/2450 2515/2515/2515 2516/2516/2516
f 2450/2450/2450 2516/2516/2516 2451/2451/2451
f 2451/2451/2451 2516/2516/2516 2517/2517/2517
f 2451/2451/2451 2517/2517/2517 2452/2452/2452
f 2452/2452/2452 2517/2517/2517 2518/2518/2518
f 2452/2452/2452 2518/2518/2518 2453/2453/2453
f 2453/2453/2453 2518/2518/2518 2519/2519/2519
f 2453/2453/2453 2519/2519/2519 2454/2454/2454
f 2454/2454/2454 2519/2519/2519 2520/2520/2520
f 2454/2454/2454 2520/2520/2520 2455/2455/2455
f 2455/2455/2455 2520/2520/2520 2521/2521/2521
f 2455/2455/2455 2521/2521/2521 2456/2456/2456
f 2456/2456/2456 2521/2521/2521 2522/2522/2522
f 2456/2456/2456 2522/2522/2522 2457/2457/2457
f 2457/2457/2457 2522/2522/2522 2523/2523/2523
f 2457/2457/2457 2523/2523/2523 2458/2458/2458
f 2458/2458/2458 2523/2523/2523 2524/2524/2524
f 2458/2458/2458 2524/2524/2524 2459/2459/2459
f 2459/2459/2459 2524/2524/2524 2525/2525/2525
f 2459/2459/2459 2525/2525/2525 2460/2460/2460
f 2460/2460/2460 2525/2525/2525 2526/2526/2526
f 2460/2460/2460 2526/2526/2526 2461/2461/2461
f 2461/2461/2461 2526/2526/2526 2527/2527/2527
f 2461/2461/2461 2527/2527/2527 2462/2462/2462
f 2462/2462/2462 2527/2527/2527 2528/2528/2528
f 2462/2462/2462 2528/2528/2528 2463/2463/2463
f 2463/2463/2463 2528/2528/2528 2529/2529/2529
f 2463/2463/2463 2529/2529/2529 2464/2464/2464
f 2464/2464/2464 2529/2529/2529 2530/2530/2530
f 2464/2464/2464 2530/2530/2530 2465/2465/2465
f 2465/2465/2465 2530/2530/2530 2531/2531/2531
f 2465/2465/2465 2531/2531/2531 2466/2466/2466
f 2466/2466/2466 2531/2531/2531 2532/2532/2532
f 2466/2466/2466 2532/2532/2532 2467/2467/2467
f 2467/2467/2467 2532/2532/2532 2533/2533/2533
f 2467/2467/2467 2533/2533/2533 2468/2468/2468
f 2468/2468/2468 2533/2533/2533 2534/2534/2534
f 2468/2468/2468 2534/2534/2534 2469/2469/2469
f 2469/2469/2469 2534/2534/2534 2535/2535/2535
f 2469/2469/2469 2535/2535/2535 2470/2470/2470
f 2471/2471/2471 2536/2536/2536 2537/2537/2537
f 2471/2471/2471 2537/2537/2537 2472/2472/2472
f 2472/2472/2472 2537/2537/2537 2538/2538/2538
f 2472/2472/2472 2538/2538/2538 2473/2473/2473
f 2473/2473/2473 2538/2538/2538 2539/2539/2539
f 2473/2473/2473 2539/2539/2539 2474/2474/2474
f 2474/2474/2474 2539/2539/2539 2540/2540/2540
f 2474/2474/2474 2540/2540/2540 2475/2475/2475
f 2475/2475/2475 2540/2540/2540 2541/2541/2541
f 2475/2475/2475 2541/2541/2541 2476/2476/2476
f 2476/2476/2476 2541/2541/2541 2542/2542/2542
f 2476/2476/2476 2542/2542/2542 2477/2477/2477
f 2477/2477/2477 2542/2542/2542 2543/2543/2543
f 2477/2477/2477 2543/2543/2543 2478/2478/2478
f 2478/2478/2478 2543/2543/2543 2544/2544/2544
f 2478/2478/2478 2544/2544/2544 2479/2479/2479
f 2479/2479/2479 2544/2544/2544 2545/2545/2545
f 2479/2479/2479 2545/2545/2545 2480/2480/2480
f 2480/2480/2480 2545/2545/2545 2546/2546/2546
f 2480/2480/2480 2546/2546/2546 2481/2481/2481
f 2481/2481/2481 2546/2546/2546 2547/2547/2547
f 2481/2481/2481 2547/2547/2547 2482/2482/2482
f 2482/2482/2482 2547/2547/2547 2548/2548/2548
f 2482/2482/2482 2548/2548/2548 2483/2483/2483
f 2483/2483/2483 2548/2548/2548 2549/2549/2549
f 2483/2483/2483 2549/2549/2549 2484/2484/2484
f 2484/2484/2484 2549/2549/2549 2550/2550/2550
f 2484/2484/2484 2550/2550/2550 2485/2485/2485
f 2485/2485/2485 2550/2550/2550 2551/2551/2551
f 2485/2485/2485 2551/2551/2551 2486/2486/2486
f 2486/2486/2486 2551/2551/2551 2552/2552/2552
f 2486/2486/2486 2552/2552/2552 2487/2487/2487
f 2487/2487/2487 2552/2552/2552 2553/2553/2553
f 2487/2487/2487 2553/2553/2553 2488/2488/2488
f 2488/2488/2488 2553/2553/2553 2554/2554/2554
f 2488/2488/2488 2554/2554/2554 2489/2489/2489
f 2489/2489/2489 2554/2554/2554 2555/2555/2555
f 2489/2489/2489 2555/2555/2555 2490/2490/2490
f 2490/2490/2490 2555/2555/2555 2556/2556/2556
f 2490/2490/2490 2556/2556/2556 2491/2491/2491
f 2491/2491/2491 2556/2556/2556 2557/2557/2557
f 2491/2491/2491 2557/2557/2557 2492/2492/2492
f 2492/2492/2492 2557/2557/2557 2558/2558/2558
f 2492/2492/2492 2558/2558/2558 2493/2493/2493
f 2493/2493/2493 2558/2558/2558 2559/2559/2559
f 2493/2493/2493 2559/2559/2559 2494/2494/2494
f 2494/2494/2494 2559/2559/2559 2560/2560/2560
f 2494/2494/2494 2560/2560/2560 2495/2495/2495
f 2495/2495/2495 2560/2560/2560 2561/2561/2561
f 2495/2495/2495 2561/2561/2561 2496/2496/2496
f 2496/2496/2496 2561/2561/2561 2562/2562/2562
f 2496/2496/2496 2562/2562/2562 2497/2497/2497
f 2497/2497/2497 2562/2562/2562 2563/2563/2563
f 2497/2497/2497 2563/2563/2563 2498/2498/2498
f 2498/2498/2498 2563/2563/2563 2564/2564/2564
f 2498/2498/2498 2564/2564/2564 2499/2499/2499
f 2499/2499/2499 2564/2564/2564 2565/2565/2565
f 2499/2499/2499 2565/2565/2565 2500/2500/2500
f 2500/2500/2500 2565/2565/2565 2566/2566/2566
f 2500/2500/2500 2566/2566/2566 2501/2501/2501
f 2501/2501/2501 2566/2566/2566 2567/2567/2567
f 2501/2501/2501 2567/2567/2567 2502/2502/2502
f 2502/2502/2502 2567/2567/2567 2568/2568/2568
f 2502/2502/2502 2568/2568/2568 2503/2503/2503
f 2503/2503/2503 2568/2568/2568 2569/2569/2569
f 2503/2503/2503 2569/2569/2569 2504/2504/2504
f 2504/2504/2504 2569/2569/2569 2570/2570/2570
f 2504/2504/2504 2570/2570/2570 2505/2505/2505
f 2505/2505/2505 2570/2570/2570 2571/2571/2571
f 2505/2505/2505 2571/2571/2571 2506/2506/2506
f 2506/2506/2506 2571/2571/2571 2572/2572/2572
f 2506/2506/2506 2572/2572/2572 2507/2507/2507
f 2507/2507/2507 2572/2572/2572 2573/2573/2573
f 2507/2507/2507 2573/2573/2573 2508/2508/2508
f 2508/2508/2508 2573/2573/2573 2574/2574/2574
f 2508/2508/2508 2574/2574/2574 2509/2509/2509
f 2509/2509/2509 2574/2574/2574 2575/2575/2575
f 2509/2509/2509 2575/2575/2575 2510/2510/2510
f 2510/2510/2510 2575/2575/2575 2576/2576/2576
f 2510/2510/2510 2576/2576/2576 2511/2511/2511
f 2511/2511/2511 2576/2576/2576 2577/2577/2577
f 2511/2511/2511 2577/2577/2577 2512/2512/2512
f 2512/2512/2512 2577/2577/2577 2578/2578/2578
f 2512/2512/2512 2578/2578/2578 2513/2513/2513
f 2513/2513/2513 2578/2578/2578 2579/2579/2579
f 2513/2513/2513 2579/2579/2579 2514/2514/2514
f 2514/2514/2514 2579/2579/2579 2580/2580/2580
f 2514/2514/2514 2580/2580/2580 2515/2515/2515
f 2515/2515/2515 2580/2580/2580 2581/2581/2581
f 2515/2515/2515 2581/2581/2581 2516/2516/2516
f 2516/2516/2516 2581/2581/2581 2582/2582/2582
f 2516/2516/2516 2582/2582/2582 2517/2517/2517
f 2517/2517/2517 2582/2582/2582 2583/2583/2583
f 2517/2517/2517 2583/2583/2583 2518/2518/2518
f 2518/2518/2518 2583/2583/2583 2584/2584/2584
f 2518/2518/2518 2584/2584/2584 2519/2519/2519
f 2519/2519/2519 2584/2584/2584 2585/2585/2585
f 2519/2519/2519 2585/2585/2585 2520/2520/2520
f 2520/2520/2520 2585/2585/2585 2586/2586/2586
f 2520/2520/2520 2586/2586/2586 2521/2521/2521
f 2521/2521/2521 2586/2586/2586 2587/2587/2587
f 2521/2521/2521 2587/2587/2587 2522/2522/2522
f 2522/2522/2522 2587/2587/2587 2588/2588/2588
f 2522/2522/2522 2588/2588/2588 2523/2523/2523
f 2523/2523/2523 2588/2588/2588 2589/2589/2589
f 2523/2523/2523 2589/2589/2589 2524/2524/2524
f 2524/2524/2524 2589/2589/2589 2590/2590/2590
f 2524/2524/2524 2590/2590/2590 2525/2525/2525
f 2525/2525/2525 2590/2590/2590 2591/2591/2591
f 2525/2525/2525 2591/2591/2591 2526/2526/2526
f 2526/2526/2526 2591/2591/2591 2592/2592/2592
f 2526/2526/2526 2592/2592/2592 2527/2527/2527
f 2527/2527/2527 2592/2592/2592 2593/2593/2593
f 2527/2527/2527 2593/2593/2593 2528/2528/2528
f 2528/2528/2528 2593/2593/2593 2594/2594/2594
f 2528/2528/2528 2594/2594/2594 2529/2529/2529
f 2529/2529/2529 2594/2594/2594 2595/2595/2595
f 2529/2529/2529 2595/2595/2595 2530/2530/2530
f 2530/2530/2530 2595/2595/2595 2596/2596/2596
f 2530/2530/2530 2596/2596/2596 2531/2531/2531
f 2531/2531/2531 2596/2596/2596 2597/2597/2597
f 2531/2531/2531 2597/2597/2597 2532/2532/2532
f 2532/2532/2532 2597/2597/2597 2598/2598/2598
f 2532/2532/2532 2598/2598/2598 2533/2533/2533
f 2533/2533/2533 2598/2598/2598 2599/2599/2599
f 2533/2533/2533 2599/2599/2599 2534/2534/2534
f 2534/2534/2534 2599/2599/2599 2600/2600/2600
f 2534/2534/2534 2600/2600/2600 2535/2535/2535
f 2536/2536/2536 2601/2601/2601 2602/2602/2602
f 2536/2536/2536 2602/2602/2602 2537/2537/2537
f 2537/2537/2537 2602/2602/2602 2603/2603/2603
f 2537/2537/2537 2603/2603/2603 2538/2538/2538
f 2538/2538/2538 2603/2603/2603 2604/2604/2604
f 2538/2538/2538 2604/2604/2604 2539/2539/2539
f 2539/2539/2539 2604/2604/2604 2605/2605/2605
f 2539/2539/2539 2605/2605/2605 2540/2540/2540
f 2540/2540/2540 2605/2605/2605 2606/2606/2606
f 2540/2540/2540 2606/2606/2606 2541/2541/2541
f 2541/2541/2541 2606/2606/2606 2607/2607/2607
f 2541/2541/2541 2607/2607/2607 2542/2542/2542
f 2542/2542/2542 2607/2607/2607 2608/2608/2608
f 2542/2542/2542 2608/2608/2608 2543/2543/2543
f 2543/2543/2543 2608/2608/2608 2609/2609/2609
f 2543/2543/2543 2609/2609/2609 2544/2544/2544
f 2544/2544/2544 2609/2609/2609 2610/2610/2610
f 2544/2544/2544 2610/2610/2610 2545/2545/2545
f 2545/2545/2545 2610/2610/2610 2611/2611/2611
f 2545/2545/2545 2611/2611/2611 2546/2546/2546
f 2546/2546/2546 2611/2611/2611 2612/2612/2612
f 2546/2546/2546 2612/2612/2612 2547/2547/2547
f 2547/2547/2547 2612/2612/2612 2613/2613/2613
f 2547/2547/2547 2613/2613/2613 2548/2548/2548
f 2548/2548/2548 2613/2613/2613 2614/2614/2614
f 2548/2548/2548 2614/2614/2614 2549/2549/2549
f 2549/2549/2549 2614/2614/2614 2615/2615/2615
f 2549/2549/2549 2615/2615/2615 2550/2550/2550
f 2550/2550/2550 2615/2615/2615 2616/2616/2616
f 2550/2550/2550 2616/2616/2616 2551/2551/2551
f 2551/2551/2551 2616/2616/2616 2617/2617/2617
f 2551/2551/2551 2617/2617/2617 2552/2552/2552
f 2552/2552/2552 2617/2617/2617 2618/2618/2618
f 2552/2552/2552 2618/2618/2618 2553/2553/2553
f 2553/2553/2553 2618/2618/2618 2619/2619/2619
f 2553/2553/2553 2619/2619/2619 2554/2554/2554
f 2554/2554/2554 2619/2619/2619 2620/2620/2620
f 2554/2554/2554 2620/2620/2620 2555/2555/2555
f 2555/2555/2555 2620/2620/2620 2621/2621/2621
f 2555/2555/2555 2621/2621/2621 2556/2556/2556
f 2556/2556/2556 2621/2621/2621 2622/2622/2622
f 2556/2556/2556 2622/2622/2622 2557/2557/2557
f 2557/2557/2557 2622/2622/2622 2623/2623/2623
f 2557/2557/2557 2623/2623/2623 2558/2558/2558
f 2558/2558/2558 2623/2623/2623 2624/2624/2624
f 2558/2558/2558 2624/2624/2624 2559/2559/2559
f 2559/2559/2559 2624/2624/2624 2625/2625/2625
f 2559/2559/2559 2625/2625/2625 2560/2560/2560
f 2560/2560/2560 2625/2625/2625 2626/2626/2626
f 2560/2560/2560 2626/2626/2626 2561/2561/2561
f 2561/2561/2561 2626/2626/2626 2627/2627/2627
f 2561/2561/2561 2627/2627/2627 2562/2562/2562
f 2562/2562/2562 2627/2627/2627 2628/2628/2628
f 2562/2562/2562 2628/2628/2628 2563/2563/2563
f 2563/2563/2563 2628/2628/2628 2629/2629/2629
f 2563/2563/2563 2629/2629/2629 2564/2564/2564
f 2564/2564/2564 2629/2629/2629 2630/2630/2630
f 2564/2564/2564 2630/2630/2630 2565/2565/2565
f 2565/2565/2565 2630/2630/2630 2631/2631/2631
f 2565/2565/2565 2631/2631/2631 2566/2566/2566
f 2566/2566/2566 2631/2631/2631 2632/2632/2632
f 2566/2566/2566 2632/2632/2632 2567/2567/2567
f 2567/2567/2567 2632/2632/2632 2633/2633/2633
f 2567/2567/2567 2633/2633/2633 2568/2568/2568
f 2568/2568/2568 2633/2633/2633 2634/2634/2634
f 2568/2568/2568 2634/2634/2634 2569/2569/2569
f 2569/2569/2569 2634/2634/2634 2635/2635/2635
f 2569/2569/2569 2635/2635/2635 2570/2570/2570
f 2570/2570/2570 2635/2635/2635 2636/2636/2636
f 2570/2570/2570 2636/2636/2636 2571/2571/2571
f 2571/2571/2571 2636/2636/2636 2637/2637/2637
f 2571/2571/2571 2637/2637/2637 2572/2572/2572
f 2572/2572/2572 2637/2637/2637 2638/2638/2638
f 2572/2572/2572 2638/2638/2638 2573/2573/2573
f 2573/2573/2573 2638/2638/2638 2639/2639/2639
f 2573/2573/2573 2639/2639/2639 2574/2574/2574
f 2574/2574/2574 2639/2639/2639 2640/2640/2640
f 2574/2574/2574 2640/2640/2640 2575/2575/2575
f 2575/2575/2575 2640/2640/2640 2641/2641/2641
f 2575/2575/2575 2641/2641/2641 2576/2576/2576
f 2576/2576/2576 2641/2641/2641 2642/2642/2642
f 2576/2576/2576 2642/2642/2642 2577/2577/2577
f 2577/2577/2577 2642/2642/2642 2643/2643/2643
f 2577/2577/2577 2643/2643/2643 2578/2578/2578
f 2578/2578/2578 2643/2643/2643 2644/2644/2644
f 2578/2578/2578 2644/2644/2644 2579/2579/2579
f 2579/2579/2579 2644/2644/2644 2645/2645/2645
f 2579/2579/2579 2645/2645/2645 2580/2580/2580
f 2580/2580/2580 2645/2645/2645 2646/2646/2646
f 2580/2580/2580 2646/2646/2646 2581/2581/2581
f 2581/2581/2581 2646/2646/2646 2647/2647/2647
f 2581/2581/2581 2647/2647/2647 2582/2582/2582
f 2582/2582/2582 2647/2647/2647 2648/2648/2648
f 2582/2582/2582 2648/2648/2648 2583/2583/2583
f 2583/2583/2583 2648/2648/2648 2649/2649/2649
f 2583/2583/2583 2649/2649/2649 2584/2584/2584
f 2584/2584/2584 2649/2649/2649 2650/2650/2650
f 2584/2584/2584 2650/2650/2650 2585/2585/2585
f 2585/2585/2585 2650/2650/2650 2651/2651/2651
f 2585/2585/2585 2651/2651/2651 2586/2586/2586
f 2586/2586/2586 2651/2651/2651 2652/2652/2652
f 2586/2586/2586 2652/2652/2652 2587/2587/2587
f 2587/2587/2587 2652/2652/2652 2653/2653/2653
f 2587/2587/2587 2653/2653/2653 2588/2588/2588
f 2588/2588/2588 2653/2653/2653 2654/2654/2654
f 2588/2588/2588 2654/2654/2654 2589/2589/2589
f 2589/2589/2589 2654/2654/2654 2655/2655/2655
f 2589/2589/2589 2655/2655/2655 2590/2590/2590
f 2590/2590/2590 2655/2655/2655 2656/2656/2656
f 2590/2590/2590 2656/2656/2656 2591/2591/2591
f 2591/2591/2591 2656/2656/2656 2657/2657/2657
f 2591/2591/2591 2657/2657/2657 2592/2592/2592
f 2592/2592/2592 2657/2657/2657 2658/2658/2658
f 2592/2592/2592 2658/2658/2658 2593/2593/2593
f 2593/2593/2593 2658/2658/2658 2659/2659/2659
f 2593/2593/2593 2659/2659/2659 2594/2594/2594
f 2594/2594/2594 2659/2659/2659 2660/2660/2660
f 2594/2594/2594 2660/2660/2660 2595/2595/2595
f 2595/2595/2595 2660/2660/2660 2661/2661/2661
f 2595/2595/2595 2661/2661/2661 2596/2596/2596
f 2596/2596/2596 2661/2661/2661 2662/2662/2662
f 2596/2596/2596 2662/2662/2662 2597/2597/2597
f 2597/2597/2597 2662/2662/2662 2663/2663/2663
f 2597/2597/2597 2663/2663/2663 2598/2598/2598
f 2598/2598/2598 2663/2663/2663 2664/2664/2664
f 2598/2598/2598 2664/2664/2664 2599/2599/2599
f 2599/2599/2599 2664/2664/2664 2665/2665/2665
f 2599/2599/2599 2665/2665/2665 2600/2600/2600
f 2601/2601/2601 2666/2666/2666 2667/2667/2667
f 2601/2601/2601 2667/2667/2667 2602/2602/2602
f 2602/2602/2602 2667/2667/2667 2668/2668/2668
f 2602/2602/2602 2668/2668/2668 2603/2603/2603
f 2603/2603/2603 2668/2668/2668 2669/2669/2669
f 2603/2603/2603 2669/2669/2669 2604/2604/2604
f 2604/2604/2604 2669/2669/2669 2670/2670/2670
f 2604/2604/2604 2670/2670/2670 2605/2605/2605
f 2605/2605/2605 2670/2670/2670 2671/2671/2671
f 2605/2605/2605 2671/2671/2671 2606/2606/2606
f 2606/2606/2606 2671/2671/2671 2672/2672/2672
f 2606/2606/2606 2672/2672/2672 2607/2607/2607
f 2607/2607/2607 2672/2672/2672 2673/2673/2673
f 2607/2607/2607 2673/2673/2673 2608/2608/2608
f 2608/2608/2608 2673/2673/2673 2674/2674/2674
f 2608/2608/2608 2674/2674/2674 2609/2609/2609
f 2609/2609/2609 2674/2674/2674 2675/2675/2675
f 2609/2609/2609 2675/2675/2675 2610/2610/2610
f 2610/2610/2610 2675/2675/2675 2676/2676/2676
f 2610/2610/2610 2676/2676/2676 2611/2611/2611
f 2611/2611/2611 2676/2676/2676 2677/2677/2677
f 2611/2611/2611 2677/2677/2677 2612/2612/2612
f 2612/2612/2612 2677/2677/2677 2678/2678/2678
f 2612/2612/2612 2678/2678/2678 2613/2613/2613
f 2613/2613/2613 2678/2678/2678 2679/2679/2679
f 2613/2613/2613 2679/2679/2679 2614/2614/2614
f 2614/2614/2614 2679/2679/2679 2680/2680/2680
f 2614/2614/2614 2680/2680/2680 2615/2615/2615
f 2615/2615/2615 2680/2680/2680 2681/2681/2681
f 2615/2615/2615 2681/2681/2681 2616/2616/2616
f 2616/2616/2616 2681/2681/2681 2682/2682/2682
f 2616/2616/2616 2682/2682/2682 2617/2617/2617
f 2617/2617/2617 2682/2682/2682 2683/2683/2683
f 2617/2617/2617 2683/2683/2683 2618/2618/2618
f 2618/2618/2618 2683/2683/2683 2684/2684/2684
f 2618/2618/2618 2684/2684/2684 2619/2619/2619
f 2619/2619/2619 2684/2684/2684 2685/2685/2685
f 2619/2619/2619 2685/2685/2685 2620/2620/2620
f 2620/2620/2620 2685/2685/2685 2686/2686/2686
f 2620/2620/2620 2686/2686/2686 2621/2621/2621
f 2621/2621/2621 2686/2686/2686 2687/2687/2687
f 2621/2621/2621 2687/2687/2687 2622/2622/2622
f 2622/2622/2622 2687/2687/2687 2688/2688/2688
f 2622/2622/2622 2688/2688/2688 2623/2623/2623
f 2623/2623/2623 2688/2688/2688 2689/2689/2689
f 2623/2623/2623 2689/2689/2689 2624/2624/2624
f 2624/2624/2624 2689/2689/2689 2690/2690/2690
f 2624/2624/2624 2690/2690/2690 2625/2625/2625
f 2625/2625/2625 2690/2690/2690 2691/2691/2691
f 2625/2625/2625 2691/2691/2691 2626/2626/2626
f 2626/2626/2626 2691/2691/2691 2692/2692/2692
f 2626/2626/2626 2692/2692/2692 2627/2627/2627
f 2627/2627/2627 2692/2692/2692 2693/2693/2693
f 2627/2627/2627 2693/2693/2693 2628/2628/2628
f 2628/2628/2628 2693/2693/2693 2694/2694/2694
f 2628/2628/2628 2694/2694/2694 2629/2629/2629
f 2629/2629/2629 2694/2694/2694 2695/2695/2695
f 2629/2629/2629 2695/2695/2695 2630/2630/2630
f 2630/2630/2630 2695/2695/2695 2696/2696/2696
f 2630/2630/2630 2696/2696/2696 2631/2631/2631
f 2631/2631/2631 2696/2696/2696 2697/2697/2697
f 2631/2631/2631 2697/2697/2697 2632/2632/2632
f 2632/2632/2632 2697/2697/2697 2698/2698/2698
f 2632/2632/2632 2698/2698/2698 2633/2633/2633
f 2633/2633/2633 2698/2698/2698 2699/2699/2699
f 2633/2633/2633 2699/2699/2699 2634/2634/2634
f 2634/2634/2634 2699/2699/2699 2700/2700/2700
f 2634/2634/2634 2700/2700/2700 2635/2635/2635
f 2635/2635/2635 2700/2700/2700 2701/2701/2701
f 2635/2635/2635 2701/2701/2701 2636/2636/2636
f 2636/2636/2636 2701/2701/2701 2702/2702/2702
f 2636/2636/2636 2702/2702/2702 2637/2637/2637
f 2637/2637/2637 2702/2702/2702 2703/2703/2703
f 2637/2637/2637 2703/2703/2703 2638/2638/2638
f 2638/2638/2638 2703/2703/2703 2704/2704/2704
f 2638/2638/2638 2704/2704/2704 2639/2639/2639
f 2639/2639/2639 2704/2704/2704 2705/2705/2705
f 2639/2639/2639 2705/2705/2705 2640/2640/2640
f 2640/2640/2640 2705/2705/2705 2706/2706/2706
f 2640/2640/2640 2706/2706/2706 2641/2641/2641
f 2641/2641/2641 2706/2706/2706 2707/2707/2707
f 2641/2641/2641 2707/2707/2707 2642/2642/2642
f 2642/2642/2642 2707/2707/2707 2708/2708/2708
f 2642/2642/2642 2708/2708/2708 2643/2643/2643
f 2643/2643/2643 2708/2708/2708 2709/2709/2709
f 2643/2643/2643 2709/2709/2709 2644/2644/2644
f 2644/2644/2644 2709/2709/2709 2710/2710/2710
f 2644/2644/2644 2710/2710/2710 2645/2645/2645
f 2645/2645/2645 2710/2710/2710 2711/2711/2711
f 2645/2645/2645 2711/2711/2711 2646/2646/2646
f 2646/2646/2646 2711/2711/2711 2712/2712/2712
f 2646/2646/2646 2712/2712/2712 2647/2647/2647
f 2647/2647/2647 2712/2712/2712 2713/2713/2713
f 2647/2647/2647 2713/2713/2713 2648/2648/2648
f 2648/2648/2648 2713/2713/2713 2714/2714/2714
f 2648/2648/2648 2714/2714/2714 2649/2649/2649
f 2649/2649/2649 2714/2714/2714 2715/2715/2715
f 2649/2649/2649 2715/2715/2715 2650/2650/2650
f 2650/2650/2650 2715/2715/2715 2716/2716/2716
f 2650/2650/2650 2716/2716/2716 2651/2651/2651
f 2651/2651/2651 2716/2716/2716 2717/2717/2717
f 2651/2651/2651 2717/2717/2717 2652/2652/2652
f 2652/2652/2652 2717/2717/2717 2718/2718/2718
f 2652/2652/2652 2718/2718/2718 2653/2653/2653
f 2653/2653/2653 2718/2718/2718 2719/2719/2719
f 2653/2653/2653 2719/2719/2719 2654/2654/2654
f 2654/2654/2654 2719/2719/2719 2720/2720/2720
f 2654/2654/2654 2720/2720/2720 2655/2655/2655
f 2655/2655/2655 2720/2720/2720 2721/2721/2721
f 2655/2655/2655 2721/2721/2721 2656/2656/2656
f 2656/2656/2656 2721/2721/2721 2722/2722/2722
f 2656/2656/2656 2722/2722/2722 2657/2657/2657
f 2657/2657/2657 2722/2722/2722 2723/2723/2723
f 2657/2657/2657 2723/2723/2723 2658/2658/2658
f 2658/2658/2658 2723/2723/2723 2724/2724/2724
f 2658/2658/2658 2724/2724/2724 2659/2659/2659
f 2659/2659/2659 2724/2724/2724 2725/2725/2725
f 2659/2659/2659 2725/2725/2725 2660/2660/2660
f 2660/2660/2660 2725/2725/2725 2726/2726/2726
f 2660/2660/2660 2726/2726/2726 2661/2661/2661
f 2661/2661/2661 2726/2726/2726 2727/2727/2727
f 2661/2661/2661 2727/2727/2727 2662/2662/2662
f 2662/2662/2662 2727/2727/2727 2728/2728/2728
f 2662/2662/2662 2728/2728/2728 2663/2663/2663
f 2663/2663/2663 2728/2728/2728 2729/2729/2729
f 2663/2663/2663 2729/2729/2729 2664/2664/2664
f 2664/2664/2664 2729/2729/2729 2730/2730/2730
f 2664/2664/2664 2730/2730/2730 2665/2665/2665
f 2666/2666/2666 2731/2731/2731 2732/2732/2732
f 2666/2666/2666 2732/2732/2732 2667/2667/2667
f 2667/2667/2667 2732/2732/2732 2733/2733/2733
f 2667/2667/2667 2733/2733/2733 2668/2668/2668
f 2668/2668/2668 2733/2733/2733 2734/2734/2734
f 2668/2668/2668 2734/2734/2734 2669/2669/2669
f 2669/2669/2669 2734/2734/2734 2735/2735/2735
f 2669/2669/2669 2735/2735/2735 2670/2670/2670
f 2670/2670/2670 2735/2735/2735 2736/2736/2736
f 2670/2670/2670 2736/2736/2736 2671/2671/2671
f 2671/2671/2671 2736/2736/2736 2737/2737/2737
f 2671/2671/2671 2737/2737/2737 2672/2672/2672
f 2672/2672/2672 2737/2737/2737 2738/2738/2738
f 2672/2672/2672 2738/2738/2738 2673/2673/2673
f 2673/2673/2673 2738/2738/2738 2739/2739/2739
f 2673/2673/2673 2739/2739/2739 2674/2674/2674
f 2674/2674/2674 2739/2739/2739 2740/2740/2740
f 2674/2674/2674 2740/2740/2740 2675/2675/2675
f 2675/2675/2675 2740/2740/2740 2741/2741/2741
f 2675/2675/2675 2741/2741/2741 2676/2676/2676
f 2676/2676/2676 2741/2741/2741 2742/2742/2742
f 2676/2676/2676 2742/2742/2742 2677/2677/2677
f 2677/2677/2677 2742/2742/2742 2743/2743/2743
f 2677/2677/2677 2743/2743/2743 2678/2678/2678
f 2678/2678/2678 2743/2743/2743 2744/2744/2744
f 2678/2678/2678 2744/2744/2744 2679/2679/2679
f 2679/2679/2679 2744/2744/2744 2745/2745/2745
f 2679/2679/2679 2745/2745/2745 2680/2680/2680
f 2680/2680/2680 2745/2745/2745 2746/2746/2746
f 2680/2680/2680 2746/2746/2746 2681/2681/2681
f 2681/2681/2681 2746/2746/2746 2747/2747/2747
f 2681/2681/2681 2747/2747/2747 2682/2682/2682
f 2682/2682/2682 2747/2747/2747 2748/2748/2748
f 2682/2682/2682 2748/2748/2748 2683/2683/2683
f 2683/2683/2683 2748/2748/2748 2749/2749/2749
f 2683/2683/2683 2749/2749/2749 2684/2684/2684
f 2684/2684/2684 2749/2749/2749 2750/2750/2750
f 2684/2684/2684 2750/2750/2750 2685/2685/2685
f 2685/2685/2685 2750/2750/2750 2751/2751/2751
f 2685/2685/2685 2751/2751/2751 2686/2686/2686
f 2686/2686/2686 2751/2751/2751 2752/2752/2752
f 2686/2686/2686 2752/2752/2752 2687/2687/2687
f 2687/2687/2687 2752/2752/2752 2753/2753/2753
f 2687/2687/2687 2753/2753/2753 2688/2688/2688
f 2688/2688/2688 2753/2753/2753 2754/2754/2754
f 2688/2688/2688 2754/2754/2754 2689/2689/2689
f 2689/2689/2689 2754/2754/2754 2755/2755/2755
f 2689/2689/2689 2755/2755/2755 2690/2690/2690
f 2690/2690/2690 2755/2755/2755 2756/2756/2756
f 2690/2690/2690 2756/2756/2756 2691/2691/2691
f 2691/2691/2691 2756/2756/2756 2757/2757/2757
f 2691/2691/2691 2757/2757/2757 2692/2692/2692
f 2692/2692/2692 2757/2757/2757 2758/2758/2758
f 2692/2692/2692 2758/2758/2758 2693/2693/2693
f 2693/2693/2693 2758/2758/2758 2759/2759/2759
f 2693/2693/2693 2759/2759/2759 2694/2694/2694
f 2694/2694/2694 2759/2759/2759 2760/2760/2760
f 2694/2694/2694 2760/2760/2760 2695/2695/2695
f 2695/2695/2695 2760/2760/2760 2761/2761/2761
f 2695/2695/2695 2761/2761/2761 2696/2696/2696
f 2696/2696/2696 2761/2761/2761 2762/2762/2762
f 2696/2696/2696 2762/2762/2762 2697/2697/2697
f 2697/2697/2697 2762/2762/2762 2763/2763/2763
f 2697/2697/2697 2763/2763/2763 2698/2698/2698
f 2698/2698/2698 2763/2763/2763 2764/2764/2764
f 2698/2698/2698 2764/2764/2764 2699/2699/2699
f 2699/2699/2699 2764/2764/2764 2765/2765/2765
f 2699/2699/2699 2765/2765/2765 2700/2700/2700
f 2700/2700/2700 2765/2765/2765 2766/2766/2766
f 2700/2700/2700 2766/2766/2766 2701/2701/2701
f 2701/2701/2701 2766/2766/2766 2767/2767/2767
f 2701/2701/2701 2767/2767/2767 2702/2702/2702
f 2702/2702/2702 2767/2767/2767 2768/2768/2768
f 2702/2702/2702 2768/2768/2768 2703/2703/2703
f 2703/2703/2703 2768/2768/2768 2769/2769/2769
f 2703/2703/2703 2769/2769/2769 2704/2704/2704
f 2704/2704/2704 2769/2769/2769 2770/2770/2770
f 2704/2704/2704 2770/2770/2770 2705/2705/2705
f 2705/2705/2705 2770/2770/2770 2771/2771/2771
f 2705/2705/2705 2771/2771/2771 2706/2706/2706
f 2706/2706/2706 2771/2771/2771 2772/2772/2772
f 2706/2706/2706 2772/2772/2772 2707/2707/2707
f 2707/2707/2707 2772/2772/2772 2773/2773/2773
f 2707/2707/2707 2773/2773/2773 2708/2708/2708
f 2708/2708/2708 2773/2773/2773 2774/2774/2774
f 2708/2708/2708 2774/2774/2774 2709/2709/2709
f 2709/2709/2709 2774/2774/2774 2775/2775/2775
f 2709/2709/2709 2775/2775/2775 2710/2710/2710
f 2710/2710/2710 2775/2775/2775 2776/2776/2776
f 2710/2710/2710 2776/2776/2776 2711/2711/2711
f 2711/2711/2711 2776/2776/2776 2777/2777/2777
f 2711/2711/2711 2777/2777/2777 2712/2712/2712
f 2712/2712/2712 2777/2777/2777 2778/2778/2778
f 2712/2712/2712 2778/2778/2778 2713/2713/2713
f 2713/2713/2713 2778/2778/2778 2779/2779/2779
f 2713/2713/2713 2779/2779/2779 2714/2714/2714
f 2714/2714/2714 2779/2779/2779 2780/2780/2780
f 2714/2714/2714 2780/2780/2780 2715/2715/2715
f 2715/2715/2715 2780/2780/2780 2781/2781/2781
f 2715/2715/2715 2781/2781/2781 2716/2716/2716
f 2716/2716/2716 2781/2781/2781 2782/2782/2782
f 2716/2716/2716 2782/2782/2782 2717/2717/2717
f 2717/2717/2717 2782/2782/2782 2783/2783/2783
f 2717/2717/2717 2783/2783/2783 2718/2718/2718
f 2718/2718/2718 2783/2783/2783 2784/2784/2784
f 2718/2718/2718 2784/2784/2784 2719/2719/2719
f 2719/2719/2719 2784/2784/2784 2785/2785/2785
f 2719/2719/2719 2785/2785/2785 2720/2720/2720
f 2720/2720/2720 2785/2785/2785 2786/2786/2786
f 2720/2720/2720 2786/2786/2786 2721/2721/2721
f 2721/2721/2721 2786/2786/2786 2787/2787/2787
f 2721/2721/2721 2787/2787/2787 2722/2722/2722
f 2722/2722/2722 2787/2787/2787 2788/2788/2788
f 2722/2722/2722 2788/2788/2788 2723/2723/2723
f 2723/2723/2723 2788/2788/2788 2789/2789/2789
f 2723/2723/2723 2789/2789/2789 2724/2724/2724
f 2724/2724/2724 2789/2789/2789 2790/2790/2790
f 2724/2724/2724 2790/2790/2790 2725/2725/2725
f 2725/2725/2725 2790/2790/2790 2791/2791/2791
f 2725/2725/2725 2791/2791/2791 2726/2726/2726
f 2726/2726/2726 2791/2791/2791 2792/2792/2792
f 2726/2726/2726 2792/2792/2792 2727/2727/2727
f 2727/2727/2727 2792/2792/2792 2793/2793/2793
f 2727/2727/2727 2793/2793/2793 2728/2728/2728
f 2728/2728/2728 2793/2793/2793 2794/2794/2794
f 2728/2728/2728 2794/2794/2794 2729/2729/2729
f 2729/2729/2729 2794/2794/2794 2795/2795/2795
f 2729/2729/2729 2795/2795/2795 2730/2730/2730
f 2731/2731/2731 2796/2796/2796 2797/2797/2797
f 2731/2731/2731 2797/2797/2797 2732/2732/2732
f 2732/2732/2732 2797/2797/2797 2798/2798/2798
f 2732/2732/2732 2798/2798/2798 2733/2733/2733
f 2733/2733/2733 2798/2798/2798 2799/2799/2799
f 2733/2733/2733 2799/2799/2799 2734/2734/2734
f 2734/2734/2734 2799/2799/2799 2800/2800/2800
f 2734/2734/2734 2800/2800/2800 2735/2735/2735
f 2735/2735/2735 2800/2800/2800 2801/2801/2801
f 2735/2735/2735 2801/2801/2801 2736/2736/2736
f 2736/2736/2736 2801/2801/2801 2802/2802/2802
f 2736/2736/2736 2802/2802/2802 2737/2737/2737
f 2737/2737/2737 2802/2802/2802 2803/2803/2803
f 2737/2737/2737 2803/2803/2803 2738/2738/2738
f 2738/2738/2738 2803/2803/2803 2804/2804/2804
f 2738/2738/2738 2804/2804/2804 2739/2739/2739
f 2739/2739/2739 2804/2804/2804 2805/2805/2805
f 2739/2739/2739 2805/2805/2805 2740/2740/2740
f 2740/2740/2740 2805/2805/2805 2806/2806/2806
f 2740/2740/2740 2806/2806/2806 2741/2741/2741
f 2741/2741/2741 2806/2806/2806 2807/2807/2807
f 2741/2741/2741 2807/2807/2807 2742/2742/2742
f 2742/2742/2742 2807/2807/2807 2808/2808/2808
f 2742/2742/2742 2808/2808/2808 2743/2743/2743
f 2743/2743/2743 2808/2808/2808 2809/2809/2809
f 2743/2743/2743 2809/2809/2809 2744/2744/2744
f 2744/2744/2744 2809/2809/2809 2810/2810/2810
f 2744/2744/2744 2810/2810/2810 2745/2745/2745
f 2745/2745/2745 2810/2810/2810 2811/2811/2811
f 2745/2745/2745 2811/2811/2811 2746/2746/2746
f 2746/2746/2746 2811/2811/2811 2812/2812/2812
f 2746/2746/2746 2812/2812/2812 2747/2747/2747
f 2747/2747/2747 2812/2812/2812 2813/2813/2813
f 2747/2747/2747 2813/2813/2813 2748/2748/2748
f 2748/2748/2748 2813/2813/2813 2814/2814/2814
f 2748/2748/2748 2814/2814/2814 2749/2749/2749
f 2749/2749/2749 2814/2814/2814 2815/2815/2815
f 2749/2749/2749 2815/2815/2815 2750/2750/2750
f 2750/2750/2750 2815/2815/2815 2816/2816/2816
f 2750/2750/2750 2816/2816/2816 2751/2751/2751
f 2751/2751/2751 2816/2816/2816 2817/2817/2817
f 2751/2751/2751 2817/2817/2817 2752/2752/2752
f 2752/2752/2752 2817/2817/2817 2818/2818/2818
f 2752/2752/2752 2818/2818/2818 2753/2753/2753
f 2753/2753/2753 2818/2818/2818 2819/2819/2819
f 2753/2753/2753 2819/2819/2819 2754/2754/2754
f 2754/2754/2754 2819/2819/2819 2820/2820/2820
f 2754/2754/2754 2820/2820/2820 2755/2755/2755
f 2755/2755/2755 2820/2820/2820 2821/2821/2821
f 2755/2755/2755 2821/2821/2821 2756/2756/2756
f 2756/2756/2756 2821/2821/2821 2822/2822/2822
f 2756/2756/2756 2822/2822/2822 2757/2757/2757
f 2757/2757/2757 2822/2822/2822 2823/2823/2823
f 2757/2757/2757 2823/2823/2823 2758/2758/2758
f 2758/2758/2758 2823/2823/2823 2824/2824/2824
f 2758/2758/2758 2824/2824/2824 2759/2759/2759
f 2759/2759/2759 2824/2824/2824 2825/2825/2825
f 2759/2759/2759 2825/2825/2825 2760/2760/2760
f 2760/2760/2760 2825/2825/2825 2826/2826/2826
f 2760/2760/2760 2826/2826/2826 2761/2761/2761
f 2761/2761/2761 2826/2826/2826 2827/2827/2827
f 2761/2761/2761 2827/2827/2827 2762/2762/2762
f 2762/2762/2762 2827/2827/2827 2828/2828/2828
f 2762/2762/2762 2828/2828/2828 2763/2763/2763
f 2763/2763/2763 2828/2828/2828 2829/2829/2829
f 2763/2763/2763 2829/2829/2829 2764/2764/2764
f 2764/2764/2764 2829/2829/2829 2830/2830/2830
f 2764/2764/2764 2830/2830/2830 2765/2765/2765
f 2765/2765/2765 2830/2830/2830 2831/2831/2831
f 2765/2765/2765 2831/2831/2831 2766/2766/2766
f 2766/2766/2766 2831/2831/2831 2832/2832/2832
f 2766/2766/2766 2832/2832/2832 2767/2767/2767
f 2767/2767/2767 2832/2832/2832 2833/2833/2833
f 2767/2767/2767 2833/2833/2833 2768/2768/2768
f 2768/2768/2768 2833/2833/2833 2834/2834/2834
f 2768/2768/2768 2834/2834/2834 2769/2769/2769
f 2769/2769/2769 2834/2834/2834 2835/2835/2835
f 2769/2769/2769 2835/2835/2835 2770/2770/2770
f 2770/2770/2770 2835/2835/2835 2836/2836/2836
f 2770/2770/2770 2836/2836/2836 2771/2771/2771
f 2771/2771/2771 2836/2836/2836 2837/2837/2837
f 2771/2771/2771 2837/2837/2837 2772/2772/2772
f 2772/2772/2772 2837/2837/2837 2838/2838/2838
f 2772/2772/2772 2838/2838/2838 2773/2773/2773
f 2773/2773/2773 2838/2838/2838 2839/2839/2839
f 2773/2773/2773 2839/2839/2839 2774/2774/2774
f 2774/2774/2774 2839/2839/2839 2840/2840/2840
f 2774/2774/2774 2840/2840/2840 2775/2775/2775
f 2775/2775/2775 2840/2840/2840 2841/2841/2841
f 2775/2775/2775 2841/2841/2841 2776/2776/2776
f 2776/2776/2776 2841/2841/2841 2842/2842/2842
f 2776/2776/2776 2842/2842/2842 2777/2777/2777
f 2777/2777/2777 2842/2842/2842 2843/2843/2843
f 2777/2777/2777 2843/2843/2843 2778/2778/2778
f 2778/2778/2778 2843/2843/2843 2844/2844/2844
f 2778/2778/2778 2844/2844/2844 2779/2779/2779
f 2779/2779/2779 2844/2844/2844 2845/2845/2845
f 2779/2779/2779 2845/2845/2845 2780/2780/2780
f 2780/2780/2780 2845/2845/2845 2846/2846/2846
f 2780/2780/2780 2846/2846/2846 2781/2781/2781
f 2781/2781/2781 2846/2846/2846 2847/2847/2847
f 2781/2781/2781 2847/2847/2847 2782/2782/2782
f 2782/2782/2782 2847/2847/2847 2848/2848/2848
f 2782/2782/2782 2848/2848/2848 2783/2783/2783
f 2783/2783/2783 2848/2848/2848 2849/2849/2849
f 2783/2783/2783 2849/2849/2849 2784/2784/2784
f 2784/2784/2784 2849/2849/2849 2850/2850/2850
f 2784/2784/2784 2850/2850/2850 2785/2785/2785
f 2785/2785/2785 2850/2850/2850 2851/2851/2851
f 2785/2785/2785 2851/2851/2851 2786/2786/2786
f 2786/2786/2786 2851/2851/2851 2852/2852/2852
f 2786/2786/2786 2852/2852/2852 2787/2787/2787
f 2787/2787/2787 2852/2852/2852 2853/2853/2853
f 2787/2787/2787 2853/2853/2853 2788/2788/2788
f 2788/2788/2788 2853/2853/2853 2854/2854/2854
f 2788/2788/2788 2854/2854/2854 2789/2789/2789
f 2789/2789/2789 2854/2854/2854 2855/2855/2855
f 2789/2789/2789 2855/2855/2855 2790/2790/2790
f 2790/2790/2790 2855/2855/2855 2856/2856/2856
f 2790/2790/2790 2856/2856/2856 2791/2791/2791
f 2791/2791/2791 2856/2856/2856 2857/2857/2857
f 2791/2791/2791 2857/2857/2857 2792/2792/2792
f 2792/2792/2792 2857/2857/2857 2858/2858/2858
f 2792/2792/2792 2858/2858/2858 2793/2793/2793
f 2793/2793/2793 2858/2858/2858 2859/2859/2859
f 2793/2793/2793 2859/2859/2859 2794/2794/2794
f 2794/2794/2794 2859/2859/2859 2860/2860/2860
f 2794/2794/2794 2860/2860/2860 2795/2795/2795
f 2796/2796/2796 2861/2861/2861 2862/2862/2862
f 2796/2796/2796 2862/2862/2862 2797/2797/2797
f 2797/2797/2797 2862/2862/2862 2863/2863/2863
f 2797/2797/2797 2863/2863/2863 2798/2798/2798
f 2798/2798/2798 2863/2863/2863 2864/2864/2864
f 2798/2798/2798 2864/2864/2864 2799/2799/2799
f 2799/2799/2799 2864/2864/2864 2865/2865/2865
f 2799/2799/2799 2865/2865/2865 2800/2800/2800
f 2800/2800/2800 2865/2865/2865 2866/2866/2866
f 2800/2800/2800 2866/2866/2866 2801/2801/2801
f 2801/2801/2801 2866/2866/2866 2867/2867/2867
f 2801/2801/2801 2867/2867/2867 2802/2802/2802
f 2802/2802/2802 2867/2867/2867 2868/2868/2868
f 2802/2802/2802 2868/2868/2868 2803/2803/2803
f 2803/2803/2803 2868/2868/2868 2869/2869/2869
f 2803/2803/2803 2869/2869/2869 2804/2804/2804
f 2804/2804/2804 2869/2869/2869 2870/2870/2870
f 2804/2804/2804 2870/2870/2870 2805/2805/2805
f 2805/2805/2805 2870/2870/2870 2871/2871/2871
f 2805/2805/2805 2871/2871/2871 2806/2806/2806
f 2806/2806/2806 2871/2871/2871 2872/2872/2872
f 2806/2806/2806 2872/2872/2872 2807/2807/2807
f 2807/2807/2807 2872/2872/2872 2873/2873/2873
f 2807/2807/2807 2873/2873/2873 2808/2808/2808
f 2808/2808/2808 2873/2873/2873 2874/2874/2874
f 2808/2808/2808 2874/2874/2874 2809/2809/2809
f 2809/2809/2809 2874/2874/2874 2875/2875/2875
f 2809/2809/2809 2875/2875/2875 2810/2810/2810
f 2810/2810/2810 2875/2875/2875 2876/2876/2876
f 2810/2810/2810 2876/2876/2876 2811/2811/2811
f 2811/2811/2811 2876/2876/2876 2877/2877/2877
f 2811/2811/2811 2877/2877/2877 2812/2812/2812
f 2812/2812/2812 2877/2877/2877 2878/2878/2878
f 2812/2812/2812 2878/2878/2878 2813/2813/2813
f 2813/2813/2813 2878/2878/2878 2879/2879/2879
f 2813/2813/2813 2879/2879/2879 2814/2814/2814
f 2814/2814/2814 2879/2879/2879 2880/2880/2880
f 2814/2814/2814 2880/2880/2880 2815/2815/2815
f 2815/2815/2815 2880/2880/2880 2881/2881/2881
f 2815/2815/2815 2881/2881/2881 2816/2816/2816
f 2816/2816/2816 2881/2881/2881 2882/2882/2882
f 2816/2816/2816 2882/2882/2882 2817/2817/2817
f 2817/2817/2817 2882/2882/2882 2883/2883/2883
f 2817/2817/2817 2883/2883/2883 2818/2818/2818
f 2818/2818/2818 2883/2883/2883 2884/2884/2884
f 2818/2818/2818 2884/2884/2884 2819/2819/2819
f 2819/2819/2819 2884/2884/2884 2885/2885/2885
f 2819/2819/2819 2885/2885/2885 2820/2820/2820
f 2820/2820/2820 2885/2885/2885 2886/2886/2886
f 2820/2820/2820 2886/2886/2886 2821/2821/2821
f 2821/2821/2821 2886/2886/2886 2887/2887/2887
f 2821/2821/2821 2887/2887/2887 2822/2822/2822
f 2822/2822/2822 2887/2887/2887 2888/2888/2888
f 2822/2822/2822 2888/2888/2888 2823/2823/2823
f 2823/2823/2823 2888/2888/2888 2889/2889/2889
f 2823/2823/2823 2889/2889/2889 2824/2824/2824
f 2824/2824/2824 2889/2889/2889 2890/2890/2890
f 2824/2824/2824 2890/2890/2890 2825/2825/2825
f 2825/2825/2825 2890/2890/2890 2891/2891/2891
f 2825/2825/2825 2891/2891/2891 2826/2826/2826
f 2826/2826/2826 2891/2891/2891 2892/2892/2892
f 2826/2826/2826 2892/2892/2892 2827/2827/2827
f 2827/2827/2827 2892/2892/2892 2893/2893/2893
f 2827/2827/2827 2893/2893/2893 2828/2828/2828
f 2828/2828/2828 2893/2893/2893 2894/2894/2894
f 2828/2828/2828 2894/2894/2894 2829/2829/2829
f 2829/2829/2829 2894/2894/2894 2895/2895/2895
f 2829/2829/2829 2895/2895/2895 2830/2830/2830
f 2830/2830/2830 2895/2895/2895 2896/2896/2896
f 2830/2830/2830 2896/2896/2896 2831/2831/2831
f 2831/2831/2831 2896/2896/2896 2897/2897/2897
f 2831/2831/2831 2897/2897/2897 2832/2832/2832
f 2832/2832/2832 2897/2897/2897 2898/2898/2898
f 2832/2832/2832 2898/2898/2898 2833/2833/2833
f 2833/2833/2833 2898/2898/2898 2899/2899/2899
f 2833/2833/2833 2899/2899/2899 2834/2834/2834
f 2834/2834/2834 2899/2899/2899 2900/2900/2900
f 2834/2834/2834 2900/2900/2900 2835/2835/2835
f 2835/2835/2835 2900/2900/2900 2901/2901/2901
f 2835/2835/2835 2901/2901/2901 2836/2836/2836
f 2836/2836/2836 2901/2901/2901 2902/2902/2902
f 2836/2836/2836 2902/2902/2902 2837/2837/2837
f 2837/2837/2837 2902/2902/2902 2903/2903/2903
f 2837/2837/2837 2903/2903/2903 2838/2838/2838
f 2838/2838/2838 2903/2903/2903 2904/2904/2904
f 2838/2838/2838 2904/2904/2904 2839/2839/2839
f 2839/2839/2839 2904/2904/2904 2905/2905/2905
f 2839/2839/2839 2905/2905/2905 2840/2840/2840
f 2840/2840/2840 2905/2905/2905 2906/2906/2906
f 2840/2840/2840 2906/2906/2906 2841/2841/2841
f 2841/2841/2841 2906/2906/2906 2907/2907/2907
f 2841/2841/2841 2907/2907/2907 2842/2842/2842
f 2842/2842/2842 2907/2907/2907 2908/2908/2908
f 2842/2842/2842 2908/2908/2908 2843/2843/2843
f 2843/2843/2843 2908/2908/2908 2909/2909/2909
f 2843/2843/2843 2909/2909/2909 2844/2844/2844
f 2844/2844/2844 2909/2909/2909 2910/2910/2910
f 2844/2844/2844 2910/2910/2910 2845/2845/2845
f 2845/2845/2845 2910/2910/2910 2911/2911/2911
f 2845/2845/2845 2911/2911/2911 2846/2846/2846
f 2846/2846/2846 2911/2911/2911 2912/2912/2912
f 2846/2846/2846 2912/2912/2912 2847/2847/2847
f 2847/2847/2847 2912/2912/2912 2913/2913/2913
f 2847/2847/2847 2913/2913/2913 2848/2848/2848
f 2848/2848/2848 2913/2913/2913 2914/2914/2914
f 2848/2848/2848 2914/2914/2914 2849/2849/2849
f 2849/2849/2849 2914/2914/2914 2915/2915/2915
f 2849/2849/2849 2915/2915/2915 2850/2850/2850
f 2850/2850/2850 2915/2915/2915 2916/2916/2916
f 2850/2850/2850 2916/2916/2916 2851/2851/2851
f 2851/2851/2851 2916/2916/2916 2917/2917/2917
f 2851/2851/2851 2917/2917/2917 2852/2852/2852
f 2852/2852/2852 2917/2917/2917 2918/2918/2918
f 2852/2852/2852 2918/2918/2918 2853/2853/2853
f 2853/2853/2853 2918/2918/2918 2919/2919/2919
f 2853/2853/2853 2919/2919/2919 2854/2854/2854
f 2854/2854/2854 2919/2919/2919 2920/2920/2920
f 2854/2854/2854 2920/2920/2920 2855/2855/2855
f 2855/2855/2855 2920/2920/2920 2921/2921/2921
f 2855/2855/2855 2921/2921/2921 2856/2856/2856
f 2856/2856/2856 2921/2921/2921 2922/2922/2922
f 2856/2856/2856 2922/2922/2922 2857/2857/2857
f 2857/2857/2857 2922/2922/2922 2923/2923/2923
f 2857/2857/2857 2923/2923/2923 2858/2858/2858
f 2858/2858/2858 2923/2923/2923 2924/2924/2924
f 2858/2858/2858 2924/2924/2924 2859/2859/2859
f 2859/2859/2859 2924/2924/2924 2925/2925/2925
f 2859/2859/2859 2925/2925/2925 2860/2860/2860
f 2861/2861/2861 2926/2926/2926 2927/2927/2927
f 2861/2861/2861 2927/2927/2927 2862/2862/2862
f 2862/2862/2862 2927/2927/2927 2928/2928/2928
f 2862/2862/2862 2928/2928/2928 2863/2863/2863
f 2863/2863/2863 2928/2928/2928 2929/2929/2929
f 2863/2863/2863 2929/2929/2929 2864/2864/2864
f 2864/2864/2864 2929/2929/2929 2930/2930/2930
f 2864/2864/2864 2930/2930/2930 2865/2865/2865
f 2865/2865/2865 2930/2930/2930 2931/2931/2931
f 2865/2865/2865 2931/2931/2931 2866/2866/2866
f 2866/2866/2866 2931/2931/2931 2932/2932/2932
f 2866/2866/2866 2932/2932/2932 2867/2867/2867
f 2867/2867/2867 2932/2932/2932 2933/2933/2933
f 2867/2867/2867 2933/2933/2933 2868/2868/2868
f 2868/2868/2868 2933/2933/2933 2934/2934/2934
f 2868/2868/2868 2934/2934/2934 2869/2869/2869
f 2869/2869/2869 2934/2934/2934 2935/2935/2935
f 2869/2869/2869 2935/2935/2935 2870/2870/2870
f 2870/2870/2870 2935/2935/2935 2936/2936/2936
f 2870/2870/2870 2936/2936/2936 2871/2871/2871
f 2871/2871/2871 2936/2936/2936 2937/2937/2937
f 2871/2871/2871 2937/2937/2937 2872/2872/2872
f 2872/2872/2872 2937/2937/2937 2938/2938/2938
f 2872/2872/2872 2938/2938/2938 2873/2873/2873
f 2873/2873/2873 2938/2938/2938 2939/2939/2939
f 2873/2873/2873 2939/2939/2939 2874/2874/2874
f 2874/2874/2874 2939/2939/2939 2940/2940/2940
f 2874/2874/2874 2940/2940/2940 2875/2875/2875
f 2875/2875/2875 2940/2940/2940 2941/2941/2941
f 2875/2875/2875 2941/2941/2941 2876/2876/2876
f 2876/2876/2876 2941/2941/2941 2942/2942/2942
f 2876/2876/2876 2942/2942/2942 2877/2877/2877
f 2877/2877/2877 2942/2942/2942 2943/2943/2943
f 2877/2877/2877 2943/2943/2943 2878/2878/2878
f 2878/2878/2878 2943/2943/2943 2944/2944/2944
f 2878/2878/2878 2944/2944/2944 2879/2879/2879
f 2879/2879/2879 2944/2944/2944 2945/2945/2945
f 2879/2879/2879 2945/2945/2945 2880/2880/2880
f 2880/2880/2880 2945/2945/2945 2946/2946/2946
f 2880/2880/2880 2946/2946/2946 2881/2881/2881
f 2881/2881/2881 2946/2946/2946 2947/2947/2947
f 2881/2881/2881 2947/2947/2947 2882/2882/2882
f 2882/2882/2882 2947/2947/2947 2948/2948/2948
f 2882/2882/2882 2948/2948/2948 2883/2883/2883
f 2883/2883/2883 2948/2948/2948 2949/2949/2949
f 2883/2883/2883 2949/2949/2949 2884/2884/2884
f 2884/2884/2884 2949/2949/2949 2950/2950/2950
f 2884/2884/2884 2950/2950/2950 2885/2885/2885
f 2885/2885/2885 2950/2950/2950 2951/2951/2951
f 2885/2885/2885 2951/2951/2951 2886/2886/2886
f 2886/2886/2886 2951/2951/2951 2952/2952/2952
f 2886/2886/2886 2952/2952/2952 2887/2887/2887
f 2887/2887/2887 2952/2952/2952 2953/2953/2953
f 2887/2887/2887 2953/2953/2953 2888/2888/2888
f 2888/2888/2888 2953/2953/2953 2954/2954/2954
f 2888/2888/2888 2954/2954/2954 2889/2889/2889
f 2889/2889/2889 2954/2954/2954 2955/2955/2955
f 2889/2889/2889 2955/2955/2955 2890/2890/2890
f 2890/2890/2890 2955/2955/2955 2956/2956/2956
f 2890/2890/2890 2956/2956/2956 2891/2891/2891
f 2891/2891/2891 2956/2956/2956 2957/2957/2957
f 2891/2891/2891 2957/2957/2957 2892/2892/2892
f 2892/2892/2892 2957/2957/2957 2958/2958/2958
f 2892/2892/2892 2958/2958/2958 2893/2893/2893
f 2893/2893/2893 2958/2958/2958 2959/2959/2959
f 2893/2893/2893 2959/2959/2959 2894/2894/2894
f 2894/2894/2894 2959/2959/2959 2960/2960/2960
f 2894/2894/2894 2960/2960/2960 2895/2895/2895
f 2895/2895/2895 2960/2960/2960 2961/2961/2961
f 2895/2895/2895 2961/2961/2961 2896/2896/2896
f 2896/2896/2896 2961/2961/2961 2962/2962/2962
f 2896/2896/2896 2962/2962/2962 2897/2897/2897
f 2897/2897/2897 2962/2962/2962 2963/2963/2963
f 2897/2897/2897 2963/2963/2963 2898/2898/2898
f 2898/2898/2898 2963/2963/2963 2964/2964/2964
f 2898/2898/2898 2964/2964/2964 2899/2899/2899
f 2899/2899/2899 2964/2964/2964 2965/2965/2965
f 2899/2899/2899 2965/2965/2965 2900/2900/2900
f 2900/2900/2900 2965/2965/2965 2966/2966/2966
f 2900/2900/2900 2966/2966/2966 2901/2901/2901
f 2901/2901/2901 2966/2966/2966 2967/2967/2967
f 2901/2901/2901 2967/2967/2967 2902/2902/2902
f 2902/2902/2902 2967/2967/2967 2968/2968/2968
f 2902/2902/2902 2968/2968/2968 2903/2903/2903
f 2903/2903/2903 2968/2968/2968 2969/2969/2969
f 2903/2903/2903 2969/2969/2969 2904/2904/2904
f 2904/2904/2904 2969/2969/2969 2970/2970/2970
f 2904/2904/2904 2970/2970/2970 2905/2905/2905
f 2905/2905/2905 2970/2970/2970 2971/2971/2971
f 2905/2905/2905 2971/2971/2971 2906/2906/2906
f 2906/2906/2906 2971/2971/2971 2972/2972/2972
f 2906/2906/2906 2972/2972/2972 2907/2907/2907
f 2907/2907/2907 2972/2972/2972 2973/2973/2973
f 2907/2907/2907 2973/2973/2973 2908/2908/2908
f 2908/2908/2908 2973/2973/2973 2974/2974/2974
f 2908/2908/2908 2974/2974/2974 2909/2909/2909
f 2909/2909/2909 2974/2974/2974 2975/2975/2975
f 2909/2909/2909 2975/2975/2975 2910/2910/2910
f 2910/2910/2910 2975/2975/2975 2976/2976/2976
f 2910/2910/2910 2976/2976/2976 2911/2911/2911
f 2911/2911/2911 2976/2976/2976 2977/2977/2977
f 2911/2911/2911 2977/2977/2977 2912/2912/2912
f 2912/2912/2912 2977/2977/2977 2978/2978/2978
f 2912/2912/2912 2978/2978/2978 2913/2913/2913
f 2913/2913/2913 2978/2978/2978 2979/2979/2979
f 2913/2913/2913 2979/2979/2979 2914/2914/2914
f 2914/2914/2914 2979/2979/2979 2980/2980/2980
f 2914/2914/2914 2980/2980/2980 2915/2915/2915
f 2915/2915/2915 2980/2980/2980 2981/2981/2981
f 2915/2915/2915 2981/2981/2981 2916/2916/2916
f 2916/2916/2916 2981/2981/2981 2982/2982/2982
f 2916/2916/2916 2982/2982/2982 2917/2917/2917
f 2917/2917/2917 2982/2982/2982 2983/2983/2983
f 2917/2917/2917 2983/2983/2983 2918/2918/2918
f 2918/2918/2918 2983/2983/2983 2984/2984/2984
f 2918/2918/2918 2984/2984/2984 2919/2919/2919
f 2919/2919/2919 2984/2984/2984 2985/2985/2985
f 2919/2919/2919 2985/2985/2985 2920/2920/2920
f 2920/2920/2920 2985/2985/2985 2986/2986/2986
f 2920/2920/2920 2986/2986/2986 2921/2921/2921
f 2921/2921/2921 2986/2986/2986 2987/2987/2987
f 2921/2921/2921 2987/2987/2987 2922/2922/2922
f 2922/2922/2922 2987/2987/2987 2988/2988/2988
f 2922/2922/2922 2988/2988/2988 2923/2923/2923
f 2923/2923/2923 2988/2988/2988 2989/2989/2989
f 2923/2923/2923 2989/2989/2989 2924/2924/2924
f 2924/2924/2924 2989/2989/2989 2990/2990/2990
f 2924/2924/2924 2990/2990/2990 2925/2925/2925
f 2926/2926/2926 2991/2991/2991 2992/2992/2992
f 2926/2926/2926 2992/2992/2992 2927/2927/2927
f 2927/2927/2927 2992/2992/2992 2993/2993/2993
f 2927/2927/2927 2993/2993/2993 2928/2928/2928
f 2928/2928/2928 2993/2993/2993 2994/2994/2994
f 2928/2928/2928 2994/2994/2994 2929/2929/2929
f 2929/2929/2929 2994/2994/2994 2995/2995/2995
f 2929/2929/2929 2995/2995/2995 2930/2930/2930
f 2930/2930/2930 2995/2995/2995 2996/2996/2996
f 2930/2930/2930 2996/2996/2996 2931/2931/2931
f 2931/2931/2931 2996/2996/2996 2997/2997/2997
f 2931/2931/2931 2997/2997/2997 2932/2932/2932
f 2932/2932/2932 2997/2997/2997 2998/2998/2998
f 2932/2932/2932 2998/2998/2998 2933/2933/2933
f 2933/2933/2933 2998/2998/2998 2999/2999/2999
f 2933/2933/2933 2999/2999/2999 2934/2934/2934
f 2934/2934/2934 2999/2999/2999 3000/3000/3000
f 2934/2934/2934 3000/3000/3000 2935/2935/2935
f 2935/2935/2935 3000/3000/3000 3001/3001/3001
f 2935/2935/2935 3001/3001/3001 2936/2936/2936
f 2936/2936/2936 3001/3001/3001 3002/3002/3002
f 2936/2936/2936 3002/3002/3002 2937/2937/2937
f 2937/2937/2937 3002/3002/3002 3003/3003/3003
f 2937/2937/2937 3003/3003/3003 2938/2938/2938
f 2938/2938/2938 3003/3003/3003 3004/3004/3004
f 2938/2938/2938 3004/3004/3004 2939/2939/2939
f 2939/2939/2939 3004/3004/3004 3005/3005/3005
f 2939/2939/2939 3005/3005/3005 2940/2940/2940
f 2940/2940/2940 3005/3005/3005 3006/3006/3006
f 2940/2940/2940 3006/3006/3006 2941/2941/2941
f 2941/2941/2941 3006/3006/3006 3007/3007/3007
f 2941/2941/2941 3007/3007/3007 2942/2942/2942
f 2942/2942/2942 3007/3007/3007 3008/3008/3008
f 2942/2942/2942 3008/3008/3008 2943/2943/2943
f 2943/2943/2943 3008/3008/3008 3009/3009/3009
f 2943/2943/2943 3009/3009/3009 2944/2944/2944
f 2944/2944/2944 3009/3009/3009 3010/3010/3010
f 2944/2944/2944 3010/3010/3010 2945/2945/2945
f 2945/2945/2945 3010/3010/3010 3011/3011/3011
f 2945/2945/2945 3011/3011/3011 2946/2946/2946
f 2946/2946/2946 3011/3011/3011 3012/3012/3012
f 2946/2946/2946 3012/3012/3012 2947/2947/2947
f 2947/2947/2947 3012/3012/3012 3013/3013/3013
f 2947/2947/2947 3013/3013/3013 2948/2948/2948
f 2948/2948/2948 3013/3013/3013 3014/3014/3014
f 2948/2948/2948 3014/3014/3014 2949/2949/2949
f 2949/2949/2949 3014/3014/3014 3015/3015/3015
f 2949/2949/2949 3015/3015/3015 2950/2950/2950
f 2950/2950/2950 3015/3015/3015 3016/3016/3016
f 2950/2950/2950 3016/3016/3016 2951/2951/2951
f 2951/2951/2951 3016/3016/3016 3017/3017/3017
f 2951/2951/2951 3017/3017/3017 2952/2952/2952
f 2952/2952/2952 3017/3017/3017 3018/3018/3018
f 2952/2952/2952 3018/3018/3018 2953/2953/2953
f 2953/2953/2953 3018/3018/3018 3019/3019/3019
f 2953/2953/2953 3019/3019/3019 2954/2954/2954
f 2954/2954/2954 3019/3019/3019 3020/3020/3020
f 2954/2954/2954 3020/3020/3020 2955/2955/2955
f 2955/2955/2955 3020/3020/3020 3021/3021/3021
f 2955/2955/2955 3021/3021/3021 2956/2956/2956
f 2956/2956/2956 3021/3021/3021 3022/3022/3022
f 2956/2956/2956 3022/3022/3022 2957/2957/2957
f 2957/2957/2957 3022/3022/3022 3023/3023/3023
f 2957/2957/2957 3023/3023/3023 2958/2958/2958
f 2958/2958/2958 3023/3023/3023 3024/3024/3024
f 2958/2958/2958 3024/3024/3024 2959/2959/2959
f 2959/2959/2959 3024/3024/3024 3025/3025/3025
f 2959/2959/2959 3025/3025/3025 2960/2960/2960
f 2960/2960/2960 3025/3025/3025 3026/3026/3026
f 2960/2960/2960 3026/3026/3026 2961/2961/2961
f 2961/2961/2961 3026/3026/3026 3027/3027/3027
f 2961/2961/2961 3027/3027/3027 2962/2962/2962
f 2962/2962/2962 3027/3027/3027 3028/3028/3028
f 2962/2962/2962 3028/3028/3028 2963/2963/2963
f 2963/2963/2963 3028/3028/3028 3029/3029/3029
f 2963/2963/2963 3029/3029/3029 2964/2964/2964
f 2964/2964/2964 3029/3029/3029 3030/3030/3030
f 2964/2964/2964 3030/3030/3030 2965/2965/2965
f 2965/2965/2965 3030/3030/3030 3031/3031/3031
f 2965/2965/2965 3031/3031/3031 2966/2966/2966
f 2966/2966/2966 3031/3031/3031 3032/3032/3032
f 2966/2966/2966 3032/3032/3032 2967/2967/2967
f 2967/2967/2967 3032/3032/3032 3033/3033/3033
f 2967/2967/2967 3033/3033/3033 2968/2968/2968
f 2968/2968/2968 3033/3033/3033 3034/3034/3034
f 2968/2968/2968 3034/3034/3034 2969/2969/2969
f 2969/2969/2969 3034/3034/3034 3035/3035/3035
f 2969/2969/2969 3035/3035/3035 2970/2970/2970
f 2970/2970/2970 3035/3035/3035 3036/3036/3036
f 2970/2970/2970 3036/3036/3036 2971/2971/2971
f 2971/2971/2971 3036/3036/3036 3037/3037/3037
f 2971/2971/2971 3037/3037/3037 2972/2972/2972
f 2972/2972/2972 3037/3037/3037 3038/3038/3038
f 2972/2972/2972 3038/3038/3038 2973/2973/2973
f 2973/2973/2973 3038/3038/3038 3039/3039/3039
f 2973/2973/2973 3039/3039/3039 2974/2974/2974
f 2974/2974/2974 3039/3039/3039 3040/3040/3040
f 2974/2974/2974 3040/3040/3040 2975/2975/2975
f 2975/2975/2975 3040/3040/3040 3041/3041/3041
f 2975/2975/2975 3041/3041/3041 2976/2976/2976
f 2976/2976/2976 3041/3041/3041 3042/3042/3042
f 2976/2976/2976 3042/3042/3042 2977/2977/2977
f 2977/2977/2977 3042/3042/3042 3043/3043/3043
f 2977/2977/2977 3043/3043/3043 2978/2978/2978
f 2978/2978/2978 3043/3043/3043 3044/3044/3044
f 2978/2978/2978 3044/3044/3044 2979/2979/2979
f 2979/2979/2979 3044/3044/3044 3045/3045/3045
f 2979/2979/2979 3045/3045/3045 2980/2980/2980
f 2980/2980/2980 3045/3045/3045 3046/3046/3046
f 2980/2980/2980 3046/3046/3046 2981/2981/2981
f 2981/2981/2981 3046/3046/3046 3047/3047/3047
f 2981/2981/2981 3047/3047/3047 2982/2982/2982
f 2982/2982/2982 3047/3047/3047 3048/3048/3048
f 2982/2982/2982 3048/3048/3048 2983/2983/2983
f 2983/2983/2983 3048/3048/3048 3049/3049/3049
f 2983/2983/2983 3049/3049/3049 2984/2984/2984
f 2984/2984/2984 3049/3049/3049 3050/3050/3050
f 2984/2984/2984 3050/3050/3050 2985/2985/2985
f 2985/2985/2985 3050/3050/3050 3051/3051/3051
f 2985/2985/2985 3051/3051/3051 2986/2986/2986
f 2986/2986/2986 3051/3051/3051 3052/3052/3052
f 2986/2986/2986 3052/3052/3052 2987/2987/2987
f 2987/2987/2987 3052/3052/3052 3053/3053/3053
f 2987/2987/2987 3053/3053/3053 2988/2988/2988
f 2988/2988/2988 3053/3053/3053 3054/3054/3054
f 2988/2988/2988 3054/3054/3054 2989/2989/2989
f 2989/2989/2989 3054/3054/3054 3055/3055/3055
f 2989/2989/2989 3055/3055/3055 2990/2990/2990
f 2991/2991/2991 3056/3056/3056 3057/3057/3057
f 2991/2991/2991 3057/3057/3057 2992/2992/2992
f 2992/2992/2992 3057/3057/3057 3058/3058/3058
f 2992/2992/2992 3058/3058/3058 2993/2993/2993
f 2993/2993/2993 3058/3058/3058 3059/3059/3059
f 2993/2993/2993 3059/3059/3059 2994/2994/2994
f 2994/2994/2994 3059/3059/3059 3060/3060/3060
f 2994/2994/2994 3060/3060/3060 2995/2995/2995
f 2995/2995/2995 3060/3060/3060 3061/3061/3061
f 2995/2995/2995 3061/3061/3061 2996/2996/2996
f 2996/2996/2996 3061/3061/3061 3062/3062/3062
f 2996/2996/2996 3062/3062/3062 2997/2997/2997
f 2997/2997/2997 3062/3062/3062 3063/3063/3063
f 2997/2997/2997 3063/3063/3063 2998/2998/2998
f 2998/2998/2998 3063/3063/3063 3064/3064/3064
f 2998/2998/2998 3064/3064/3064 2999/2999/2999
f 2999/2999/2999 3064/3064/3064 3065/3065/3065
f 2999/2999/2999 3065/3065/3065 3000/3000/3000
f 3000/3000/3000 3065/3065/3065 3066/3066/3066
f 3000/3000/3000 3066/3066/3066 3001/3001/3001
f 3001/3001/3001 3066/3066/3066 3067/3067/3067
f 3001/3001/3001 3067/3067/3067 3002/3002/3002
f 3002/3002/3002 3067/3067/3067 3068/3068/3068
f 3002/3002/3002 3068/3068/3068 3003/3003/3003
f 3003/3003/3003 3068/3068/3068 3069/3069/3069
f 3003/3003/3003 3069/3069/3069 3004/3004/3004
f 3004/3004/3004 3069/3069/3069 3070/3070/3070
f 3004/3004/3004 3070/3070/3070 3005/3005/3005
f 3005/3005/3005 3070/3070/3070 3071/3071/3071
f 3005/3005/3005 3071/3071/3071 3006/3006/3006
f 3006/3006/3006 3071/3071/3071 3072/3072/3072
f 3006/3006/3006 3072/3072/3072 3007/3007/3007
f 3007/3007/3007 3072/3072/3072 3073/3073/3073
f 3007/3007/3007 3073/3073/3073 3008/3008/3008
f 3008/3008/3008 3073/3073/3073 3074/3074/3074
f 3008/3008/3008 3074/3074/3074 3009/3009/3009
f 3009/3009/3009 3074/3074/3074 3075/3075/3075
f 3009/3009/3009 3075/3075/3075 3010/3010/3010
f 3010/3010/3010 3075/3075/3075 3076/3076/3076
f 3010/3010/3010 3076/3076/3076 3011/3011/3011
f 3011/3011/3011 3076/3076/3076 3077/3077/3077
f 3011/3011/3011 3077/3077/3077 3012/3012/3012
f 3012/3012/3012 3077/3077/3077 3078/3078/3078
f 3012/3012/3012 3078/3078/3078 3013/3013/3013
f 3013/3013/3013 3078/3078/3078 3079/3079/3079
f 3013/3013/3013 3079/3079/3079 3014/3014/3014
f 3014/3014/3014 3079/3079/3079 3080/3080/3080
f 3014/3014/3014 3080/3080/3080 3015/3015/3015
f 3015/3015/3015 3080/3080/3080 3081/3081/3081
f 3015/3015/3015 3081/3081/3081 3016/3016/3016
f 3016/3016/3016 3081/3081/3081 3082/3082/3082
f 3016/3016/3016 3082/3082/3082 3017/3017/3017
f 3017/3017/3017 3082/3082/3082 3083/3083/3083
f 3017/3017/3017 3083/3083/3083 3018/3018/3018
f 3018/3018/3018 3083/3083/3083 3084/3084/3084
f 3018/3018/3018 3084/3084/3084 3019/3019/3019
f 3019/3019/3019 3084/3084/3084 3085/3085/3085
f 3019/3019/3019 3085/3085/3085 3020/3020/3020
f 3020/3020/3020 3085/3085/3085 3086/3086/3086
f 3020/3020/3020 3086/3086/3086 3021/3021/3021
f 3021/3021/3021 3086/3086/3086 3087/3087/3087
f 3021/3021/3021 3087/3087/3087 3022/3022/3022
f 3022/3022/3022 3087/3087/3087 3088/3088/3088
f 3022/3022/3022 3088/3088/3088 3023/3023/3023
f 3023/3023/3023 3088/3088/3088 3089/3089/3089
f 3023/3023/3023 3089/3089/3089 3024/3024/3024
f 3024/3024/3024 3089/3089/3089 3090/3090/3090
f 3024/3024/3024 3090/3090/3090 3025/3025/3025
f 3025/3025/3025 3090/3090/3090 3091/3091/3091
f 3025/3025/3025 3091/3091/3091 3026/3026/3026
f 3026/3026/3026 3091/3091/3091 3092/3092/3092
f 3026/3026/3026 3092/3092/3092 3027/3027/3027
f 3027/3027/3027 3092/3092/3092 3093/3093/3093
f 3027/3027/3027 3093/3093/3093 3028/3028/3028
f 3028/3028/3028 3093/3093/3093 3094/3094/3094
f 3028/3028/3028 3094/3094/3094 3029/3029/3029
f 3029/3029/3029 3094/3094/3094 3095/3095/3095
f 3029/3029/3029 3095/3095/3095 3030/3030/3030
f 3030/3030/3030 3095/3095/3095 3096/3096/3096
f 3030/3030/3030 3096/3096/3096 3031/3031/3031
f 3031/3031/3031 3096/3096/3096 3097/3097/3097
f 3031/3031/3031 3097/3097/3097 3032/3032/3032
f 3032/3032/3032 3097/3097/3097 3098/3098/3098
f 3032/3032/3032 3098/3098/3098 3033/3033/3033
f 3033/3033/3033 3098/3098/3098 3099/3099/3099
f 3033/3033/3033 3099/3099/3099 3034/3034/3034
f 3034/3034/3034 3099/3099/3099 3100/3100/3100
f 3034/3034/3034 3100/3100/3100 3035/3035/3035
f 3035/3035/3035 3100/3100/3100 3101/3101/3101
f 3035/3035/3035 3101/3101/3101 3036/3036/3036
f 3036/3036/3036 3101/3101/3101 3102/3102/3102
f 3036/3036/3036 3102/3102/3102 3037/3037/3037
f 3037/3037/3037 3102/3102/3102 3103/3103/3103
f 3037/3037/3037 3103/3103/3103 3038/3038/3038
f 3038/3038/3038 3103/3103/3103 3104/3104/3104
f 3038/3038/3038 3104/3104/3104 3039/3039/3039
f 3039/3039/3039 3104/3104/3104 3105/3105/3105
f 3039/3039/3039 3105/3105/3105 3040/3040/3040
f 3040/3040/3040 3105/3105/3105 3106/3106/3106
f 3040/3040/3040 3106/3106/3106 3041/3041/3041
f 3041/3041/3041 3106/3106/3106 3107/3107/3107
f 3041/3041/3041 3107/3107/3107 3042/3042/3042
f 3042/3042/3042 3107/3107/3107 3108/3108/3108
f 3042/3042/3042 3108/3108/3108 3043/3043/3043
f 3043/3043/3043 3108/3108/3108 3109/3109/3109
f 3043/3043/3043 3109/3109/3109 3044/3044/3044
f 3044/3044/3044 3109/3109/3109 3110/3110/3110
f 3044/3044/3044 3110/3110/3110 3045/3045/3045
f 3045/3045/3045 3110/3110/3110 3111/3111/3111
f 3045/3045/3045 3111/3111/3111 3046/3046/3046
f 3046/3046/3046 3111/3111/3111 3112/3112/3112
f 3046/3046/3046 3112/3112/3112 3047/3047/3047
f 3047/3047/3047 3112/3112/3112 3113/3113/3113
f 3047/3047/3047 3113/3113/3113 3048/3048/3048
f 3048/3048/3048 3113/3113/3113 3114/3114/3114
f 3048/3048/3048 3114/3114/3114 3049/3049/3049
f 3049/3049/3049 3114/3114/3114 3115/3115/3115
f 3049/3049/3049 3115/3115/3115 3050/3050/3050
f 3050/3050/3050 3115/3115/3115 3116/3116/3116
f 3050/3050/3050 3116/3116/3116 3051/3051/3051
f 3051/3051/3051 3116/3116/3116 3117/3117/3117
f 3051/3051/3051 3117/3117/3117 3052/3052/3052
f 3052/3052/3052 3117/3117/3117 3118/3118/3118
f 3052/3052/3052 3118/3118/3118 3053/3053/3053
f 3053/3053/3053 3118/3118/3118 3119/3119/3119
f 3053/3053/3053 3119/3119/3119 3054/3054/3054
f 3054/3054/3054 3119/3119/3119 3120/3120/3120
f 3054/3054/3054 3120/3120/3120 3055/3055/3055
f 3056/3056/3056 3121/3121/3121 3122/3122/3122
f 3056/3056/3056 3122/3122/3122 3057/3057/3057
f 3057/3057/3057 3122/3122/3122 3123/3123/3123
f 3057/3057/3057 3123/3123/3123 3058/3058/3058
f 3058/3058/3058 3123/3123/3123 3124/3124/3124
f 3058/3058/3058 3124/3124/3124 3059/3059/3059
f 3059/3059/3059 3124/3124/3124 3125/3125/3125
f 3059/3059/3059 3125/3125/3125 3060/3060/3060
f 3060/3060/3060 3125/3125/3125 3126/3126/3126
f 3060/3060/3060 3126/3126/3126 3061/3061/3061
f 3061/3061/3061 3126/3126/3126 3127/3127/3127
f 3061/3061/3061 3127/3127/3127 3062/3062/3062
f 3062/3062/3062 3127/3127/3127 3128/3128/3128
f 3062/3062/3062 3128/3128/3128 3063/3063/3063
f 3063/3063/3063 3128/3128/3128 3129/3129/3129
f 3063/3063/3063 3129/3129/3129 3064/3064/3064
f 3064/3064/3064 3129/3129/3129 3130/3130/3130
f 3064/3064/3064 3130/3130/3130 3065/3065/3065
f 3065/3065/3065 3130/3130/3130 3131/3131/3131
f 3065/3065/3065 3131/3131/3131 3066/3066/3066
f 3066/3066/3066 3131/3131/3131 3132/3132/3132
f 3066/3066/3066 3132/3132/3132 3067/3067/3067
f 3067/3067/3067 3132/3132/3132 3133/3133/3133
f 3067/3067/3067 3133/3133/3133 3068/3068/3068
f 3068/3068/3068 3133/3133/3133 3134/3134/3134
f 3068/3068/3068 3134/3134/3134 3069/3069/3069
f 3069/3069/3069 3134/3134/3134 3135/3135/3135
f 3069/3069/3069 3135/3135/3135 3070/3070/3070
f 3070/3070/3070 3135/3135/3135 3136/3136/3136
f 3070/3070/3070 3136/3136/3136 3071/3071/3071
f 3071/3071/3071 3136/3136/3136 3137/3137/3137
f 3071/3071/3071 3137/3137/3137 3072/3072/3072
f 3072/3072/3072 3137/3137/3137 3138/3138/3138
f 3072/3072/3072 3138/3138/3138 3073/3073/3073
f 3073/3073/3073 3138/3138/3138 3139/3139/3139
f 3073/3073/3073 3139/3139/3139 3074/3074/3074
f 3074/3074/3074 3139/3139/3139 3140/3140/3140
f 3074/3074/3074 3140/3140/3140 3075/3075/3075
f 3075/3075/3075 3140/3140/3140 3141/3141/3141
f 3075/3075/3075 3141/3141/3141 3076/3076/3076
f 3076/3076/3076 3141/3141/3141 3142/3142/3142
f 3076/3076/3076 3142/3142/3142 3077/3077/3077
f 3077/3077/3077 3142/3142/3142 3143/3143/3143
f 3077/3077/3077 3143/3143/3143 3078/3078/3078
f 3078/3078/3078 3143/3143/3143 3144/3144/3144
f 3078/3078/3078 3144/3144/3144 3079/3079/3079
f 3079/3079/3079 3144/3144/3144 3145/3145/3145
f 3079/3079/3079 3145/3145/3145 3080/3080/3080
f 3080/3080/3080 3145/3145/3145 3146/3146/3146
f 3080/3080/3080 3146/3146/3146 3081/3081/3081
f 3081/3081/3081 3146/3146/3146 3147/3147/3147
f 3081/3081/3081 3147/3147/3147 3082/3082/3082
f 3082/3082/3082 3147/3147/3147 3148/3148/3148
f 3082/3082/3082 3148/3148/3148 3083/3083/3083
f 3083/3083/3083 3148/3148/3148 3149/3149/3149
f 3083/3083/3083 3149/3149/3149 3084/3084/3084
f 3084/3084/3084 3149/3149/3149 3150/3150/3150
f 3084/3084/3084 3150/3150/3150 3085/3085/3085
f 3085/3085/3085 3150/3150/3150 3151/3151/3151
f 3085/3085/3085 3151/3151/3151 3086/3086/3086
f 3086/3086/3086 3151/3151/3151 3152/3152/3152
f 3086/3086/3086 3152/3152/3152 3087/3087/3087
f 3087/3087/3087 3152/3152/3152 3153/3153/3153
f 3087/3087/3087 3153/3153/3153 3088/3088/3088
f 3088/3088/3088 3153/3153/3153 3154/3154/3154
f 3088/3088/3088 3154/3154/3154 3089/3089/3089
f 3089/3089/3089 3154/3154/3154 3155/3155/3155
f 3089/3089/3089 3155/3155/3155 3090/3090/3090
f 3090/3090/3090 3155/3155/3155 3156/3156/3156
f 3090/3090/3090 3156/3156/3156 3091/3091/3091
f 3091/3091/3091 3156/3156/3156 3157/3157/3157
f 3091/3091/3091 3157/3157/3157 3092/3092/3092
f 3092/3092/3092 3157/3157/3157 3158/3158/3158
f 3092/3092/3092 3158/3158/3158 3093/3093/3093
f 3093/3093/3093 3158/3158/3158 3159/3159/3159
f 3093/3093/3093 3159/3159/3159 3094/3094/3094
f 3094/3094/3094 3159/3159/3159 3160/3160/3160
f 3094/3094/3094 3160/3160/3160 3095/3095/3095
f 3095/3095/3095 3160/3160/3160 3161/3161/3161
f 3095/3095/3095 3161/3161/3161 3096/3096/3096
f 3096/3096/3096 3161/3161/3161 3162/3162/3162
f 3096/3096/3096 3162/3162/3162 3097/3097/3097
f 3097/3097/3097 3162/3162/3162 3163/3163/3163
f 3097/3097/3097 3163/3163/3163 3098/3098/3098
f 3098/3098/3098 3163/3163/3163 3164/3164/3164
f 3098/3098/3098 3164/3164/3164 3099/3099/3099
f 3099/3099/3099 3164/3164/3164 3165/3165/3165
f 3099/3099/3099 3165/3165/3165 3100/3100/3100
f 3100/3100/3100 3165/3165/3165 3166/3166/3166
f 3100/3100/3100 3166/3166/3166 3101/3101/3101
f 3101/3101/3101 3166/3166/3166 3167/3167/3167
f 3101/3101/3101 3167/3167/3167 3102/3102/3102
f 3102/3102/3102 3167/3167/3167 3168/3168/3168
f 3102/3102/3102 3168/3168/3168 3103/3103/3103
f 3103/3103/3103 3168/3168/3168 3169/3169/3169
f 3103/3103/3103 3169/3169/3169 3104/3104/3104
f 3104/3104/3104 3169/3169/3169 3170/3170/3170
f 3104/3104/3104 3170/3170/3170 3105/3105/3105
f 3105/3105/3105 3170/3170/3170 3171/3171/3171
f 3105/3105/3105 3171/3171/3171 3106/3106/3106
f 3106/3106/3106 3171/3171/3171 3172/3172/3172
f 3106/3106/3106 3172/3172/3172 3107/3107/3107
f 3107/3107/3107 3172/3172/3172 3173/3173/3173
f 3107/3107/3107 3173/3173/3173 3108/3108/3108
f 3108/3108/3108 3173/3173/3173 3174/3174/3174
f 3108/3108/3108 3174/3174/3174 3109/3109/3109
f 3109/3109/3109 3174/3174/3174 3175/3175/3175
f 3109/3109/3109 3175/3175/3175 3110/3110/3110
f 3110/3110/3110 3175/3175/3175 3176/3176/3176
f 3110/3110/3110 3176/3176/3176 3111/3111/3111
f 3111/3111/3111 3176/3176/3176 3177/3177/3177
f 3111/3111/3111 3177/3177/3177 3112/3112/3112
f 3112/3112/3112 3177/3177/3177 3178/3178/3178
f 3112/3112/3112 3178/3178/3178 3113/3113/3113
f 3113/3113/3113 3178/3178/3178 3179/3179/3179
f 3113/3113/3113 3179/3179/3179 3114/3114/3114
f 3114/3114/3114 3179/3179/3179 3180/3180/3180
f 3114/3114/3114 3180/3180/3180 3115/3115/3115
f 3115/3115/3115 3180/3180/3180 3181/3181/3181
f 3115/3115/3115 3181/3181/3181 3116/3116/3116
f 3116/3116/3116 3181/3181/3181 3182/3182/3182
f 3116/3116/3116 3182/3182/3182 3117/3117/3117
f 3117/3117/3117 3182/3182/3182 3183/3183/3183
f 3117/3117/3117 3183/3183/3183 3118/3118/3118
f 3118/3118/3118 3183/3183/3183 3184/3184/3184
f 3118/3118/3118 3184/3184/3184 3119/3119/3119
f 3119/3119/3119 3184/3184/3184 3185/3185/3185
f 3119/3119/3119 3185/3185/3185 3120/3120/3120
f 3121/3121/3121 3186/3186/3186 3187/3187/3187
f 3121/3121/3121 3187/3187/3187 3122/3122/3122
f 3122/3122/3122 3187/3187/3187 3188/3188/3188
f 3122/3122/3122 3188/3188/3188 3123/3123/3123
f 3123/3123/3123 3188/3188/3188 3189/3189/3189
f 3123/3123/3123 3189/3189/3189 3124/3124/3124
f 3124/3124/3124 3189/3189/3189 3190/3190/3190
f 3124/3124/3124 3190/3190/3190 3125/3125/3125
f 3125/3125/3125 3190/3190/3190 3191/3191/3191
f 3125/3125/3125 3191/3191/3191 3126/3126/3126
f 3126/3126/3126 3191/3191/3191 3192/3192/3192
f 3126/3126/3126 3192/3192/3192 3127/3127/3127
f 3127/3127/3127 3192/3192/3192 3193/3193/3193
f 3127/3127/3127 3193/3193/3193 3128/3128/3128
f 3128/3128/3128 3193/3193/3193 3194/3194/3194
f 3128/3128/3128 3194/3194/3194 3129/3129/3129
f 3129/3129/3129 3194/3194/3194 3195/3195/3195
f 3129/3129/3129 3195/3195/3195 3130/3130/3130
f 3130/3130/3130 3195/3195/3195 3196/3196/3196
f 3130/3130/3130 3196/3196/3196 3131/3131/3131
f 3131/3131/3131 3196/3196/3196 3197/3197/3197
f 3131/3131/3131 3197/3197/3197 3132/3132/3132
f 3132/3132/3132 3197/3197/3197 3198/3198/3198
f 3132/3132/3132 3198/3198/3198 3133/3133/3133
f 3133/3133/3133 3198/3198/3198 3199/3199/3199
f 3133/3133/3133 3199/3199/3199 3134/3134/3134
f 3134/3134/3134 3199/3199/3199 3200/3200/3200
f 3134/3134/3134 3200/3200/3200 3135/3135/3135
f 3135/3135/3135 3200/3200/3200 3201/3201/3201
f 3135/3135/3135 3201/3201/3201 3136/3136/3136
f 3136/3136/3136 3201/3201/3201 3202/3202/3202
f 3136/3136/3136 3202/3202/3202 3137/3137/3137
f 3137/3137/3137 3202/3202/3202 3203/3203/3203
f 3137/3137/3137 3203/3203/3203 3138/3138/3138
f 3138/3138/3138 3203/3203/3203 3204/3204/3204
f 3138/3138/3138 3204/3204/3204 3139/3139/3139
f 3139/3139/3139 3204/3204/3204 3205/3205/3205
f 3139/3139/3139 3205/3205/3205 3140/3140/3140
f 3140/3140/3140 3205/3205/3205 3206/3206/3206
f 3140/3140/3140 3206/3206/3206 3141/3141/3141
f 3141/3141/3141 3206/3206/3206 3207/3207/3207
f 3141/3141/3141 3207/3207/3207 3142/3142/3142
f 3142/3142/3142 3207/3207/3207 3208/3208/3208
f 3142/3142/3142 3208/3208/3208 3143/3143/3143
f 3143/3143/3143 3208/3208/3208 3209/3209/3209
f 3143/3143/3143 3209/3209/3209 3144/3144/3144
f 3144/3144/3144 3209/3209/3209 3210/3210/3210
f 3144/3144/3144 3210/3210/3210 3145/3145/3145
f 3145/3145/3145 3210/3210/3210 3211/3211/3211
f 3145/3145/3145 3211/3211/3211 3146/3146/3146
f 3146/3146/3146 3211/3211/3211 3212/3212/3212
f 3146/3146/3146 3212/3212/3212 3147/3147/3147
f 3147/3147/3147 3212/3212/3212 3213/3213/3213
f 3147/3147/3147 3213/3213/3213 3148/3148/3148
f 3148/3148/3148 3213/3213/3213 3214/3214/3214
f 3148/3148/3148 3214/3214/3214 3149/3149/3149
f 3149/3149/3149 3214/3214/3214 3215/3215/3215
f 3149/3149/3149 3215/3215/3215 3150/3150/3150
f 3150/3150/3150 3215/3215/3215 3216/3216/3216
f 3150/3150/3150 3216/3216/3216 3151/3151/3151
f 3151/3151/3151 3216/3216/3216 3217/3217/3217
f 3151/3151/3151 3217/3217/3217 3152/3152/3152
f 3152/3152/3152 3217/3217/3217 3218/3218/3218
f 3152/3152/3152 3218/3218/3218 3153/3153/3153
f 3153/3153/3153 3218/3218/3218 3219/3219/3219
f 3153/3153/3153 3219/3219/3219 3154/3154/3154
f 3154/3154/3154 3219/3219/3219 3220/3220/3220
f 3154/3154/3154 3220/3220/3220 3155/3155/3155
f 3155/3155/3155 3220/3220/3220 3221/3221/3221
f 3155/3155/3155 3221/3221/3221 3156/3156/3156
f 3156/3156/3156 3221/3221/3221 3222/3222/3222
f 3156/3156/3156 3222/3222/3222 3157/3157/3157
f 3157/3157/3157 3222/3222/3222 3223/3223/3223
f 3157/3157/3157 3223/3223/3223 3158/3158/3158
f 3158/3158/3158 3223/3223/3223 3224/3224/3224
f 3158/3158/3158 3224/3224/3224 3159/3159/3159
f 3159/3159/3159 3224/3224/3224 3225/3225/3225
f 3159/3159/3159 3225/3225/3225 3160/3160/3160
f 3160/3160/3160 3225/3225/3225 3226/3226/3226
f 3160/3160/3160 3226/3226/3226 3161/3161/3161
f 3161/3161/3161 3226/3226/3226 3227/3227/3227
f 3161/3161/3161 3227/3227/3227 3162/3162/3162
f 3162/3162/3162 3227/3227/3227 3228/3228/3228
f 3162/3162/3162 3228/3228/3228 3163/3163/3163
f 3163/3163/3163 3228/3228/3228 3229/3229/3229
f 3163/3163/3163 3229/3229/3229 3164/3164/3164
f 3164/3164/3164 3229/3229/3229 3230/3230/3230
f 3164/3164/3164 3230/3230/3230 3165/3165/3165
f 3165/3165/3165 3230/3230/3230 3231/3231/3231
f 3165/3165/3165 3231/3231/3231 3166/3166/3166
f 3166/3166/3166 3231/3231/3231 3232/3232/3232
f 3166/3166/3166 3232/3232/3232 3167/3167/3167
f 3167/3167/3167 3232/3232/3232 3233/3233/3233
f 3167/3167/3167 3233/3233/3233 3168/3168/3168
f 3168/3168/3168 3233/3233/3233 3234/3234/3234
f 3168/3168/3168 3234/3234/3234 3169/3169/3169
f 3169/3169/3169 3234/3234/3234 3235/3235/3235
f 3169/3169/3169 3235/3235/3235 3170/3170/3170
f 3170/3170/3170 3235/3235/3235 3236/3236/3236
f 3170/3170/3170 3236/3236/3236 3171/3171/3171
f 3171/3171/3171 3236/3236/3236 3237/3237/3237
f 3171/3171/3171 3237/3237/3237 3172/3172/3172
f 3172/3172/3172 3237/3237/3237 3238/3238/3238
f 3172/3172/3172 3238/3238/3238 3173/3173/3173
f 3173/3173/3173 3238/3238/3238 3239/3239/3239
f 3173/3173/3173 3239/3239/3239 3174/3174/3174
f 3174/3174/3174 3239/3239/3239 3240/3240/3240
f 3174/3174/3174 3240/3240/3240 3175/3175/3175
f 3175/3175/3175 3240/3240/3240 3241/3241/3241
f 3175/3175/3175 3241/3241/3241 3176/3176/3176
f 3176/3176/3176 3241/3241/3241 3242/3242/3242
f 3176/3176/3176 3242/3242/3242 3177/3177/3177
f 3177/3177/3177 3242/3242/3242 3243/3243/3243
f 3177/3177/3177 3243/3243/3243 3178/3178/3178
f 3178/3178/3178 3243/3243/3243 3244/3244/3244
f 3178/3178/3178 3244/3244/3244 3179/3179/3179
f 3179/3179/3179 3244/3244/3244 3245/3245/3245
f 3179/3179/3179 3245/3245/3245 3180/3180/3180
f 3180/3180/3180 3245/3245/3245 3246/3246/3246
f 3180/3180/3180 3246/3246/3246 3181/3181/3181
f 3181/3181/3181 3246/3246/3246 3247/3247/3247
f 3181/3181/3181 3247/3247/3247 3182/3182/3182
f 3182/3182/3182 3247/3247/3247 3248/3248/3248
f 3182/3182/3182 3248/3248/3248 3183/3183/3183
f 3183/3183/3183 3248/3248/3248 3249/3249/3249
f 3183/3183/3183 3249/3249/3249 3184/3184/3184
f 3184/3184/3184 3249/3249/3249 3250/3250/3250
f 3184/3184/3184 3250/3250/3250 3185/3185/3185
f 3186/3186/3186 3251/3251/3251 3252/3252/3252
f 3186/3186/3186 3252/3252/3252 3187/3187/3187
f 3187/3187/3187 3252/3252/3252 3253/3253/3253
f 3187/3187/3187 3253/3253/3253 3188/3188/3188
f 3188/3188/3188 3253/3253/3253 3254/3254/3254
f 3188/3188/3188 3254/3254/3254 3189/3189/3189
f 3189/3189/3189 3254/3254/3254 3255/3255/3255
f 3189/3189/3189 3255/3255/3255 3190/3190/3190
f 3190/3190/3190 3255/3255/3255 3256/3256/3256
f 3190/3190/3190 3256/3256/3256 3191/3191/3191
f 3191/3191/3191 3256/3256/3256 3257/3257/3257
f 3191/3191/3191 3257/3257/3257 3192/3192/3192
f 3192/3192/3192 3257/3257/3257 3258/3258/3258
f 3192/3192/3192 3258/3258/3258 3193/3193/3193
f 3193/3193/3193 3258/3258/3258 3259/3259/3259
f 3193/3193/3193 3259/3259/3259 3194/3194/3194
f 3194/3194/3194 3259/3259/3259 3260/3260/3260
f 3194/3194/3194 3260/3260/3260 3195/3195/3195
f 3195/3195/3195 3260/3260/3260 3261/3261/3261
f 3195/3195/3195 3261/3261/3261 3196/3196/3196
f 3196/3196/3196 3261/3261/3261 3262/3262/3262
f 3196/3196/3196 3262/3262/3262 3197/3197/3197
f 3197/3197/3197 3262/3262/3262 3263/3263/3263
f 3197/3197/3197 3263/3263/3263 3198/3198/3198
f 3198/3198/3198 3263/3263/3263 3264/3264/3264
f 3198/3198/3198 3264/3264/3264 3199/3199/3199
f 3199/3199/3199 3264/3264/3264 3265/3265/3265
f 3199/3199/3199 3265/3265/3265 3200/3200/3200
f 3200/3200/3200 3265/3265/3265 3266/3266/3266
f 3200/3200/3200 3266/3266/3266 3201/3201/3201
f 3201/3201/3201 3266/3266/3266 3267/3267/3267
f 3201/3201/3201 3267/3267/3267 3202/3202/3202
f 3202/3202/3202 3267/3267/3267 3268/3268/3268
f 3202/3202/3202 3268/3268/3268 3203/3203/3203
f 3203/3203/3203 3268/3268/3268 3269/3269/3269
f 3203/3203/3203 3269/3269/3269 3204/3204/3204
f 3204/3204/3204 3269/3269/3269 3270/3270/3270
f 3204/3204/3204 3270/3270/3270 3205/3205/3205
f 3205/3205/3205 3270/3270/3270 3271/3271/3271
f 3205/3205/3205 3271/3271/3271 3206/3206/3206
f 3206/3206/3206 3271/3271/3271 3272/3272/3272
f 3206/3206/3206 3272/3272/3272 3207/3207/3207
f 3207/3207/3207 3272/3272/3272 3273/3273/3273
f 3207/3207/3207 3273/3273/3273 3208/3208/3208
f 3208/3208/3208 3273/3273/3273 3274/3274/3274
f 3208/3208/3208 3274/3274/3274 3209/3209/3209
f 3209/3209/3209 3274/3274/3274 3275/3275/3275
f 3209/3209/3209 3275/3275/3275 3210/3210/3210
f 3210/3210/3210 3275/3275/3275 3276/3276/3276
f 3210/3210/3210 3276/3276/3276 3211/3211/3211
f 3211/3211/3211 3276/3276/3276 3277/3277/3277
f 3211/3211/3211 3277/3277/3277 3212/3212/3212
f 3212/3212/3212 3277/3277/3277 3278/3278/3278
f 3212/3212/3212 3278/3278/3278 3213/3213/3213
f 3213/3213/3213 3278/3278/3278 3279/3279/3279
f 3213/3213/3213 3279/3279/3279 3214/3214/3214
f 3214/3214/3214 3279/3279/3279 3280/3280/3280
f 3214/3214/3214 3280/3280/3280 3215/3215/3215
f 3215/3215/3215 3280/3280/3280 3281/3281/3281
f 3215/3215/3215 3281/3281/3281 3216/3216/3216
f 3216/3216/3216 3281/3281/3281 3282/3282/3282
f 3216/3216/3216 3282/3282/3282 3217/3217/3217
f 3217/3217/3217 3282/3282/3282 3283/3283/3283
f 3217/3217/3217 3283/3283/3283 3218/3218/3218
f 3218/3218/3218 3283/3283/3283 3284/3284/3284
f 3218/3218/3218 3284/3284/3284 3219/3219/3219
f 3219/3219/3219 3284/3284/3284 3285/3285/3285
f 3219/3219/3219 3285/3285/3285 3220/3220/3220
f 3220/3220/3220 3285/3285/3285 3286/3286/3286
f 3220/3220/3220 3286/3286/3286 3221/3221/3221
f 3221/3221/3221 3286/3286/3286 3287/3287/3287
f 3221/3221/3221 3287/3287/3287 3222/3222/3222
f 3222/3222/3222 3287/3287/3287 3288/3288/3288
f 3222/3222/3222 3288/3288/3288 3223/3223/3223
f 3223/3223/3223 3288/3288/3288 3289/3289/3289
f 3223/3223/3223 3289/3289/3289 3224/3224/3224
f 3224/3224/3224 3289/3289/3289 3290/3290/3290
f 3224/3224/3224 3290/3290/3290 3225/3225/3225
f 3225/3225/3225 3290/3290/3290 3291/3291/3291
f 3225/3225/3225 3291/3291/3291 3226/3226/3226
f 3226/3226/3226 3291/3291/3291 3292/3292/3292
f 3226/3226/3226 3292/3292/3292 3227/3227/3227
f 3227/3227/3227 3292/3292/3292 3293/3293/3293
f 3227/3227/3227 3293/3293/3293 3228/3228/3228
f 3228/3228/3228 3293/3293/3293 3294/3294/3294
f 3228/3228/3228 3294/3294/3294 3229/3229/3229
f 3229/3229/3229 3294/3294/3294 3295/3295/3295
f 3229/3229/3229 3295/3295/3295 3230/3230/3230
f 3230/3230/3230 3295/3295/3295 3296/3296/3296
f 3230/3230/3230 3296/3296/3296 3231/3231/3231
f 3231/3231/3231 3296/3296/3296 3297/3297/3297
f 3231/3231/3231 3297/3297/3297 3232/3232/3232
f 3232/3232/3232 3297/3297/3297 3298/3298/3298
f 3232/3232/3232 3298/3298/3298 3233/3233/3233
f 3233/3233/3233 3298/3298/3298 3299/3299/3299
f 3233/3233/3233 3299/3299/3299 3234/3234/3234
f 3234/3234/3234 3299/3299/3299 3300/3300/3300
f 3234/3234/3234 3300/3300/3300 3235/3235/3235
f 3235/3235/3235 3300/3300/3300 3301/3301/3301
f 3235/3235/3235 3301/3301/3301 3236/3236/3236
f 3236/3236/3236 3301/3301/3301 3302/3302/3302
f 3236/3236/3236 3302/3302/3302 3237/3237/3237
f 3237/3237/3237 3302/3302/3302 3303/3303/3303
f 3237/3237/3237 3303/3303/3303 3238/3238/3238
f 3238/3238/3238 3303/3303/3303 3304/3304/3304
f 3238/3238/3238 3304/3304/3304 3239/3239/3239
f 3239/3239/3239 3304/3304/3304 3305/3305/3305
f 3239/3239/3239 3305/3305/3305 3240/3240/3240
f 3240/3240/3240 3305/3305/3305 3306/3306/3306
f 3240/3240/3240 3306/3306/3306 3241/3241/3241
f 3241/3241/3241 3306/3306/3306 3307/3307/3307
f 3241/3241/3241 3307/3307/3307 3242/3242/3242
f 3242/3242/3242 3307/3307/3307 3308/3308/3308
f 3242/3242/3242 3308/3308/3308 3243/3243/3243
f 3243/3243/3243 3308/3308/3308 3309/3309/3309
f 3243/3243/3243 3309/3309/3309 3244/3244/3244
f 3244/3244/3244 3309/3309/3309 3310/3310/3310
f 3244/3244/3244 3310/3310/3310 3245/3245/3245
f 3245/3245/3245 3310/3310/3310 3311/3311/3311
f 3245/3245/3245 3311/3311/3311 3246/3246/3246
f 3246/3246/3246 3311/3311/3311 3312/3312/3312
f 3246/3246/3246 3312/3312/3312 3247/3247/3247
f 3247/3247/3247 3312/3312/3312 3313/3313/3313
f 3247/3247/3247 3313/3313/3313 3248/3248/3248
f 3248/3248/3248 3313/3313/3313 3314/3314/3314
f 3248/3248/3248 3314/3314/3314 3249/3249/3249
f 3249/3249/3249 3314/3314/3314 3315/3315/3315
f 3249/3249/3249 3315/3315/3315 3250/3250/3250
f 3251/3251/3251 3316/3316/3316 3317/3317/3317
f 3251/3251/3251 3317/3317/3317 3252/3252/3252
f 3252/3252/3252 3317/3317/3317 3318/3318/3318
f 3252/3252/3252 3318/3318/3318 3253/3253/3253
f 3253/3253/3253 3318/3318/3318 3319/3319/3319
f 3253/3253/3253 3319/3319/3319 3254/3254/3254
f 3254/3254/3254 3319/3319/3319 3320/3320/3320
f 3254/3254/3254 3320/3320/3320 3255/3255/3255
f 3255/3255/3255 3320/3320/3320 3321/3321/3321
f 3255/3255/3255 3321/3321/3321 3256/3256/3256
f 3256/3256/3256 3321/3321/3321 3322/3322/3322
f 3256/3256/3256 3322/3322/3322 3257/3257/3257
f 3257/3257/3257 3322/3322/3322 3323/3323/3323
f 3257/3257/3257 3323/3323/3323 3258/3258/3258
f 3258/3258/3258 3323/3323/3323 3324/3324/3324
f 3258/3258/3258 3324/3324/3324 3259/3259/3259
f 3259/3259/3259 3324/3324/3324 3325/3325/3325
f 3259/3259/3259 3325/3325/3325 3260/3260/3260
f 3260/3260/3260 3325/3325/3325 3326/3326/3326
f 3260/3260/3260 3326/3326/3326 3261/3261/3261
f 3261/3261/3261 3326/3326/3326 3327/3327/3327
f 3261/3261/3261 3327/3327/3327 3262/3262/3262
f 3262/3262/3262 3327/3327/3327 3328/3328/3328
f 3262/3262/3262 3328/3328/3328 3263/3263/3263
f 3263/3263/3263 3328/3328/3328 3329/3329/3329
f 3263/3263/3263 3329/3329/3329 3264/3264/3264
f 3264/3264/3264 3329/3329/3329 3330/3330/3330
f 3264/3264/3264 3330/3330/3330 3265/3265/3265
f 3265/3265/3265 3330/3330/3330 3331/3331/3331
f 3265/3265/3265 3331/3331/3331 3266/3266/3266
f 3266/3266/3266 3331/3331/3331 3332/3332/3332
f 3266/3266/3266 3332/3332/3332 3267/3267/3267
f 3267/3267/3267 3332/3332/3332 3333/3333/3333
f 3267/3267/3267 3333/3333/3333 3268/3268/3268
f 3268/3268/3268 3333/3333/3333 3334/3334/3334
f 3268/3268/3268 3334/3334/3334 3269/3269/3269
f 3269/3269/3269 3334/3334/3334 3335/3335/3335
f 3269/3269/3269 3335/3335/3335 3270/3270/3270
f 3270/3270/3270 3335/3335/3335 3336/3336/3336
f 3270/3270/3270 3336/3336/3336 3271/3271/3271
f 3271/3271/3271 3336/3336/3336 3337/3337/3337
f 3271/3271/3271 3337/3337/3337 3272/3272/3272
f 3272/3272/3272 3337/3337/3337 3338/3338/3338
f 3272/3272/3272 3338/3338/3338 3273/3273/3273
f 3273/3273/3273 3338/3338/3338 3339/3339/3339
f 3273/3273/3273 3339/3339/3339 3274/3274/3274
f 3274/3274/3274 3339/3339/3339 3340/3340/3340
f 3274/3274/3274 3340/3340/3340 3275/3275/3275
f 3275/3275/3275 3340/3340/3340 3341/3341/3341
f 3275/3275/3275 3341/3341/3341 3276/3276/3276
f 3276/3276/3276 3341/3341/3341 3342/3342/3342
f 3276/3276/3276 3342/3342/3342 3277/3277/3277
f 3277/3277/3277 3342/3342/3342 3343/3343/3343
f 3277/3277/3277 3343/3343/3343 3278/3278/3278
f 3278/3278/3278 3343/3343/3343 3344/3344/3344
f 3278/3278/3278 3344/3344/3344 3279/3279/3279
f 3279/3279/3279 3344/3344/3344 3345/3345/3345
f 3279/3279/3279 3345/3345/3345 3280/3280/3280
f 3280/3280/3280 3345/3345/3345 3346/3346/3346
f 3280/3280/3280 3346/3346/3346 3281/3281/3281
f 3281/3281/3281 3346/3346/3346 3347/3347/3347
f 3281/3281/3281 3347/3347/3347 3282/3282/3282
f 3282/3282/3282 3347/3347/3347 3348/3348/3348
f 3282/3282/3282 3348/3348/3348 3283/3283/3283
f 3283/3283/3283 3348/3348/3348 3349/3349/3349
f 3283/3283/3283 3349/3349/3349 3284/3284/3284
f 3284/3284/3284 3349/3349/3349 3350/3350/3350
f 3284/3284/3284 3350/3350/3350 3285/3285/3285
f 3285/3285/3285 3350/3350/3350 3351/3351/3351
f 3285/3285/3285 3351/3351/3351 3286/3286/3286
f 3286/3286/3286 3351/3351/3351 3352/3352/3352
f 3286/3286/3286 3352/3352/3352 3287/3287/3287
f 3287/3287/3287 3352/3352/3352 3353/3353/3353
f 3287/3287/3287 3353/3353/3353 3288/3288/3288
f 3288/3288/3288 3353/3353/3353 3354/3354/3354
f 3288/3288/3288 3354/3354/3354 3289/3289/3289
f 3289/3289/3289 3354/3354/3354 3355/3355/3355
f 3289/3289/3289 3355/3355/3355 3290/3290/3290
f 3290/3290/3290 3355/3355/3355 3356/3356/3356
f 3290/3290/3290 3356/3356/3356 3291/3291/3291
f 3291/3291/3291 3356/3356/3356 3357/3357/3357
f 3291/3291/3291 3357/3357/3357 3292/3292/3292
f 3292/3292/3292 3357/3357/3357 3358/3358/3358
f 3292/3292/3292 3358/3358/3358 3293/3293/3293
f 3293/3293/3293 3358/3358/3358 3359/3359/3359
f 3293/3293/3293 3359/3359/3359 3294/3294/3294
f 3294/3294/3294 3359/3359/3359 3360/3360/3360
f 3294/3294/3294 3360/3360/3360 3295/3295/3295
f 3295/3295/3295 3360/3360/3360 3361/3361/3361
f 3295/3295/3295 3361/3361/3361 3296/3296/3296
f 3296/3296/3296 3361/3361/3361 3362/3362/3362
f 3296/3296/3296 3362/3362/3362 3297/3297/3297
f 3297/3297/3297 3362/3362/3362 3363/3363/3363
f 3297/3297/3297 3363/3363/3363 3298/3298/3298
f 3298/3298/3298 3363/3363/3363 3364/3364/3364
f 3298/3298/3298 3364/3364/3364 3299/3299/3299
f 3299/3299/3299 3364/3364/3364 3365/3365/3365
f 3299/3299/3299 3365/3365/3365 3300/3300/3300
f 3300/3300/3300 3365/3365/3365 3366/3366/3366
f 3300/3300/3300 3366/3366/3366 3301/3301/3301
f 3301/3301/3301 3366/3366/3366 3367/3367/3367
f 3301/3301/3301 3367/3367/3367 3302/3302/3302
f 3302/3302/3302 3367/3367/3367 3368/3368/3368
f 3302/3302/3302 3368/3368/3368 3303/3303/3303
f 3303/3303/3303 3368/3368/3368 3369/3369/3369
f 3303/3303/3303 3369/3369/3369 3304/3304/3304
f 3304/3304/3304 3369/3369/3369 3370/3370/3370
f 3304/3304/3304 3370/3370/3370 3305/3305/3305
f 3305/3305/3305 3370/3370/3370 3371/3371/3371
f 3305/3305/3305 3371/3371/3371 3306/3306/3306
f 3306/3306/3306 3371/3371/3371 3372/3372/3372
f 3306/3306/3306 3372/3372/3372 3307/3307/3307
f 3307/3307/3307 3372/3372/3372 3373/3373/3373
f 3307/3307/3307 3373/3373/3373 3308/3308/3308
f 3308/3308/3308 3373/3373/3373 3374/3374/3374
f 3308/3308/3308 3374/3374/3374 3309/3309/3309
f 3309/3309/3309 3374/3374/3374 3375/3375/3375
f 3309/3309/3309 3375/3375/3375 3310/3310/3310
f 3310/3310/3310 3375/3375/3375 3376/3376/3376
f 3310/3310/3310 3376/3376/3376 3311/3311/3311
f 3311/3311/3311 3376/3376/3376 3377/3377/3377
f 3311/3311/3311 3377/3377/3377 3312/3312/3312
f 3312/3312/3312 3377/3377/3377 3378/3378/3378
f 3312/3312/3312 3378/3378/3378 3313/3313/3313
f 3313/3313/3313 3378/3378/3378 3379/3379/3379
f 3313/3313/3313 3379/3379/3379 3314/3314/3314
f 3314/3314/3314 3379/3379/3379 3380/3380/3380
f 3314/3314/3314 3380/3380/3380 3315/3315/3315
f 3316/3316/3316 3381/3381/3381 3382/3382/3382
f 3316/3316/3316 3382/3382/3382 3317/3317/3317
f 3317/3317/3317 3382/3382/3382 3383/3383/3383
f 3317/3317/3317 3383/3383/3383 3318/3318/3318
f 3318/3318/3318 3383/3383/3383 3384/3384/3384
f 3318/3318/3318 3384/3384/3384 3319/3319/3319
f 3319/3319/3319 3384/3384/3384 3385/3385/3385
f 3319/3319/3319 3385/3385/3385 3320/3320/3320
f 3320/3320/3320 3385/3385/3385 3386/3386/3386
f 3320/3320/3320 3386/3386/3386 3321/3321/3321
f 3321/3321/3321 3386/3386/3386 3387/3387/3387
f 3321/3321/3321 3387/3387/3387 3322/3322/3322
f 3322/3322/3322 3387/3387/3387 3388/3388/3388
f 3322/3322/3322 3388/3388/3388 3323/3323/3323
f 3323/3323/3323 3388/3388/3388 3389/3389/3389
f 3323/3323/3323 3389/3389/3389 3324/3324/3324
f 3324/3324/3324 3389/3389/3389 3390/3390/3390
f 3324/3324/3324 3390/3390/3390 3325/3325/3325
f 3325/3325/3325 3390/3390/3390 3391/3391/3391
f 3325/3325/3325 3391/3391/3391 3326/3326/3326
f 3326/3326/3326 3391/3391/3391 3392/3392/3392
f 3326/3326/3326 3392/3392/3392 3327/3327/3327
f 3327/3327/3327 3392/3392/3392 3393/3393/3393
f 3327/3327/3327 3393/3393/3393 3328/3328/3328
f 3328/3328/3328 3393/3393/3393 3394/3394/3394
f 3328/3328/3328 3394/3394/3394 3329/3329/3329
f 3329/3329/3329 3394/3394/3394 3395/3395/3395
f 3329/3329/3329 3395/3395/3395 3330/3330/3330
f 3330/3330/3330 3395/3395/3395 3396/3396/3396
f 3330/3330/3330 3396/3396/3396 3331/3331/3331
f 3331/3331/3331 3396/3396/3396 3397/3397/3397
f 3331/3331/3331 3397/3397/3397 3332/3332/3332
f 3332/3332/3332 3397/3397/3397 3398/3398/3398
f 3332/3332/3332 3398/3398/3398 3333/3333/3333
f 3333/3333/3333 3398/3398/3398 3399/3399/3399
f 3333/3333/3333 3399/3399/3399 3334/3334/3334
f 3334/3334/3334 3399/3399/3399 3400/3400/3400
f 3334/3334/3334 3400/3400/3400 3335/3335/3335
f 3335/3335/3335 3400/3400/3400 3401/3401/3401
f 3335/3335/3335 3401/3401/3401 3336/3336/3336
f 3336/3336/3336 3401/3401/3401 3402/3402/3402
f 3336/3336/3336 3402/3402/3402 3337/3337/3337
f 3337/3337/3337 3402/3402/3402 3403/3403/3403
f 3337/3337/3337 3403/3403/3403 3338/3338/3338
f 3338/3338/3338 3403/3403/3403 3404/3404/3404
f 3338/3338/3338 3404/3404/3404 3339/3339/3339
f 3339/3339/3339 3404/3404/3404 3405/3405/3405
f 3339/3339/3339 3405/3405/3405 3340/3340/3340
f 3340/3340/3340 3405/3405/3405 3406/3406/3406
f 3340/3340/3340 3406/3406/3406 3341/3341/3341
f 3341/3341/3341 3406/3406/3406 3407/3407/3407
f 3341/3341/3341 3407/3407/3407 3342/3342/3342
f 3342/3342/3342 3407/3407/3407 3408/3408/3408
f 3342/3342/3342 3408/3408/3408 3343/3343/3343
f 3343/3343/3343 3408/3408/3408 3409/3409/3409
f 3343/3343/3343 3409/3409/3409 3344/3344/3344
f 3344/3344/3344 3409/3409/3409 3410/3410/3410
f 3344/3344/3344 3410/3410/3410 3345/3345/3345
f 3345/3345/3345 3410/3410/3410 3411/3411/3411
f 3345/3345/3345 3411/3411/3411 3346/3346/3346
f 3346/3346/3346 3411/3411/3411 3412/3412/3412
f 3346/3346/3346 3412/3412/3412 3347/3347/3347
f 3347/3347/3347 3412/3412/3412 3413/3413/3413
f 3347/3347/3347 3413/3413/3413 3348/3348/3348
f 3348/3348/3348 3413/3413/3413 3414/3414/3414
f 3348/3348/3348 3414/3414/3414 3349/3349/3349
f 3349/3349/3349 3414/3414/3414 3415/3415/3415
f 3349/3349/3349 3415/3415/3415 3350/3350/3350
f 3350/3350/3350 3415/3415/3415 3416/3416/3416
f 3350/3350/3350 3416/3416/3416 3351/3351/3351
f 3351/3351/3351 3416/3416/3416 3417/3417/3417
f 3351/3351/3351 3417/3417/3417 3352/3352/3352
f 3352/3352/3352 3417/3417/3417 3418/3418/3418
f 3352/3352/3352 3418/3418/3418 3353/3353/3353
f 3353/3353/3353 3418/3418/3418 3419/3419/3419
f 3353/3353/3353 3419/3419/3419 3354/3354/3354
f 3354/3354/3354 3419/3419/3419 3420/3420/3420
f 3354/3354/3354 3420/3420/3420 3355/3355/3355
f 3355/3355/3355 3420/3420/3420 3421/3421/3421
f 3355/3355/3355 3421/3421/3421 3356/3356/3356
f 3356/3356/3356 3421/3421/3421 3422/3422/3422
f 3356/3356/3356 3422/3422/3422 3357/3357/3357
f 3357/3357/3357 3422/3422/3422 3423/3423/3423
f 3357/3357/3357 3423/3423/3423 3358/3358/3358
f 3358/3358/3358 3423/3423/3423 3424/3424/3424
f 3358/3358/3358 3424/3424/3424 3359/3359/3359
f 3359/3359/3359 3424/3424/3424 3425/3425/3425
f 3359/3359/3359 3425/3425/3425 3360/3360/3360
f 3360/3360/3360 3425/3425/3425 3426/3426/3426
f 3360/3360/3360 3426/3426/3426 3361/3361/3361
f 3361/3361/3361 3426/3426/3426 3427/3427/3427
f 3361/3361/3361 3427/3427/3427 3362/3362/3362
f 3362/3362/3362 3427/3427/3427 3428/3428/3428
f 3362/3362/3362 3428/3428/3428 3363/3363/3363
f 3363/3363/3363 3428/3428/3428 3429/3429/3429
f 3363/3363/3363 3429/3429/3429 3364/3364/3364
f 3364/3364/3364 3429/3429/3429 3430/3430/3430
f 3364/3364/3364 3430/3430/3430 3365/3365/3365
f 3365/3365/3365 3430/3430/3430 3431/3431/3431
f 3365/3365/3365 3431/3431/3431 3366/3366/3366
f 3366/3366/3366 3431/3431/3431 3432/3432/3432
f 3366/3366/3366 3432/3432/3432 3367/3367/3367
f 3367/3367/3367 3432/3432/3432 3433/3433/3433
f 3367/3367/3367 3433/3433/3433 3368/3368/3368
f 3368/3368/3368 3433/3433/3433 3434/3434/3434
f 3368/3368/3368 3434/3434/3434 3369/3369/3369
f 3369/3369/3369 3434/3434/3434 3435/3435/3435
f 3369/3369/3369 3435/3435/3435 3370/3370/3370
f 3370/3370/3370 3435/3435/3435 3436/3436/3436
f 3370/3370/3370 3436/3436/3436 3371/3371/3371
f 3371/3371/3371 3436/3436/3436 3437/3437/3437
f 3371/3371/3371 3437/3437/3437 3372/3372/3372
f 3372/3372/3372 3437/3437/3437 3438/3438/3438
f 3372/3372/3372 3438/3438/3438 3373/3373/3373
f 3373/3373/3373 3438/3438/3438 3439/3439/3439
f 3373/3373/3373 3439/3439/3439 3374/3374/3374
f 3374/3374/3374 3439/3439/3439 3440/3440/3440
f 3374/3374/3374 3440/3440/3440 3375/3375/3375
f 3375/3375/3375 3440/3440/3440 3441/3441/3441
f 3375/3375/3375 3441/3441/3441 3376/3376/3376
f 3376/3376/3376 3441/3441/3441 3442/3442/3442
f 3376/3376/3376 3442/3442/3442 3377/3377/3377
f 3377/3377/3377 3442/3442/3442 3443/3443/3443
f 3377/3377/3377 3443/3443/3443 3378/3378/3378
f 3378/3378/3378 3443/3443/3443 3444/3444/3444
f 3378/3378/3378 3444/3444/3444 3379/3379/3379
f 3379/3379/3379 3444/3444/3444 3445/3445/3445
f 3379/3379/3379 3445/3445/3445 3380/3380/3380
f 3381/3381/3381 3446/3446/3446 3447/3447/3447
f 3381/3381/3381 3447/3447/3447 3382/3382/3382
f 3382/3382/3382 3447/3447/3447 3448/3448/3448
f 3382/3382/3382 3448/3448/3448 3383/3383/3383
f 3383/3383/3383 3448/3448/3448 3449/3449/3449
f 3383/3383/3383 3449/3449/3449 3384/3384/3384
f 3384/3384/3384 3449/3449/3449 3450/3450/3450
f 3384/3384/3384 3450/3450/3450 3385/3385/3385
f 3385/3385/3385 3450/3450/3450 3451/3451/3451
f 3385/3385/3385 3451/3451/3451 3386/3386/3386
f 3386/3386/3386 3451/3451/3451 3452/3452/3452
f 3386/3386/3386 3452/3452/3452 3387/3387/3387
f 3387/3387/3387 3452/3452/3452 3453/3453/3453
f 3387/3387/3387 3453/3453/3453 3388/3388/3388
f 3388/3388/3388 3453/3453/3453 3454/3454/3454
f 3388/3388/3388 3454/3454/3454 3389/3389/3389
f 3389/3389/3389 3454/3454/3454 3455/3455/3455
f 3389/3389/3389 3455/3455/3455 3390/3390/3390
f 3390/3390/3390 3455/3455/3455 3456/3456/3456
f 3390/3390/3390 3456/3456/3456 3391/3391/3391
f 3391/3391/3391 3456/3456/3456 3457/3457/3457
f 3391/3391/3391 3457/3457/3457 3392/3392/3392
f 3392/3392/3392 3457/3457/3457 3458/3458/3458
f 3392/3392/3392 3458/3458/3458 3393/3393/3393
f 3393/3393/3393 3458/3458/3458 3459/3459/3459
f 3393/3393/3393 3459/3459/3459 3394/3394/3394
f 3394/3394/3394 3459/3459/3459 3460/3460/3460
f 3394/3394/3394 3460/3460/3460 3395/3395/3395
f 3395/3395/3395 3460/3460/3460 3461/3461/3461
f 3395/3395/3395 3461/3461/3461 3396/3396/3396
f 3396/3396/3396 3461/3461/3461 3462/3462/3462
f 3396/3396/3396 3462/3462/3462 3397/3397/3397
f 3397/3397/3397 3462/3462/3462 3463/3463/3463
f 3397/3397/3397 3463/3463/3463 3398/3398/3398
f 3398/3398/3398 3463/3463/3463 3464/3464/3464
f 3398/3398/3398 3464/3464/3464 3399/3399/3399
f 3399/3399/3399 3464/3464/3464 3465/3465/3465
f 3399/3399/3399 3465/3465/3465 3400/3400/3400
f 3400/3400/3400 3465/3465/3465 3466/3466/3466
f 3400/3400/3400 3466/3466/3466 3401/3401/3401
f 3401/3401/3401 3466/3466/3466 3467/3467/3467
f 3401/3401/3401 3467/3467/3467 3402/3402/3402
f 3402/3402/3402 3467/3467/3467 3468/3468/3468
f 3402/3402/3402 3468/3468/3468 3403/3403/3403
f 3403/3403/3403 3468/3468/3468 3469/3469/3469
f 3403/3403/3403 3469/3469/3469 3404/3404/3404
f 3404/3404/3404 3469/3469/3469 3470/3470/3470
f 3404/3404/3404 3470/3470/3470 3405/3405/3405
f 3405/3405/3405 3470/3470/3470 3471/3471/3471
f 3405/3405/3405 3471/3471/3471 3406/3406/3406
f 3406/3406/3406 3471/3471/3471 3472/3472/3472
f 3406/3406/3406 3472/3472/3472 3407/3407/3407
f 3407/3407/3407 3472/3472/3472 3473/3473/3473
f 3407/3407/3407 3473/3473/3473 3408/3408/3408
f 3408/3408/3408 3473/3473/3473 3474/3474/3474
f 3408/3408/3408 3474/3474/3474 3409/3409/3409
f 3409/3409/3409 3474/3474/3474 3475/3475/3475
f 3409/3409/3409 3475/3475/3475 3410/3410/3410
f 3410/3410/3410 3475/3475/3475 3476/3476/3476
f 3410/3410/3410 3476/3476/3476 3411/3411/3411
f 3411/3411/3411 3476/3476/3476 3477/3477/3477
f 3411/3411/3411 3477/3477/3477 3412/3412/3412
f 3412/3412/3412 3477/3477/3477 3478/3478/3478
f 3412/3412/3412 3478/3478/3478 3413/3413/3413
f 3413/3413/3413 3478/3478/3478 3479/3479/3479
f 3413/3413/3413 3479/3479/3479 3414/3414/3414
f 3414/3414/3414 3479/3479/3479 3480/3480/3480
f 3414/3414/3414 3480/3480/3480 3415/3415/3415
f 3415/3415/3415 3480/3480/3480 3481/3481/3481
f 3415/3415/3415 3481/3481/3481 3416/3416/3416
f 3416/3416/3416 3481/3481/3481 3482/3482/3482
f 3416/3416/3416 3482/3482/3482 3417/3417/3417
f 3417/3417/3417 3482/3482/3482 3483/3483/3483
f 3417/3417/3417 3483/3483/3483 3418/3418/3418
f 3418/3418/3418 3483/3483/3483 3484/3484/3484
f 3418/3418/3418 3484/3484/3484 3419/3419/3419
f 3419/3419/3419 3484/3484/3484 3485/3485/3485
f 3419/3419/3419 3485/3485/3485 3420/3420/3420
f 3420/3420/3420 3485/3485/3485 3486/3486/3486
f 3420/3420/3420 3486/3486/3486 3421/3421/3421
f 3421/3421/3421 3486/3486/3486 3487/3487/3487
f 3421/3421/3421 3487/3487/3487 3422/3422/3422
f 3422/3422/3422 3487/3487/3487 3488/3488/3488
f 3422/3422/3422 3488/3488/3488 3423/3423/3423
f 3423/3423/3423 3488/3488/3488 3489/3489/3489
f 3423/3423/3423 3489/3489/3489 3424/3424/3424
f 3424/3424/3424 3489/3489/3489 3490/3490/3490
f 3424/3424/3424 3490/3490/3490 3425/3425/3425
f 3425/3425/3425 3490/3490/3490 3491/3491/3491
f 3425/3425/3425 3491/3491/3491 3426/3426/3426
f 3426/3426/3426 3491/3491/3491 3492/3492/3492
f 3426/3426/3426 3492/3492/3492 3427/3427/3427
f 3427/3427/3427 3492/3492/3492 3493/3493/3493
f 3427/3427/3427 3493/3493/3493 3428/3428/3428
f 3428/3428/3428 3493/3493/3493 3494/3494/3494
f 3428/3428/3428 3494/3494/3494 3429/3429/3429
f 3429/3429/3429 3494/3494/3494 3495/3495/3495
f 3429/3429/3429 3495/3495/3495 3430/3430/3430
f 3430/3430/3430 3495/3495/3495 3496/3496/3496
f 3430/3430/3430 3496/3496/3496 3431/3431/3431
f 3431/3431/3431 3496/3496/3496 3497/3497/3497
f 3431/3431/3431 3497/3497/3497 3432/3432/3432
f 3432/3432/3432 3497/3497/3497 3498/3498/3498
f 3432/3432/3432 3498/3498/3498 3433/3433/3433
f 3433/3433/3433 3498/3498/3498 3499/3499/3499
f 3433/3433/3433 3499/3499/3499 3434/3434/3434
f 3434/3434/3434 3499/3499/3499 3500/3500/3500
f 3434/3434/3434 3500/3500/3500 3435/3435/3435
f 3435/3435/3435 3500/3500/3500 3501/3501/3501
f 3435/3435/3435 3501/3501/3501 3436/3436/3436
f 3436/3436/3436 3501/3501/3501 3502/3502/3502
f 3436/3436/3436 3502/3502/3502 3437/3437/3437
f 3437/3437/3437 3502/3502/3502 3503/3503/3503
f 3437/3437/3437 3503/3503/3503 3438/3438/3438
f 3438/3438/3438 3503/3503/3503 3504/3504/3504
f 3438/3438/3438 3504/3504/3504 3439/3439/3439
f 3439/3439/3439 3504/3504/3504 3505/3505/3505
f 3439/3439/3439 3505/3505/3505 3440/3440/3440
f 3440/3440/3440 3505/3505/3505 3506/3506/3506
f 3440/3440/3440 3506/3506/3506 3441/3441/3441
f 3441/3441/3441 3506/3506/3506 3507/3507/3507
f 3441/3441/3441 3507/3507/3507 3442/3442/3442
f 3442/3442/3442 3507/3507/3507 3508/3508/3508
f 3442/3442/3442 3508/3508/3508 3443/3443/3443
f 3443/3443/3443 3508/3508/3508 3509/3509/3509
f 3443/3443/3443 3509/3509/3509 3444/3444/3444
f 3444/3444/3444 3509/3509/3509 3510/3510/3510
f 3444/3444/3444 3510/3510/3510 3445/3445/3445
f 3446/3446/3446 3511/3511/3511 3512/3512/3512
f 3446/3446/3446 3512/3512/3512 3447/3447/3447
f 3447/3447/3447 3512/3512/3512 3513/3513/3513
f 3447/3447/3447 3513/3513/3513 3448/3448/3448
f 3448/3448/3448 3513/3513/3513 3514/3514/3514
f 3448/3448/3448 3514/3514/3514 3449/3449/3449
f 3449/3449/3449 3514/3514/3514 3515/3515/3515
f 3449/3449/3449 3515/3515/3515 3450/3450/3450
f 3450/3450/3450 3515/3515/3515 3516/3516/3516
f 3450/3450/3450 3516/3516/3516 3451/3451/3451
f 3451/3451/3451 3516/3516/3516 3517/3517/3517
f 3451/3451/3451 3517/3517/3517 3452/3452/3452
f 3452/3452/3452 3517/3517/3517 3518/3518/3518
f 3452/3452/3452 3518/3518/3518 3453/3453/3453
f 3453/3453/3453 3518/3518/3518 3519/3519/3519
f 3453/3453/3453 3519/3519/3519 3454/3454/3454
f 3454/3454/3454 3519/3519/3519 3520/3520/3520
f 3454/3454/3454 3520/3520/3520 3455/3455/3455
f 3455/3455/3455 3520/3520/3520 3521/3521/3521
f 3455/3455/3455 3521/3521/3521 3456/3456/3456
f 3456/3456/3456 3521/3521/3521 3522/3522/3522
f 3456/3456/3456 3522/3522/3522 3457/3457/3457
f 3457/3457/3457 3522/3522/3522 3523/3523/3523
f 3457/3457/3457 3523/3523/3523 3458/3458/3458
f 3458/3458/3458 3523/3523/3523 3524/3524/3524
f 3458/3458/3458 3524/3524/3524 3459/3459/3459
f 3459/3459/3459 3524/3524/3524 3525/3525/3525
f 3459/3459/3459 3525/3525/3525 3460/3460/3460
f 3460/3460/3460 3525/3525/3525 3526/3526/3526
f 3460/3460/3460 3526/3526/3526 3461/3461/3461
f 3461/3461/3461 3526/3526/3526 3527/3527/3527
f 3461/3461/3461 3527/3527/3527 3462/3462/3462
f 3462/3462/3462 3527/3527/3527 3528/3528/3528
f 3462/3462/3462 3528/3528/3528 3463/3463/3463
f 3463/3463/3463 3528/3528/3528 3529/3529/3529
f 3463/3463/3463 3529/3529/3529 3464/3464/3464
f 3464/3464/3464 3529/3529/3529 3530/3530/3530
f 3464/3464/3464 3530/3530/3530 3465/3465/3465
f 3465/3465/3465 3530/3530/3530 3531/3531/3531
f 3465/3465/3465 3531/3531/3531 3466/3466/3466
f 3466/3466/3466 3531/3531/3531 3532/3532/3532
f 3466/3466/3466 3532/3532/3532 3467/3467/3467
f 3467/3467/3467 3532/3532/3532 3533/3533/3533
f 3467/3467/3467 3533/3533/3533 3468/3468/3468
f 3468/3468/3468 3533/3533/3533 3534/3534/3534
f 3468/3468/3468 3534/3534/3534 3469/3469/3469
f 3469/3469/3469 3534/3534/3534 3535/3535/3535
f 3469/3469/3469 3535/3535/3535 3470/3470/3470
f 3470/3470/3470 3535/3535/3535 3536/3536/3536
f 3470/3470/3470 3536/3536/3536 3471/3471/3471
f 3471/3471/3471 3536/3536/3536 3537/3537/3537
f 3471/3471/3471 3537/3537/3537 3472/3472/3472
f 3472/3472/3472 3537/3537/3537 3538/3538/3538
f 3472/3472/3472 3538/3538/3538 3473/3473/3473
f 3473/3473/3473 3538/3538/3538 3539/3539/3539
f 3473/3473/3473 3539/3539/3539 3474/3474/3474
f 3474/3474/3474 3539/3539/3539 3540/3540/3540
f 3474/3474/3474 3540/3540/3540 3475/3475/3475
f 3475/3475/3475 3540/3540/3540 3541/3541/3541
f 3475/3475/3475 3541/3541/3541 3476/3476/3476
f 3476/3476/3476 3541/3541/3541 3542/3542/3542
f 3476/3476/3476 3542/3542/3542 3477/3477/3477
f 3477/3477/3477 3542/3542/3542 3543/3543/3543
f 3477/3477/3477 3543/3543/3543 3478/3478/3478
f 3478/3478/3478 3543/3543/3543 3544/3544/3544
f 3478/3478/3478 3544/3544/3544 3479/3479/3479
f 3479/3479/3479 3544/3544/3544 3545/3545/3545
f 3479/3479/3479 3545/3545/3545 3480/3480/3480
f 3480/3480/3480 3545/3545/3545 3546/3546/3546
f 3480/3480/3480 3546/3546/3546 3481/3481/3481
f 3481/3481/3481 3546/3546/3546 3547/3547/3547
f 3481/3481/3481 3547/3547/3547 3482/3482/3482
f 3482/3482/3482 3547/3547/3547 3548/3548/3548
f 3482/3482/3482 3548/3548/3548 3483/3483/3483
f 3483/3483/3483 3548/3548/3548 3549/3549/3549
f 3483/3483/3483 3549/3549/3549 3484/3484/3484
f 3484/3484/3484 3549/3549/3549 3550/3550/3550
f 3484/3484/3484 3550/3550/3550 3485/3485/3485
f 3485/3485/3485 3550/3550/3550 3551/3551/3551
f 3485/3485/3485 3551/3551/3551 3486/3486/3486
f 3486/3486/3486 3551/3551/3551 3552/3552/3552
f 3486/3486/3486 3552/3552/3552 3487/3487/3487
f 3487/3487/3487 3552/3552/3552 3553/3553/3553
f 3487/3487/3487 3553/3553/3553 3488/3488/3488
f 3488/3488/3488 3553/3553/3553 3554/3554/3554
f 3488/3488/3488 3554/3554/3554 3489/3489/3489
f 3489/3489/3489 3554/3554/3554 3555/3555/3555
f 3489/3489/3489 3555/3555/3555 3490/3490/3490
f 3490/3490/3490 3555/3555/3555 3556/3556/3556
f 3490/3490/3490 3556/3556/3556 3491/3491/3491
f 3491/3491/3491 3556/3556/3556 3557/3557/3557
f 3491/3491/3491 3557/3557/3557 3492/3492/3492
f 3492/3492/3492 3557/3557/3557 3558/3558/3558
f 3492/3492/3492 3558/3558/3558 3493/3493/3493
f 3493/3493/3493 3558/3558/3558 3559/3559/3559
f 3493/3493/3493 3559/3559/3559 3494/3494/3494
f 3494/3494/3494 3559/3559/3559 3560/3560/3560
f 3494/3494/3494 3560/3560/3560 3495/3495/3495
f 3495/3495/3495 3560/3560/3560 3561/3561/3561
f 3495/3495/3495 3561/3561/3561 3496/3496/3496
f 3496/3496/3496 3561/3561/3561 3562/3562/3562
f 3496/3496/3496 3562/3562/3562 3497/3497/3497
f 3497/3497/3497 3562/3562/3562 3563/3563/3563
f 3497/3497/3497 3563/3563/3563 3498/3498/3498
f 3498/3498/3498 3563/3563/3563 3564/3564/3564
f 3498/3498/3498 3564/3564/3564 3499/3499/3499
f 3499/3499/3499 3564/3564/3564 3565/3565/3565
f 3499/3499/3499 3565/3565/3565 3500/3500/3500
f 3500/3500/3500 3565/3565/3565 3566/3566/3566
f 3500/3500/3500 3566/3566/3566 3501/3501/3501
f 3501/3501/3501 3566/3566/3566 3567/3567/3567
f 3501/3501/3501 3567/3567/3567 3502/3502/3502
f 3502/3502/3502 3567/3567/3567 3568/3568/3568
f 3502/3502/3502 3568/3568/3568 3503/3503/3503
f 3503/3503/3503 3568/3568/3568 3569/3569/3569
f 3503/3503/3503 3569/3569/3569 3504/3504/3504
f 3504/3504/3504 3569/3569/3569 3570/3570/3570
f 3504/3504/3504 3570/3570/3570 3505/3505/3505
f 3505/3505/3505 3570/3570/3570 3571/3571/3571
f 3505/3505/3505 3571/3571/3571 3506/3506/3506
f 3506/3506/3506 3571/3571/3571 3572/3572/3572
f 3506/3506/3506 3572/3572/3572 3507/3507/3507
f 3507/3507/3507 3572/3572/3572 3573/3573/3573
f 3507/3507/3507 3573/3573/3573 3508/3508/3508
f 3508/3508/3508 3573/3573/3573 3574/3574/3574
f 3508/3508/3508 3574/3574/3574 3509/3509/3509
f 3509/3509/3509 3574/3574/3574 3575/3575/3575
f 3509/3509/3509 3575/3575/3575 3510/3510/3510
f 3511/3511/3511 3576/3576/3576 3577/3577/3577
f 3511/3511/3511 3577/3577/3577 3512/3512/3512
f 3512/3512/3512 3577/3577/3577 3578/3578/3578
f 3512/3512/3512 3578/3578/3578 3513/3513/3513
f 3513/3513/3513 3578/3578/3578 3579/3579/3579
f 3513/3513/3513 3579/3579/3579 3514/3514/3514
f 3514/3514/3514 3579/3579/3579 3580/3580/3580
f 3514/3514/3514 3580/3580/3580 3515/3515/3515
f 3515/3515/3515 3580/3580/3580 3581/3581/3581
f 3515/3515/3515 3581/3581/3581 3516/3516/3516
f 3516/3516/3516 3581/3581/3581 3582/3582/3582
f 3516/3516/3516 3582/3582/3582 3517/3517/3517
f 3517/3517/3517 3582/3582/3582 3583/3583/3583
f 3517/3517/3517 3583/3583/3583 3518/3518/3518
f 3518/3518/3518 3583/3583/3583 3584/3584/3584
f 3518/3518/3518 3584/3584/3584 3519/3519/3519
f 3519/3519/3519 3584/3584/3584 3585/3585/3585
f 3519/3519/3519 3585/3585/3585 3520/3520/3520
f 3520/3520/3520 3585/3585/3585 3586/3586/3586
f 3520/3520/3520 3586/3586/3586 3521/3521/3521
f 3521/3521/3521 3586/3586/3586 3587/3587/3587
f 3521/3521/3521 3587/3587/3587 3522/3522/3522
f 3522/3522/3522 3587/3587/3587 3588/3588/3588
f 3522/3522/3522 3588/3588/3588 3523/3523/3523
f 3523/3523/3523 3588/3588/3588 3589/3589/3589
f 3523/3523/3523 3589/3589/3589 3524/3524/3524
f 3524/3524/3524 3589/3589/3589 3590/3590/3590
f 3524/3524/3524 3590/3590/3590 3525/3525/3525
f 3525/3525/3525 3590/3590/3590 3591/3591/3591
f 3525/3525/3525 3591/3591/3591 3526/3526/3526
f 3526/3526/3526 3591/3591/3591 3592/3592/3592
f 3526/3526/3526 3592/3592/3592 3527/3527/3527
f 3527/3527/3527 3592/3592/3592 3593/3593/3593
f 3527/3527/3527 3593/3593/3593 3528/3528/3528
f 3528/3528/3528 3593/3593/3593 3594/3594/3594
f 3528/3528/3528 3594/3594/3594 3529/3529/3529
f 3529/3529/3529 3594/3594/3594 3595/3595/3595
f 3529/3529/3529 3595/3595/3595 3530/3530/3530
f 3530/3530/3530 3595/3595/3595 3596/3596/3596
f 3530/3530/3530 3596/3596/3596 3531/3531/3531
f 3531/3531/3531 3596/3596/3596 3597/3597/3597
f 3531/3531/3531 3597/3597/3597 3532/3532/3532
f 3532/3532/3532 3597/3597/3597 3598/3598/3598
f 3532/3532/3532 3598/3598/3598 3533/3533/3533
f 3533/3533/3533 3598/3598/3598 3599/3599/3599
f 3533/3533/3533 3599/3599/3599 3534/3534/3534
f 3534/3534/3534 3599/3599/3599 3600/3600/3600
f 3534/3534/3534 3600/3600/3600 3535/3535/3535
f 3535/3535/3535 3600/3600/3600 3601/3601/3601
f 3535/3535/3535 3601/3601/3601 3536/3536/3536
f 3536/3536/3536 3601/3601/3601 3602/3602/3602
f 3536/3536/3536 3602/3602/3602 3537/3537/3537
f 3537/3537/3537 3602/3602/3602 3603/3603/3603
f 3537/3537/3537 3603/3603/3603 3538/3538/3538
f 3538/3538/3538 3603/3603/3603 3604/3604/3604
f 3538/3538/3538 3604/3604/3604 3539/3539/3539
f 3539/3539/3539 3604/3604/3604 3605/3605/3605
f 3539/3539/3539 3605/3605/3605 3540/3540/3540
f 3540/3540/3540 3605/3605/3605 3606/3606/3606
f 3540/3540/3540 3606/3606/3606 3541/3541/3541
f 3541/3541/3541 3606/3606/3606 3607/3607/3607
f 3541/3541/3541 3607/3607/3607 3542/3542/3542
f 3542/3542/3542 3607/3607/3607 3608/3608/3608
f 3542/3542/3542 3608/3608/3608 3543/3543/3543
f 3543/3543/3543 3608/3608/3608 3609/3609/3609
f 3543/3543/3543 3609/3609/3609 3544/3544/3544
f 3544/3544/3544 3609/3609/3609 3610/3610/3610
f 3544/3544/3544 3610/3610/3610 3545/3545/3545
f 3545/3545/3545 3610/3610/3610 3611/3611/3611
f 3545/3545/3545 3611/3611/3611 3546/3546/3546
f 3546/3546/3546 3611/3611/3611 3612/3612/3612
f 3546/3546/3546 3612/3612/3612 3547/3547/3547
f 3547/3547/3547 3612/3612/3612 3613/3613/3613
f 3547/3547/3547 3613/3613/3613 3548/3548/3548
f 3548/3548/3548 3613/3613/3613 3614/3614/3614
f 3548/3548/3548 3614/3614/3614 3549/3549/3549
f 3549/3549/3549 3614/3614/3614 3615/3615/3615
f 3549/3549/3549 3615/3615/3615 3550/3550/3550
f 3550/3550/3550 3615/3615/3615 3616/3616/3616
f 3550/3550/3550 3616/3616/3616 3551/3551/3551
f 3551/3551/3551 3616/3616/3616 3617/3617/3617
f 3551/3551/3551 3617/3617/3617 3552/3552/3552
f 3552/3552/3552 3617/3617/3617 3618/3618/3618
f 3552/3552/3552 3618/3618/3618 3553/3553/3553
f 3553/3553/3553 3618/3618/3618 3619/3619/3619
f 3553/3553/3553 3619/3619/3619 3554/3554/3554
f 3554/3554/3554 3619/3619/3619 3620/3620/3620
f 3554/3554/3554 3620/3620/3620 3555/3555/3555
f 3555/3555/3555 3620/3620/3620 3621/3621/3621
f 3555/3555/3555 3621/3621/3621 3556/3556/3556
f 3556/3556/3556 3621/3621/3621 3622/3622/3622
f 3556/3556/3556 3622/3622/3622 3557/3557/3557
f 3557/3557/3557 3622/3622/3622 3623/3623/3623
f 3557/3557/3557 3623/3623/3623 3558/3558/3558
f 3558/3558/3558 3623/3623/3623 3624/3624/3624
f 3558/3558/3558 3624/3624/3624 3559/3559/3559
f 3559/3559/3559 3624/3624/3624 3625/3625/3625
f 3559/3559/3559 3625/3625/3625 3560/3560/3560
f 3560/3560/3560 3625/3625/3625 3626/3626/3626
f 3560/3560/3560 3626/3626/3626 3561/3561/3561
f 3561/3561/3561 3626/3626/3626 3627/3627/3627
f 3561/3561/3561 3627/3627/3627 3562/3562/3562
f 3562/3562/3562 3627/3627/3627 3628/3628/3628
f 3562/3562/3562 3628/3628/3628 3563/3563/3563
f 3563/3563/3563 3628/3628/3628 3629/3629/3629
f 3563/3563/3563 3629/3629/3629 3564/3564/3564
f 3564/3564/3564 3629/3629/3629 3630/3630/3630
f 3564/3564/3564 3630/3630/3630 3565/3565/3565
f 3565/3565/3565 3630/3630/3630 3631/3631/3631
f 3565/3565/3565 3631/3631/3631 3566/3566/3566
f 3566/3566/3566 3631/3631/3631 3632/3632/3632
f 3566/3566/3566 3632/3632/3632 3567/3567/3567
f 3567/3567/3567 3632/3632/3632 3633/3633/3633
f 3567/3567/3567 3633/3633/3633 3568/3568/3568
f 3568/3568/3568 3633/3633/3633 3634/3634/3634
f 3568/3568/3568 3634/3634/3634 3569/3569/3569
f 3569/3569/3569 3634/3634/3634 3635/3635/3635
f 3569/3569/3569 3635/3635/3635 3570/3570/3570
f 3570/3570/3570 3635/3635/3635 3636/3636/3636
f 3570/3570/3570 3636/3636/3636 3571/3571/3571
f 3571/3571/3571 3636/3636/3636 3637/3637/3637
f 3571/3571/3571 3637/3637/3637 3572/3572/3572
f 3572/3572/3572 3637/3637/3637 3638/3638/3638
f 3572/3572/3572 3638/3638/3638 3573/3573/3573
f 3573/3573/3573 3638/3638/3638 3639/3639/3639
f 3573/3573/3573 3639/3639/3639 3574/3574/3574
f 3574/3574/3574 3639/3639/3639 3640/3640/3640
f 3574/3574/3574 3640/3640/3640 3575/3575/3575
f 3576/3576/3576 3641/3641/3641 3642/3642/3642
f 3576/3576/3576 3642/3642/3642 3577/3577/3577
f 3577/3577/3577 3642/3642/3642 3643/3643/3643
f 3577/3577/3577 3643/3643/3643 3578/3578/3578
f 3578/3578/3578 3643/3643/3643 3644/3644/3644
f 3578/3578/3578 3644/3644/3644 3579/3579/3579
f 3579/3579/3579 3644/3644/3644 3645/3645/3645
f 3579/3579/3579 3645/3645/3645 3580/3580/3580
f 3580/3580/3580 3645/3645/3645 3646/3646/3646
f 3580/3580/3580 3646/3646/3646 3581/3581/3581
f 3581/3581/3581 3646/3646/3646 3647/3647/3647
f 3581/3581/3581 3647/3647/3647 3582/3582/3582
f 3582/3582/3582 3647/3647/3647 3648/3648/3648
f 3582/3582/3582 3648/3648/3648 3583/3583/3583
f 3583/3583/3583 3648/3648/3648 3649/3649/3649
f 3583/3583/3583 3649/3649/3649 3584/3584/3584
f 3584/3584/3584 3649/3649/3649 3650/3650/3650
f 3584/3584/3584 3650/3650/3650 3585/3585/3585
f 3585/3585/3585 3650/3650/3650 3651/3651/3651
f 3585/3585/3585 3651/3651/3651 3586/3586/3586
f 3586/3586/3586 3651/3651/3651 3652/3652/3652
f 3586/3586/3586 3652/3652/3652 3587/3587/3587
f 3587/3587/3587 3652/3652/3652 3653/3653/3653
f 3587/3587/3587 3653/3653/3653 3588/3588/3588
f 3588/3588/3588 3653/3653/3653 3654/3654/3654
f 3588/3588/3588 3654/3654/3654 3589/3589/3589
f 3589/3589/3589 3654/3654/3654 3655/3655/3655
f 3589/3589/3589 3655/3655/3655 3590/3590/3590
f 3590/3590/3590 3655/3655/3655 3656/3656/3656
f 3590/3590/3590 3656/3656/3656 3591/3591/3591
f 3591/3591/3591 3656/3656/3656 3657/3657/3657
f 3591/3591/3591 3657/3657/3657 3592/3592/3592
f 3592/3592/3592 3657/3657/3657 3658/3658/3658
f 3592/3592/3592 3658/3658/3658 3593/3593/3593
f 3593/3593/3593 3658/3658/3658 3659/3659/3659
f 3593/3593/3593 3659/3659/3659 3594/3594/3594
f 3594/3594/3594 3659/3659/3659 3660/3660/3660
f 3594/3594/3594 3660/3660/3660 3595/3595/3595
f 3595/3595/3595 3660/3660/3660 3661/3661/3661
f 3595/3595/3595 3661/3661/3661 3596/3596/3596
f 3596/3596/3596 3661/3661/3661 3662/3662/3662
f 3596/3596/3596 3662/3662/3662 3597/3597/3597
f 3597/3597/3597 3662/3662/3662 3663/3663/3663
f 3597/3597/3597 3663/3663/3663 3598/3598/3598
f 3598/3598/3598 3663/3663/3663 3664/3664/3664
f 3598/3598/3598 3664/3664/3664 3599/3599/3599
f 3599/3599/3599 3664/3664/3664 3665/3665/3665
f 3599/3599/3599 3665/3665/3665 3600/3600/3600
f 3600/3600/3600 3665/3665/3665 3666/3666/3666
f 3600/3600/3600 3666/3666/3666 3601/3601/3601
f 3601/3601/3601 3666/3666/3666 3667/3667/3667
f 3601/3601/3601 3667/3667/3667 3602/3602/3602
f 3602/3602/3602 3667/3667/3667 3668/3668/3668
f 3602/3602/3602 3668/3668/3668 3603/3603/3603
f 3603/3603/3603 3668/3668/3668 3669/3669/3669
f 3603/3603/3603 3669/3669/3669 3604/3604/3604
f 3604/3604/3604 3669/3669/3669 3670/3670/3670
f 3604/3604/3604 3670/3670/3670 3605/3605/3605
f 3605/3605/3605 3670/3670/3670 3671/3671/3671
f 3605/3605/3605 3671/3671/3671 3606/3606/3606
f 3606/3606/3606 3671/3671/3671 3672/3672/3672
f 3606/3606/3606 3672/3672/3672 3607/3607/3607
f 3607/3607/3607 3672/3672/3672 3673/3673/3673
f 3607/3607/3607 3673/3673/3673 3608/3608/3608
f 3608/3608/3608 3673/3673/3673 3674/3674/3674
f 3608/3608/3608 3674/3674/3674 3609/3609/3609
f 3609/3609/3609 3674/3674/3674 3675/3675/3675
f 3609/3609/3609 3675/3675/3675 3610/3610/3610
f 3610/3610/3610 3675/3675/3675 3676/3676/3676
f 3610/3610/3610 3676/3676/3676 3611/3611/3611
f 3611/3611/3611 3676/3676/3676 3677/3677/3677
f 3611/3611/3611 3677/3677/3677 3612/3612/3612
f 3612/3612/3612 3677/3677/3677 3678/3678/3678
f 3612/3612/3612 3678/3678/3678 3613/3613/3613
f 3613/3613/3613 3678/3678/3678 3679/3679/3679
f 3613/3613/3613 3679/3679/3679 3614/3614/3614
f 3614/3614/3614 3679/3679/3679 3680/3680/3680
f 3614/3614/3614 3680/3680/3680 3615/3615/3615
f 3615/3615/3615 3680/3680/3680 3681/3681/3681
f 3615/3615/3615 3681/3681/3681 3616/3616/3616
f 3616/3616/3616 3681/3681/3681 3682/3682/3682
f 3616/3616/3616 3682/3682/3682 3617/3617/3617
f 3617/3617/3617 3682/3682/3682 3683/3683/3683
f 3617/3617/3617 3683/3683/3683 3618/3618/3618
f 3618/3618/3618 3683/3683/3683 3684/3684/3684
f 3618/3618/3618 3684/3684/3684 3619/3619/3619
f 3619/3619/3619 3684/3684/3684 3685/3685/3685
f 3619/3619/3619 3685/3685/3685 3620/3620/3620
f 3620/3620/3620 3685/3685/3685 3686/3686/3686
f 3620/3620/3620 3686/3686/3686 3621/3621/3621
f 3621/3621/3621 3686/3686/3686 3687/3687/3687
f 3621/3621/3621 3687/3687/3687 3622/3622/3622
f 3622/3622/3622 3687/3687/3687 3688/3688/3688
f 3622/3622/3622 3688/3688/3688 3623/3623/3623
f 3623/3623/3623 3688/3688/3688 3689/3689/3689
f 3623/3623/3623 3689/3689/3689 3624/3624/3624
f 3624/3624/3624 3689/3689/3689 3690/3690/3690
f 3624/3624/3624 3690/3690/3690 3625/3625/3625
f 3625/3625/3625 3690/3690/3690 3691/3691/3691
f 3625/3625/3625 3691/3691/3691 3626/3626/3626
f 3626/3626/3626 3691/3691/3691 3692/3692/3692
f 3626/3626/3626 3692/3692/3692 3627/3627/3627
f 3627/3627/3627 3692/3692/3692 3693/3693/3693
f 3627/3627/3627 3693/3693/3693 3628/3628/3628
f 3628/3628/3628 3693/3693/3693 3694/3694/3694
f 3628/3628/3628 3694/3694/3694 3629/3629/3629
f 3629/3629/3629 3694/3694/3694 3695/3695/3695
f 3629/3629/3629 3695/3695/3695 3630/3630/3630
f 3630/3630/3630 3695/3695/3695 3696/3696/3696
f 3630/3630/3630 3696/3696/3696 3631/3631/3631
f 3631/3631/3631 3696/3696/3696 3697/3697/3697
f 3631/3631/3631 3697/3697/3697 3632/3632/3632
f 3632/3632/3632 3697/3697/3697 3698/3698/3698
f 3632/3632/3632 3698/3698/3698 3633/3633/3633
f 3633/3633/3633 3698/3698/3698 3699/3699/3699
f 3633/3633/3633 3699/3699/3699 3634/3634/3634
f 3634/3634/3634 3699/3699/3699 3700/3700/3700
f 3634/3634/3634 3700/3700/3700 3635/3635/3635
f 3635/3635/3635 3700/3700/3700 3701/3701/3701
f 3635/3635/3635 3701/3701/3701 3636/3636/3636
f 3636/3636/3636 3701/3701/3701 3702/3702/3702
f 3636/3636/3636 3702/3702/3702 3637/3637/3637
f 3637/3637/3637 3702/3702/3702 3703/3703/3703
f 3637/3637/3637 3703/3703/3703 3638/3638/3638
f 3638/3638/3638 3703/3703/3703 3704/3704/3704
f 3638/3638/3638 3704/3704/3704 3639/3639/3639
f 3639/3639/3639 3704/3704/3704 3705/3705/3705
f 3639/3639/3639 3705/3705/3705 3640/3640/3640
f 3641/3641/3641 3706/3706/3706 3707/3707/3707
f 3641/3641/3641 3707/3707/3707 3642/3642/3642
f 3642/3642/3642 3707/3707/3707 3708/3708/3708
f 3642/3642/3642 3708/3708/3708 3643/3643/3643
f 3643/3643/3643 3708/3708/3708 3709/3709/3709
f 3643/3643/3643 3709/3709/3709 3644/3644/3644
f 3644/3644/3644 3709/3709/3709 3710/3710/3710
f 3644/3644/3644 3710/3710/3710 3645/3645/3645
f 3645/3645/3645 3710/3710/3710 3711/3711/3711
f 3645/3645/3645 3711/3711/3711 3646/3646/3646
f 3646/3646/3646 3711/3711/3711 3712/3712/3712
f 3646/3646/3646 3712/3712/3712 3647/3647/3647
f 3647/3647/3647 3712/3712/3712 3713/3713/3713
f 3647/3647/3647 3713/3713/3713 3648/3648/3648
f 3648/3648/3648 3713/3713/3713 3714/3714/3714
f 3648/3648/3648 3714/3714/3714 3649/3649/3649
f 3649/3649/3649 3714/3714/3714 3715/3715/3715
f 3649/3649/3649 3715/3715/3715 3650/3650/3650
f 3650/3650/3650 3715/3715/3715 3716/3716/3716
f 3650/3650/3650 3716/3716/3716 3651/3651/3651
f 3651/3651/3651 3716/3716/3716 3717/3717/3717
f 3651/3651/3651 3717/3717/3717 3652/3652/3652
f 3652/3652/3652 3717/3717/3717 3718/3718/3718
f 3652/3652/3652 3718/3718/3718 3653/3653/3653
f 3653/3653/3653 3718/3718/3718 3719/3719/3719
f 3653/3653/3653 3719/3719/3719 3654/3654/3654
f 3654/3654/3654 3719/3719/3719 3720/3720/3720
f 3654/3654/3654 3720/3720/3720 3655/3655/3655
f 3655/3655/3655 3720/3720/3720 3721/3721/3721
f 3655/3655/3655 3721/3721/3721 3656/3656/3656
f 3656/3656/3656 3721/3721/3721 3722/3722/3722
f 3656/3656/3656 3722/3722/3722 3657/3657/3657
f 3657/3657/3657 3722/3722/3722 3723/3723/3723
f 3657/3657/3657 3723/3723/3723 3658/3658/3658
f 3658/3658/3658 3723/3723/3723 3724/3724/3724
f 3658/3658/3658 3724/3724/3724 3659/3659/3659
f 3659/3659/3659 3724/3724/3724 3725/3725/3725
f 3659/3659/3659 3725/3725/3725 3660/3660/3660
f 3660/3660/3660 3725/3725/3725 3726/3726/3726
f 3660/3660/3660 3726/3726/3726 3661/3661/3661
f 3661/3661/3661 3726/3726/3726 3727/3727/3727
f 3661/3661/3661 3727/3727/3727 3662/3662/3662
f 3662/3662/3662 3727/3727/3727 3728/3728/3728
f 3662/3662/3662 3728/3728/3728 3663/3663/3663
f 3663/3663/3663 3728/3728/3728 3729/3729/3729
f 3663/3663/3663 3729/3729/3729 3664/3664/3664
f 3664/3664/3664 3729/3729/3729 3730/3730/3730
f 3664/3664/3664 3730/3730/3730 3665/3665/3665
f 3665/3665/3665 3730/3730/3730 3731/3731/3731
f 3665/3665/3665 3731/3731/3731 3666/3666/3666
f 3666/3666/3666 3731/3731/3731 3732/3732/3732
f 3666/3666/3666 3732/3732/3732 3667/3667/3667
f 3667/3667/3667 3732/3732/3732 3733/3733/3733
f 3667/3667/3667 3733/3733/3733 3668/3668/3668
f 3668/3668/3668 3733/3733/3733 3734/3734/3734
f 3668/3668/3668 3734/3734/3734 3669/3669/3669
f 3669/3669/3669 3734/3734/3734 3735/3735/3735
f 3669/3669/3669 3735/3735/3735 3670/3670/3670
f 3670/3670/3670 3735/3735/3735 3736/3736/3736
f 3670/3670/3670 3736/3736/3736 3671/3671/3671
f 3671/3671/3671 3736/3736/3736 3737/3737/3737
f 3671/3671/3671 3737/3737/3737 3672/3672/3672
f 3672/3672/3672 3737/3737/3737 3738/3738/3738
f 3672/3672/3672 3738/3738/3738 3673/3673/3673
f 3673/3673/3673 3738/3738/3738 3739/3739/3739
f 3673/3673/3673 3739/3739/3739 3674/3674/3674
f 3674/3674/3674 3739/3739/3739 3740/3740/3740
f 3674/3674/3674 3740/3740/3740 3675/3675/3675
f 3675/3675/3675 3740/3740/3740 3741/3741/3741
f 3675/3675/3675 3741/3741/3741 3676/3676/3676
f 3676/3676/3676 3741/3741/3741 3742/3742/3742
f 3676/3676/3676 3742/3742/3742 3677/3677/3677
f 3677/3677/3677 3742/3742/3742 3743/3743/3743
f 3677/3677/3677 3743/3743/3743 3678/3678/3678
f 3678/3678/3678 3743/3743/3743 3744/3744/3744
f 3678/3678/3678 3744/3744/3744 3679/3679/3679
f 3679/3679/3679 3744/3744/3744 3745/3745/3745
f 3679/3679/3679 3745/3745/3745 3680/3680/3680
f 3680/3680/3680 3745/3745/3745 3746/3746/3746
f 3680/3680/3680 3746/3746/3746 3681/3681/3681
f 3681/3681/3681 3746/3746/3746 3747/3747/3747
f 3681/3681/3681 3747/3747/3747 3682/3682/3682
f 3682/3682/3682 3747/3747/3747 3748/3748/3748
f 3682/3682/3682 3748/3748/3748 3683/3683/3683
f 3683/3683/3683 3748/3748/3748 3749/3749/3749
f 3683/3683/3683 3749/3749/3749 3684/3684/3684
f 3684/3684/3684 3749/3749/3749 3750/3750/3750
f 3684/3684/3684 3750/3750/3750 3685/3685/3685
f 3685/3685/3685 3750/3750/3750 3751/3751/3751
f 3685/3685/3685 3751/3751/3751 3686/3686/3686
f 3686/3686/3686 3751/3751/3751 3752/3752/3752
f 3686/3686/3686 3752/3752/3752 3687/3687/3687
f 3687/3687/3687 3752/3752/3752 3753/3753/3753
f 3687/3687/3687 3753/3753/3753 3688/3688/3688
f 3688/3688/3688 3753/3753/3753 3754/3754/3754
f 3688/3688/3688 3754/3754/3754 3689/3689/3689
f 3689/3689/3689 3754/3754/3754 3755/3755/3755
f 3689/3689/3689 3755/3755/3755 3690/3690/3690
f 3690/3690/3690 3755/3755/3755 3756/3756/3756
f 3690/3690/3690 3756/3756/3756 3691/3691/3691
f 3691/3691/3691 3756/3756/3756 3757/3757/3757
f 3691/3691/3691 3757/3757/3757 3692/3692/3692
f 3692/3692/3692 3757/3757/3757 3758/3758/3758
f 3692/3692/3692 3758/3758/3758 3693/3693/3693
f 3693/3693/3693 3758/3758/3758 3759/3759/3759
f 3693/3693/3693 3759/3759/3759 3694/3694/3694
f 3694/3694/3694 3759/3759/3759 3760/3760/3760
f 3694/3694/3694 3760/3760/3760 3695/3695/3695
f 3695/3695/3695 3760/3760/3760 3761/3761/3761
f 3695/3695/3695 3761/3761/3761 3696/3696/3696
f 3696/3696/3696 3761/3761/3761 3762/3762/3762
f 3696/3696/3696 3762/3762/3762 3697/3697/3697
f 3697/3697/3697 3762/3762/3762 3763/3763/3763
f 3697/3697/3697 3763/3763/3763 3698/3698/3698
f 3698/3698/3698 3763/3763/3763 3764/3764/3764
f 3698/3698/3698 3764/3764/3764 3699/3699/3699
f 3699/3699/3699 3764/3764/3764 3765/3765/3765
f 3699/3699/3699 3765/3765/3765 3700/3700/3700
f 3700/3700/3700 3765/3765/3765 3766/3766/3766
f 3700/3700/3700 3766/3766/3766 3701/3701/3701
f 3701/3701/3701 3766/3766/3766 3767/3767/3767
f 3701/3701/3701 3767/3767/3767 3702/3702/3702
f 3702/3702/3702 3767/3767/3767 3768/3768/3768
f 3702/3702/3702 3768/3768/3768 3703/3703/3703
f 3703/3703/3703 3768/3768/3768 3769/3769/3769
f 3703/3703/3703 3769/3769/3769 3704/3704/3704
f 3704/3704/3704 3769/3769/3769 3770/3770/3770
f 3704/3704/3704 3770/3770/3770 3705/3705/3705
f 3706/3706/3706 3771/3771/3771 3772/3772/3772
f 3706/3706/3706 3772/3772/3772 3707/3707/3707
f 3707/3707/3707 3772/3772/3772 3773/3773/3773
f 3707/3707/3707 3773/3773/3773 3708/3708/3708
f 3708/3708/3708 3773/3773/3773 3774/3774/3774
f 3708/3708/3708 3774/3774/3774 3709/3709/3709
f 3709/3709/3709 3774/3774/3774 3775/3775/3775
f 3709/3709/3709 3775/3775/3775 3710/3710/3710
f 3710/3710/3710 3775/3775/3775 3776/3776/3776
f 3710/3710/3710 3776/3776/3776 3711/3711/3711
f 3711/3711/3711 3776/3776/3776 3777/3777/3777
f 3711/3711/3711 3777/3777/3777 3712/3712/3712
f 3712/3712/3712 3777/3777/3777 3778/3778/3778
f 3712/3712/3712 3778/3778/3778 3713/3713/3713
f 3713/3713/3713 3778/3778/3778 3779/3779/3779
f 3713/3713/3713 3779/3779/3779 3714/3714/3714
f 3714/3714/3714 3779/3779/3779 3780/3780/3780
f 3714/3714/3714 3780/3780/3780 3715/3715/3715
f 3715/3715/3715 3780/3780/3780 3781/3781/3781
f 3715/3715/3715 3781/3781/3781 3716/3716/3716
f 3716/3716/3716 3781/3781/3781 3782/3782/3782
f 3716/3716/3716 3782/3782/3782 3717/3717/3717
f 3717/3717/3717 3782/3782/3782 3783/3783/3783
f 3717/3717/3717 3783/3783/3783 3718/3718/3718
f 3718/3718/3718 3783/3783/3783 3784/3784/3784
f 3718/3718/3718 3784/3784/3784 3719/3719/3719
f 3719/3719/3719 3784/3784/3784 3785/3785/3785
f 3719/3719/3719 3785/3785/3785 3720/3720/3720
f 3720/3720/3720 3785/3785/3785 3786/3786/3786
f 3720/3720/3720 3786/3786/3786 3721/3721/3721
f 3721/3721/3721 3786/3786/3786 3787/3787/3787
f 3721/3721/3721 3787/3787/3787 3722/3722/3722
f 3722/3722/3722 3787/3787/3787 3788/3788/3788
f 3722/3722/3722 3788/3788/3788 3723/3723/3723
f 3723/3723/3723 3788/3788/3788 3789/3789/3789
f 3723/3723/3723 3789/3789/3789 3724/3724/3724
f 3724/3724/3724 3789/3789/3789 3790/3790/3790
f 3724/3724/3724 3790/3790/3790 3725/3725/3725
f 3725/3725/3725 3790/3790/3790 3791/3791/3791
f 3725/3725/3725 3791/3791/3791 3726/3726/3726
f 3726/3726/3726 3791/3791/3791 3792/3792/3792
f 3726/3726/3726 3792/3792/3792 3727/3727/3727
f 3727/3727/3727 3792/3792/3792 3793/3793/3793
f 3727/3727/3727 3793/3793/3793 3728/3728/3728
f 3728/3728/3728 3793/3793/3793 3794/3794/3794
f 3728/3728/3728 3794/3794/3794 3729/3729/3729
f 3729/3729/3729 3794/3794/3794 3795/3795/3795
f 3729/3729/3729 3795/3795/3795 3730/3730/3730
f 3730/3730/3730 3795/3795/3795 3796/3796/3796
f 3730/3730/3730 3796/3796/3796 3731/3731/3731
f 3731/3731/3731 3796/3796/3796 3797/3797/3797
f 3731/3731/3731 3797/3797/3797 3732/3732/3732
f 3732/3732/3732 3797/3797/3797 3798/3798/3798
f 3732/3732/3732 3798/3798/3798 3733/3733/3733
f 3733/3733/3733 3798/3798/3798 3799/3799/3799
f 3733/3733/3733 3799/3799/3799 3734/3734/3734
f 3734/3734/3734 3799/3799/3799 3800/3800/3800
f 3734/3734/3734 3800/3800/3800 3735/3735/3735
f 3735/3735/3735 3800/3800/3800 3801/3801/3801
f 3735/3735/3735 3801/3801/3801 3736/3736/3736
f 3736/3736/3736 3801/3801/3801 3802/3802/3802
f 3736/3736/3736 3802/3802/3802 3737/3737/3737
f 3737/3737/3737 3802/3802/3802 3803/3803/3803
f 3737/3737/3737 3803/3803/3803 3738/3738/3738
f 3738/3738/3738 3803/3803/3803 3804/3804/3804
f 3738/3738/3738 3804/3804/3804 3739/3739/3739
f 3739/3739/3739 3804/3804/3804 3805/3805/3805
f 3739/3739/3739 3805/3805/3805 3740/3740/3740
f 3740/3740/3740 3805/3805/3805 3806/3806/3806
f 3740/3740/3740 3806/3806/3806 3741/3741/3741
f 3741/3741/3741 3806/3806/3806 3807/3807/3807
f 3741/3741/3741 3807/3807/3807 3742/3742/3742
f 3742/3742/3742 3807/3807/3807 3808/3808/3808
f 3742/3742/3742 3808/3808/3808 3743/3743/3743
f 3743/3743/3743 3808/3808/3808 3809/3809/3809
f 3743/3743/3743 3809/3809/3809 3744/3744/3744
f 3744/3744/3744 3809/3809/3809 3810/3810/3810
f 3744/3744/3744 3810/3810/3810 3745/3745/3745
f 3745/3745/3745 3810/3810/3810 3811/3811/3811
f 3745/3745/3745 3811/3811/3811 3746/3746/3746
f 3746/3746/3746 3811/3811/3811 3812/3812/3812
f 3746/3746/3746 3812/3812/3812 3747/3747/3747
f 3747/3747/3747 3812/3812/3812 3813/3813/3813
f 3747/3747/3747 3813/3813/3813 3748/3748/3748
f 3748/3748/3748 3813/3813/3813 3814/3814/3814
f 3748/3748/3748 3814/3814/3814 3749/3749/3749
f 3749/3749/3749 3814/3814/3814 3815/3815/3815
f 3749/3749/3749 3815/3815/3815 3750/3750/3750
f 3750/3750/3750 3815/3815/3815 3816/3816/3816
f 3750/3750/3750 3816/3816/3816 3751/3751/3751
f 3751/3751/3751 3816/3816/3816 3817/3817/3817
f 3751/3751/3751 3817/3817/3817 3752/3752/3752
f 3752/3752/3752 3817/3817/3817 3818/3818/3818
f 3752/3752/3752 3818/3818/3818 3753/3753/3753
f 3753/3753/3753 3818/3818/3818 3819/3819/3819
f 3753/3753/3753 3819/3819/3819 3754/3754/3754
f 3754/3754/3754 3819/3819/3819 3820/3820/3820
f 3754/3754/3754 3820/3820/3820 3755/3755/3755
f 3755/3755/3755 3820/3820/3820 3821/3821/3821
f 3755/3755/3755 3821/3821/3821 3756/3756/3756
f 3756/3756/3756 3821/3821/3821 3822/3822/3822
f 3756/3756/3756 3822/3822/3822 3757/3757/3757
f 3757/3757/3757 3822/3822/3822 3823/3823/3823
f 3757/3757/3757 3823/3823/3823 3758/3758/3758
f 3758/3758/3758 3823/3823/3823 3824/3824/3824
f 3758/3758/3758 3824/3824/3824 3759/3759/3759
f 3759/3759/3759 3824/3824/3824 3825/3825/3825
f 3759/3759/3759 3825/3825/3825 3760/3760/3760
f 3760/3760/3760 3825/3825/3825 3826/3826/3826
f 3760/3760/3760 3826/3826/3826 3761/3761/3761
f 3761/3761/3761 3826/3826/3826 3827/3827/3827
f 3761/3761/3761 3827/3827/3827 3762/3762/3762
f 3762/3762/3762 3827/3827/3827 3828/3828/3828
f 3762/3762/3762 3828/3828/3828 3763/3763/3763
f 3763/3763/3763 3828/3828/3828 3829/3829/3829
f 3763/3763/3763 3829/3829/3829 3764/3764/3764
f 3764/3764/3764 3829/3829/3829 3830/3830/3830
f 3764/3764/3764 3830/3830/3830 3765/3765/3765
f 3765/3765/3765 3830/3830/3830 3831/3831/3831
f 3765/3765/3765 3831/3831/3831 3766/3766/3766
f 3766/3766/3766 3831/3831/3831 3832/3832/3832
f 3766/3766/3766 3832/3832/3832 3767/3767/3767
f 3767/3767/3767 3832/3832/3832 3833/3833/3833
f 3767/3767/3767 3833/3833/3833 3768/3768/3768
f 3768/3768/3768 3833/3833/3833 3834/3834/3834
f 3768/3768/3768 3834/3834/3834 3769/3769/3769
f 3769/3769/3769 3834/3834/3834 3835/3835/3835
f 3769/3769/3769 3835/3835/3835 3770/3770/3770
f 3771/3771/3771 3836/3836/3836 3837/3837/3837
f 3771/3771/3771 3837/3837/3837 3772/3772/3772
f 3772/3772/3772 3837/3837/3837 3838/3838/3838
f 3772/3772/3772 3838/3838/3838 3773/3773/3773
f 3773/3773/3773 3838/3838/3838 3839/3839/3839
f 3773/3773/3773 3839/3839/3839 3774/3774/3774
f 3774/3774/3774 3839/3839/3839 3840/3840/3840
f 3774/3774/3774 3840/3840/3840 3775/3775/3775
f 3775/3775/3775 3840/3840/3840 3841/3841/3841
f 3775/3775/3775 3841/3841/3841 3776/3776/3776
f 3776/3776/3776 3841/3841/3841 3842/3842/3842
f 3776/3776/3776 3842/3842/3842 3777/3777/3777
f 3777/3777/3777 3842/3842/3842 3843/3843/3843
f 3777/3777/3777 3843/3843/3843 3778/3778/3778
f 3778/3778/3778 3843/3843/3843 3844/3844/3844
f 3778/3778/3778 3844/3844/3844 3779/3779/3779
f 3779/3779/3779 3844/3844/3844 3845/3845/3845
f 3779/3779/3779 3845/3845/3845 3780/3780/3780
f 3780/3780/3780 3845/3845/3845 3846/3846/3846
f 3780/3780/3780 3846/3846/3846 3781/3781/3781
f 3781/3781/3781 3846/3846/3846 3847/3847/3847
f 3781/3781/3781 3847/3847/3847 3782/3782/3782
f 3782/3782/3782 3847/3847/3847 3848/3848/3848
f 3782/3782/3782 3848/3848/3848 3783/3783/3783
f 3783/3783/3783 3848/3848/3848 3849/3849/3849
f 3783/3783/3783 3849/3849/3849 3784/3784/3784
f 3784/3784/3784 3849/3849/3849 3850/3850/3850
f 3784/3784/3784 3850/3850/3850 3785/3785/3785
f 3785/3785/3785 3850/3850/3850 3851/3851/3851
f 3785/3785/3785 3851/3851/3851 3786/3786/3786
f 3786/3786/3786 3851/3851/3851 3852/3852/3852
f 3786/3786/3786 3852/3852/3852 3787/3787/3787
f 3787/3787/3787 3852/3852/3852 3853/3853/3853
f 3787/3787/3787 3853/3853/3853 3788/3788/3788
f 3788/3788/3788 3853/3853/3853 3854/3854/3854
f 3788/3788/3788 3854/3854/3854 3789/3789/3789
f 3789/3789/3789 3854/3854/3854 3855/3855/3855
f 3789/3789/3789 3855/3855/3855 3790/3790/3790
f 3790/3790/3790 3855/3855/3855 3856/3856/3856
f 3790/3790/3790 3856/3856/3856 3791/3791/3791
f 3791/3791/3791 3856/3856/3856 3857/3857/3857
f 3791/3791/3791 3857/3857/3857 3792/3792/3792
f 3792/3792/3792 3857/3857/3857 3858/3858/3858
f 3792/3792/3792 3858/3858/3858 3793/3793/3793
f 3793/3793/3793 3858/3858/3858 3859/3859/3859
f 3793/3793/3793 3859/3859/3859 3794/3794/3794
f 3794/3794/3794 3859/3859/3859 3860/3860/3860
f 3794/3794/3794 3860/3860/3860 3795/3795/3795
f 3795/3795/3795 3860/3860/3860 3861/3861/3861
f 3795/3795/3795 3861/3861/3861 3796/3796/3796
f 3796/3796/3796 3861/3861/3861 3862/3862/3862
f 3796/3796/3796 3862/3862/3862 3797/3797/3797
f 3797/3797/3797 3862/3862/3862 3863/3863/3863
f 3797/3797/3797 3863/3863/3863 3798/3798/3798
f 3798/3798/3798 3863/3863/3863 3864/3864/3864
f 3798/3798/3798 3864/3864/3864 3799/3799/3799
f 3799/3799/3799 3864/3864/3864 3865/3865/3865
f 3799/3799/3799 3865/3865/3865 3800/3800/3800
f 3800/3800/3800 3865/3865/3865 3866/3866/3866
f 3800/3800/3800 3866/3866/3866 3801/3801/3801
f 3801/3801/3801 3866/3866/3866 3867/3867/3867
f 3801/3801/3801 3867/3867/3867 3802/3802/3802
f 3802/3802/3802 3867/3867/3867 3868/3868/3868
f 3802/3802/3802 3868/3868/3868 3803/3803/3803
f 3803/3803/3803 3868/3868/3868 3869/3869/3869
f 3803/3803/3803 3869/3869/3869 3804/3804/3804
f 3804/3804/3804 3869/3869/3869 3870/3870/3870
f 3804/3804/3804 3870/3870/3870 3805/3805/3805
f 3805/3805/3805 3870/3870/3870 3871/3871/3871
f 3805/3805/3805 3871/3871/3871 3806/3806/3806
f 3806/3806/3806 3871/3871/3871 3872/3872/3872
f 3806/3806/3806 3872/3872/3872 3807/3807/3807
f 3807/3807/3807 3872/3872/3872 3873/3873/3873
f 3807/3807/3807 3873/3873/3873 3808/3808/3808
f 3808/3808/3808 3873/3873/3873 3874/3874/3874
f 3808/3808/3808 3874/3874/3874 3809/3809/3809
f 3809/3809/3809 3874/3874/3874 3875/3875/3875
f 3809/3809/3809 3875/3875/3875 3810/3810/3810
f 3810/3810/3810 3875/3875/3875 3876/3876/3876
f 3810/3810/3810 3876/3876/3876 3811/3811/3811
f 3811/3811/3811 3876/3876/3876 3877/3877/3877
f 3811/3811/3811 3877/3877/3877 3812/3812/3812
f 3812/3812/3812 3877/3877/3877 3878/3878/3878
f 3812/3812/3812 3878/3878/3878 3813/3813/3813
f 3813/3813/3813 3878/3878/3878 3879/3879/3879
f 3813/3813/3813 3879/3879/3879 3814/3814/3814
f 3814/3814/3814 3879/3879/3879 3880/3880/3880
f 3814/3814/3814 3880/3880/3880 3815/3815/3815
f 3815/3815/3815 3880/3880/3880 3881/3881/3881
f 3815/3815/3815 3881/3881/3881 3816/3816/3816
f 3816/3816/3816 3881/3881/3881 3882/3882/3882
f 3816/3816/3816 3882/3882/3882 3817/3817/3817
f 3817/3817/3817 3882/3882/3882 3883/3883/3883
f 3817/3817/3817 3883/3883/3883 3818/3818/3818
f 3818/3818/3818 3883/3883/3883 3884/3884/3884
f 3818/3818/3818 3884/3884/3884 3819/3819/3819
f 3819/3819/3819 3884/3884/3884 3885/3885/3885
f 3819/3819/3819 3885/3885/3885 3820/3820/3820
f 3820/3820/3820 3885/3885/3885 3886/3886/3886
f 3820/3820/3820 3886/3886/3886 3821/3821/3821
f 3821/3821/3821 3886/3886/3886 3887/3887/3887
f 3821/3821/3821 3887/3887/3887 3822/3822/3822
f 3822/3822/3822 3887/3887/3887 3888/3888/3888
f 3822/3822/3822 3888/3888/3888 3823/3823/3823
f 3823/3823/3823 3888/3888/3888 3889/3889/3889
f 3823/3823/3823 3889/3889/3889 3824/3824/3824
f 3824/3824/3824 3889/3889/3889 3890/3890/3890
f 3824/3824/3824 3890/3890/3890 3825/3825/3825
f 3825/3825/3825 3890/3890/3890 3891/3891/3891
f 3825/3825/3825 3891/3891/3891 3826/3826/3826
f 3826/3826/3826 3891/3891/3891 3892/3892/3892
f 3826/3826/3826 3892/3892/3892 3827/3827/3827
f 3827/3827/3827 3892/3892/3892 3893/3893/3893
f 3827/3827/3827 3893/3893/3893 3828/3828/3828
f 3828/3828/3828 3893/3893/3893 3894/3894/3894
f 3828/3828/3828 3894/3894/3894 3829/3829/3829
f 3829/3829/3829 3894/3894/3894 3895/3895/3895
f 3829/3829/3829 3895/3895/3895 3830/3830/3830
f 3830/3830/3830 3895/3895/3895 3896/3896/3896
f 3830/3830/3830 3896/3896/3896 3831/3831/3831
f 3831/3831/3831 3896/3896/3896 3897/3897/3897
f 3831/3831/3831 3897/3897/3897 3832/3832/3832
f 3832/3832/3832 3897/3897/3897 3898/3898/3898
f 3832/3832/3832 3898/3898/3898 3833/3833/3833
f 3833/3833/3833 3898/3898/3898 3899/3899/3899
f 3833/3833/3833 3899/3899/3899 3834/3834/3834
f 3834/3834/3834 3899/3899/3899 3900/3900/3900
f 3834/3834/3834 3900/3900/3900 3835/3835/3835
f 3836/3836/3836 3901/3901/3901 3902/3902/3902
f 3836/3836/3836 3902/3902/3902 3837/3837/3837
f 3837/3837/3837 3902/3902/3902 3903/3903/3903
f 3837/3837/3837 3903/3903/3903 3838/3838/3838
f 3838/3838/3838 3903/3903/3903 3904/3904/3904
f 3838/3838/3838 3904/3904/3904 3839/3839/3839
f 3839/3839/3839 3904/3904/3904 3905/3905/3905
f 3839/3839/3839 3905/3905/3905 3840/3840/3840
f 3840/3840/3840 3905/3905/3905 3906/3906/3906
f 3840/3840/3840 3906/3906/3906 3841/3841/3841
f 3841/3841/3841 3906/3906/3906 3907/3907/3907
f 3841/3841/3841 3907/3907/3907 3842/3842/3842
f 3842/3842/3842 3907/3907/3907 3908/3908/3908
f 3842/3842/3842 3908/3908/3908 3843/3843/3843
f 3843/3843/3843 3908/3908/3908 3909/3909/3909
f 3843/3843/3843 3909/3909/3909 3844/3844/3844
f 3844/3844/3844 3909/3909/3909 3910/3910/3910
f 3844/3844/3844 3910/3910/3910 3845/3845/3845
f 3845/3845/3845 3910/3910/3910 3911/3911/3911
f 3845/3845/3845 3911/3911/3911 3846/3846/3846
f 3846/3846/3846 3911/3911/3911 3912/3912/3912
f 3846/3846/3846 3912/3912/3912 3847/3847/3847
f 3847/3847/3847 3912/3912/3912 3913/3913/3913
f 3847/3847/3847 3913/3913/3913 3848/3848/3848
f 3848/3848/3848 3913/3913/3913 3914/3914/3914
f 3848/3848/3848 3914/3914/3914 3849/3849/3849
f 3849/3849/3849 3914/3914/3914 3915/3915/3915
f 3849/3849/3849 3915/3915/3915 3850/3850/3850
f 3850/3850/3850 3915/3915/3915 3916/3916/3916
f 3850/3850/3850 3916/3916/3916 3851/3851/3851
f 3851/3851/3851 3916/3916/3916 3917/3917/3917
f 3851/3851/3851 3917/3917/3917 3852/3852/3852
f 3852/3852/3852 3917/3917/3917 3918/3918/3918
f 3852/3852/3852 3918/3918/3918 3853/3853/3853
f 3853/3853/3853 3918/3918/3918 3919/3919/3919
f 3853/3853/3853 3919/3919/3919 3854/3854/3854
f 3854/3854/3854 3919/3919/3919 3920/3920/3920
f 3854/3854/3854 3920/3920/3920 3855/3855/3855
f 3855/3855/3855 3920/3920/3920 3921/3921/3921
f 3855/3855/3855 3921/3921/3921 3856/3856/3856
f 3856/3856/3856 3921/3921/3921 3922/3922/3922
f 3856/3856/3856 3922/3922/3922 3857/3857/3857
f 3857/3857/3857 3922/3922/3922 3923/3923/3923
f 3857/3857/3857 3923/3923/3923 3858/3858/3858
f 3858/3858/3858 3923/3923/3923 3924/3924/3924
f 3858/3858/3858 3924/3924/3924 3859/3859/3859
f 3859/3859/3859 3924/3924/3924 3925/3925/3925
f 3859/3859/3859 3925/3925/3925 3860/3860/3860
f 3860/3860/3860 3925/3925/3925 3926/3926/3926
f 3860/3860/3860 3926/3926/3926 3861/3861/3861
f 3861/3861/3861 3926/3926/3926 3927/3927/3927
f 3861/3861/3861 3927/3927/3927 3862/3862/3862
f 3862/3862/3862 3927/3927/3927 3928/3928/3928
f 3862/3862/3862 3928/3928/3928 3863/3863/3863
f 3863/3863/3863 3928/3928/3928 3929/3929/3929
f 3863/3863/3863 3929/3929/3929 3864/3864/3864
f 3864/3864/3864 3929/3929/3929 3930/3930/3930
f 3864/3864/3864 3930/3930/3930 3865/3865/3865
f 3865/3865/3865 3930/3930/3930 3931/3931/3931
f 3865/3865/3865 3931/3931/3931 3866/3866/3866
f 3866/3866/3866 3931/3931/3931 3932/3932/3932
f 3866/3866/3866 3932/3932/3932 3867/3867/3867
f 3867/3867/3867 3932/3932/3932 3933/3933/3933
f 3867/3867/3867 3933/3933/3933 3868/3868/3868
f 3868/3868/3868 3933/3933/3933 3934/3934/3934
f 3868/3868/3868 3934/3934/3934 3869/3869/3869
f 3869/3869/3869 3934/3934/3934 3935/3935/3935
f 3869/3869/3869 3935/3935/3935 3870/3870/3870
f 3870/3870/3870 3935/3935/3935 3936/3936/3936
f 3870/3870/3870 3936/3936/3936 3871/3871/3871
f 3871/3871/3871 3936/3936/3936 3937/3937/3937
f 3871/3871/3871 3937/3937/3937 3872/3872/3872
f 3872/3872/3872 3937/3937/3937 3938/3938/3938
f 3872/3872/3872 3938/3938/3938 3873/3873/3873
f 3873/3873/3873 3938/3938/3938 3939/3939/3939
f 3873/3873/3873 3939/3939/3939 3874/3874/3874
f 3874/3874/3874 3939/3939/3939 3940/3940/3940
f 3874/3874/3874 3940/3940/3940 3875/3875/3875
f 3875/3875/3875 3940/3940/3940 3941/3941/3941
f 3875/3875/3875 3941/3941/3941 3876/3876/3876
f 3876/3876/3876 3941/3941/3941 3942/3942/3942
f 3876/3876/3876 3942/3942/3942 3877/3877/3877
f 3877/3877/3877 3942/3942/3942 3943/3943/3943
f 3877/3877/3877 3943/3943/3943 3878/3878/3878
f 3878/3878/3878 3943/3943/3943 3944/3944/3944
f 3878/3878/3878 3944/3944/3944 3879/3879/3879
f 3879/3879/3879 3944/3944/3944 3945/3945/3945
f 3879/3879/3879 3945/3945/3945 3880/3880/3880
f 3880/3880/3880 3945/3945/3945 3946/3946/3946
f 3880/3880/3880 3946/3946/3946 3881/3881/3881
f 3881/3881/3881 3946/3946/3946 3947/3947/3947
f 3881/3881/3881 3947/3947/3947 3882/3882/3882
f 3882/3882/3882 3947/3947/3947 3948/3948/3948
f 3882/3882/3882 3948/3948/3948 3883/3883/3883
f 3883/3883/3883 3948/3948/3948 3949/3949/3949
f 3883/3883/3883 3949/3949/3949 3884/3884/3884
f 3884/3884/3884 3949/3949/3949 3950/3950/3950
f 3884/3884/3884 3950/3950/3950 3885/3885/3885
f 3885/3885/3885 3950/3950/3950 3951/3951/3951
f 3885/3885/3885 3951/3951/3951 3886/3886/3886
f 3886/3886/3886 3951/3951/3951 3952/3952/3952
f 3886/3886/3886 3952/3952/3952 3887/3887/3887
f 3887/3887/3887 3952/3952/3952 3953/3953/3953
f 3887/3887/3887 3953/3953/3953 3888/3888/3888
f 3888/3888/3888 3953/3953/3953 3954/3954/3954
f 3888/3888/3888 3954/3954/3954 3889/3889/3889
f 3889/3889/3889 3954/3954/3954 3955/3955/3955
f 3889/3889/3889 3955/3955/3955 3890/3890/3890
f 3890/3890/3890 3955/3955/3955 3956/3956/3956
f 3890/3890/3890 3956/3956/3956 3891/3891/3891
f 3891/3891/3891 3956/3956/3956 3957/3957/3957
f 3891/3891/3891 3957/3957/3957 3892/3892/3892
f 3892/3892/3892 3957/3957/3957 3958/3958/3958
f 3892/3892/3892 3958/3958/3958 3893/3893/3893
f 3893/3893/3893 3958/3958/3958 3959/3959/3959
f 3893/3893/3893 3959/3959/3959 3894/3894/3894
f 3894/3894/3894 3959/3959/3959 3960/3960/3960
f 3894/3894/3894 3960/3960/3960 3895/3895/3895
f 3895/3895/3895 3960/3960/3960 3961/3961/3961
f 3895/3895/3895 3961/3961/3961 3896/3896/3896
f 3896/3896/3896 3961/3961/3961 3962/3962/3962
f 3896/3896/3896 3962/3962/3962 3897/3897/3897
f 3897/3897/3897 3962/3962/3962 3963/3963/3963
f 3897/3897/3897 3963/3963/3963 3898/3898/3898
f 3898/3898/3898 3963/3963/3963 3964/3964/3964
f 3898/3898/3898 3964/3964/3964 3899/3899/3899
f 3899/3899/3899 3964/3964/3964 3965/3965/3965
f 3899/3899/3899 3965/3965/3965 3900/3900/3900
f 3901/3901/3901 3966/3966/3966 3967/3967/3967
f 3901/3901/3901 3967/3967/3967 3902/3902/3902
f 3902/3902/3902 3967/3967/3967 3968/3968/3968
f 3902/3902/3902 3968/3968/3968 3903/3903/3903
f 3903/3903/3903 3968/3968/3968 3969/3969/3969
f 3903/3903/3903 3969/3969/3969 3904/3904/3904
f 3904/3904/3904 3969/3969/3969 3970/3970/3970
f 3904/3904/3904 3970/3970/3970 3905/3905/3905
f 3905/3905/3905 3970/3970/3970 3971/3971/3971
f 3905/3905/3905 3971/3971/3971 3906/3906/3906
f 3906/3906/3906 3971/3971/3971 3972/3972/3972
f 3906/3906/3906 3972/3972/3972 3907/3907/3907
f 3907/3907/3907 3972/3972/3972 3973/3973/3973
f 3907/3907/3907 3973/3973/3973 3908/3908/3908
f 3908/3908/3908 3973/3973/3973 3974/3974/3974
f 3908/3908/3908 3974/3974/3974 3909/3909/3909
f 3909/3909/3909 3974/3974/3974 3975/3975/3975
f 3909/3909/3909 3975/3975/3975 3910/3910/3910
f 3910/3910/3910 3975/3975/3975 3976/3976/3976
f 3910/3910/3910 3976/3976/3976 3911/3911/3911
f 3911/3911/3911 3976/3976/3976 3977/3977/3977
f 3911/3911/3911 3977/3977/3977 3912/3912/3912
f 3912/3912/3912 3977/3977/3977 3978/3978/3978
f 3912/3912/3912 3978/3978/3978 3913/3913/3913
f 3913/3913/3913 3978/3978/3978 3979/3979/3979
f 3913/3913/3913 3979/3979/3979 3914/3914/3914
f 3914/3914/3914 3979/3979/3979 3980/3980/3980
f 3914/3914/3914 3980/3980/3980 3915/3915/3915
f 3915/3915/3915 3980/3980/3980 3981/3981/3981
f 3915/3915/3915 3981/3981/3981 3916/3916/3916
f 3916/3916/3916 3981/3981/3981 3982/3982/3982
f 3916/3916/3916 3982/3982/3982 3917/3917/3917
f 3917/3917/3917 3982/3982/3982 3983/3983/3983
f 3917/3917/3917 3983/3983/3983 3918/3918/3918
f 3918/3918/3918 3983/3983/3983 3984/3984/3984
f 3918/3918/3918 3984/3984/3984 3919/3919/3919
f 3919/3919/3919 3984/3984/3984 3985/3985/3985
f 3919/3919/3919 3985/3985/3985 3920/3920/3920
f 3920/3920/3920 3985/3985/3985 3986/3986/3986
f 3920/3920/3920 3986/3986/3986 3921/3921/3921
f 3921/3921/3921 3986/3986/3986 3987/3987/3987
f 3921/3921/3921 3987/3987/3987 3922/3922/3922
f 3922/3922/3922 3987/3987/3987 3988/3988/3988
f 3922/3922/3922 3988/3988/3988 3923/3923/3923
f 3923/3923/3923 3988/3988/3988 3989/3989/3989
f 3923/3923/3923 3989/3989/3989 3924/3924/3924
f 3924/3924/3924 3989/3989/3989 3990/3990/3990
f 3924/3924/3924 3990/3990/3990 3925/3925/3925
f 3925/3925/3925 3990/3990/3990 3991/3991/3991
f 3925/3925/3925 3991/3991/3991 3926/3926/3926
f 3926/3926/3926 3991/3991/3991 3992/3992/3992
f 3926/3926/3926 3992/3992/3992 3927/3927/3927
f 3927/3927/3927 3992/3992/3992 3993/3993/3993
f 3927/3927/3927 3993/3993/3993 3928/3928/3928
f 3928/3928/3928 3993/3993/3993 3994/3994/3994
f 3928/3928/3928 3994/3994/3994 3929/3929/3929
f 3929/3929/3929 3994/3994/3994 3995/3995/3995
f 3929/3929/3929 3995/3995/3995 3930/3930/3930
f 3930/3930/3930 3995/3995/3995 3996/3996/3996
f 3930/3930/3930 3996/3996/3996 3931/3931/3931
f 3931/3931/3931 3996/3996/3996 3997/3997/3997
f 3931/3931/3931 3997/3997/3997 3932/3932/3932
f 3932/3932/3932 3997/3997/3997 3998/3998/3998
f 3932/3932/3932 3998/3998/3998 3933/3933/3933
f 3933/3933/3933 3998/3998/3998 3999/3999/3999
f 3933/3933/3933 3999/3999/3999 3934/3934/3934
f 3934/3934/3934 3999/3999/3999 4000/4000/4000
f 3934/3934/3934 4000/4000/4000 3935/3935/3935
f 3935/3935/3935 4000/4000/4000 4001/4001/4001
f 3935/3935/3935 4001/4001/4001 3936/3936/3936
f 3936/3936/3936 4001/4001/4001 4002/4002/4002
f 3936/3936/3936 4002/4002/4002 3937/3937/3937
f 3937/3937/3937 4002/4002/4002 4003/4003/4003
f 3937/3937/3937 4003/4003/4003 3938/3938/3938
f 3938/3938/3938 4003/4003/4003 4004/4004/4004
f 3938/3938/3938 4004/4004/4004 3939/3939/3939
f 3939/3939/3939 4004/4004/4004 4005/4005/4005
f 3939/3939/3939 4005/4005/4005 3940/3940/3940
f 3940/3940/3940 4005/4005/4005 4006/4006/4006
f 3940/3940/3940 4006/4006/4006 3941/3941/3941
f 3941/3941/3941 4006/4006/4006 4007/4007/4007
f 3941/3941/3941 4007/4007/4007 3942/3942/3942
f 3942/3942/3942 4007/4007/4007 4008/4008/4008
f 3942/3942/3942 4008/4008/4008 3943/3943/3943
f 3943/3943/3943 4008/4008/4008 4009/4009/4009
f 3943/3943/3943 4009/4009/4009 3944/3944/3944
f 3944/3944/3944 4009/4009/4009 4010/4010/4010
f 3944/3944/3944 4010/4010/4010 3945/3945/3945
f 3945/3945/3945 4010/4010/4010 4011/4011/4011
f 3945/3945/3945 4011/4011/4011 3946/3946/3946
f 3946/3946/3946 4011/4011/4011 4012/4012/4012
f 3946/3946/3946 4012/4012/4012 3947/3947/3947
f 3947/3947/3947 4012/4012/4012 4013/4013/4013
f 3947/3947/3947 4013/4013/4013 3948/3948/3948
f 3948/3948/3948 4013/4013/4013 4014/4014/4014
f 3948/3948/3948 4014/4014/4014 3949/3949/3949
f 3949/3949/3949 4014/4014/4014 4015/4015/4015
f 3949/3949/3949 4015/4015/4015 3950/3950/3950
f 3950/3950/3950 4015/4015/4015 4016/4016/4016
f 3950/3950/3950 4016/4016/4016 3951/3951/3951
f 3951/3951/3951 4016/4016/4016 4017/4017/4017
f 3951/3951/3951 4017/4017/4017 3952/3952/3952
f 3952/3952/3952 4017/4017/4017 4018/4018/4018
f 3952/3952/3952 4018/4018/4018 3953/3953/3953
f 3953/3953/3953 4018/4018/4018 4019/4019/4019
f 3953/3953/3953 4019/4019/4019 3954/3954/3954
f 3954/3954/3954 4019/4019/4019 4020/4020/4020
f 3954/3954/3954 4020/4020/4020 3955/3955/3955
f 3955/3955/3955 4020/4020/4020 4021/4021/4021
f 3955/3955/3955 4021/4021/4021 3956/3956/3956
f 3956/3956/3956 4021/4021/4021 4022/4022/4022
f 3956/3956/3956 4022/4022/4022 3957/3957/3957
f 3957/3957/3957 4022/4022/4022 4023/4023/4023
f 3957/3957/3957 4023/4023/4023 3958/3958/3958
f 3958/3958/3958 4023/4023/4023 4024/4024/4024
f 3958/3958/3958 4024/4024/4024 3959/3959/3959
f 3959/3959/3959 4024/4024/4024 4025/4025/4025
f 3959/3959/3959 4025/4025/4025 3960/3960/3960
f 3960/3960/3960 4025/4025/4025 4026/4026/4026
f 3960/3960/3960 4026/4026/4026 3961/3961/3961
f 3961/3961/3961 4026/4026/4026 4027/4027/4027
f 3961/3961/3961 4027/4027/4027 3962/3962/3962
f 3962/3962/3962 4027/4027/4027 4028/4028/4028
f 3962/3962/3962 4028/4028/4028 3963/3963/3963
f 3963/3963/3963 4028/4028/4028 4029/4029/4029
f 3963/3963/3963 4029/4029/4029 3964/3964/3964
f 3964/3964/3964 4029/4029/4029 4030/4030/4030
f 3964/3964/3964 4030/4030/4030 3965/3965/3965
f 3966/3966/3966 4031/4031/4031 4032/4032/4032
f 3966/3966/3966 4032/4032/4032 3967/3967/3967
f 3967/3967/3967 4032/4032/4032 4033/4033/4033
f 3967/3967/3967 4033/4033/4033 3968/3968/3968
f 3968/3968/3968 4033/4033/4033 4034/4034/4034
f 3968/3968/3968 4034/4034/4034 3969/3969/3969
f 3969/3969/3969 4034/4034/4034 4035/4035/4035
f 3969/3969/3969 4035/4035/4035 3970/3970/3970
f 3970/3970/3970 4035/4035/4035 4036/4036/4036
f 3970/3970/3970 4036/4036/4036 3971/3971/3971
f 3971/3971/3971 4036/4036/4036 4037/4037/4037
f 3971/3971/3971 4037/4037/4037 3972/3972/3972
f 3972/3972/3972 4037/4037/4037 4038/4038/4038
f 3972/3972/3972 4038/4038/4038 3973/3973/3973
f 3973/3973/3973 4038/4038/4038 4039/4039/4039
f 3973/3973/3973 4039/4039/4039 3974/3974/3974
f 3974/3974/3974 4039/4039/4039 4040/4040/4040
f 3974/3974/3974 4040/4040/4040 3975/3975/3975
f 3975/3975/3975 4040/4040/4040 4041/4041/4041
f 3975/3975/3975 4041/4041/4041 3976/3976/3976
f 3976/3976/3976 4041/4041/4041 4042/4042/4042
f 3976/3976/3976 4042/4042/4042 3977/3977/3977
f 3977/3977/3977 4042/4042/4042 4043/4043/4043
f 3977/3977/3977 4043/4043/4043 3978/3978/3978
f 3978/3978/3978 4043/4043/4043 4044/4044/4044
f 3978/3978/3978 4044/4044/4044 3979/3979/3979
f 3979/3979/3979 4044/4044/4044 4045/4045/4045
f 3979/3979/3979 4045/4045/4045 3980/3980/3980
f 3980/3980/3980 4045/4045/4045 4046/4046/4046
f 3980/3980/3980 4046/4046/4046 3981/3981/3981
f 3981/3981/3981 4046/4046/4046 4047/4047/4047
f 3981/3981/3981 4047/4047/4047 3982/3982/3982
f 3982/3982/3982 4047/4047/4047 4048/4048/4048
f 3982/3982/3982 4048/4048/4048 3983/3983/3983
f 3983/3983/3983 4048/4048/4048 4049/4049/4049
f 3983/3983/3983 4049/4049/4049 3984/3984/3984
f 3984/3984/3984 4049/4049/4049 4050/4050/4050
f 3984/3984/3984 4050/4050/4050 3985/3985/3985
f 3985/3985/3985 4050/4050/4050 4051/4051/4051
f 3985/3985/3985 4051/4051/4051 3986/3986/3986
f 3986/3986/3986 4051/4051/4051 4052/4052/4052
f 3986/3986/3986 4052/4052/4052 3987/3987/3987
f 3987/3987/3987 4052/4052/4052 4053/4053/4053
f 3987/3987/3987 4053/4053/4053 3988/3988/3988
f 3988/3988/3988 4053/4053/4053 4054/4054/4054
f 3988/3988/3988 4054/4054/4054 3989/3989/3989
f 3989/3989/3989 4054/4054/4054 4055/4055/4055
f 3989/3989/3989 4055/4055/4055 3990/3990/3990
f 3990/3990/3990 4055/4055/4055 4056/4056/4056
f 3990/3990/3990 4056/4056/4056 3991/3991/3991
f 3991/3991/3991 4056/4056/4056 4057/4057/4057
f 3991/3991/3991 4057/4057/4057 3992/3992/3992
f 3992/3992/3992 4057/4057/4057 4058/4058/4058
f 3992/3992/3992 4058/4058/4058 3993/3993/3993
f 3993/3993/3993 4058/4058/4058 4059/4059/4059
f 3993/3993/3993 4059/4059/4059 3994/3994/3994
f 3994/3994/3994 4059/4059/4059 4060/4060/4060
f 3994/3994/3994 4060/4060/4060 3995/3995/3995
f 3995/3995/3995 4060/4060/4060 4061/4061/4061
f 3995/3995/3995 4061/4061/4061 3996/3996/3996
f 3996/3996/3996 4061/4061/4061 4062/4062/4062
f 3996/3996/3996 4062/4062/4062 3997/3997/3997
f 3997/3997/3997 4062/4062/4062 4063/4063/4063
f 3997/3997/3997 4063/4063/4063 3998/3998/3998
f 3998/3998/3998 4063/4063/4063 4064/4064/4064
f 3998/3998/3998 4064/4064/4064 3999/3999/3999
f 3999/3999/3999 4064/4064/4064 4065/4065/4065
f 3999/3999/3999 4065/4065/4065 4000/4000/4000
f 4000/4000/4000 4065/4065/4065 4066/4066/4066
f 4000/4000/4000 4066/4066/4066 4001/4001/4001
f 4001/4001/4001 4066/4066/4066 4067/4067/4067
f 4001/4001/4001 4067/4067/4067 4002/4002/4002
f 4002/4002/4002 4067/4067/4067 4068/4068/4068
f 4002/4002/4002 4068/4068/4068 4003/4003/4003
f 4003/4003/4003 4068/4068/4068 4069/4069/4069
f 4003/4003/4003 4069/4069/4069 4004/4004/4004
f 4004/4004/4004 4069/4069/4069 4070/4070/4070
f 4004/4004/4004 4070/4070/4070 4005/4005/4005
f 4005/4005/4005 4070/4070/4070 4071/4071/4071
f 4005/4005/4005 4071/4071/4071 4006/4006/4006
f 4006/4006/4006 4071/4071/4071 4072/4072/4072
f 4006/4006/4006 4072/4072/4072 4007/4007/4007
f 4007/4007/4007 4072/4072/4072 4073/4073/4073
f 4007/4007/4007 4073/4073/4073 4008/4008/4008
f 4008/4008/4008 4073/4073/4073 4074/4074/4074
f 4008/4008/4008 4074/4074/4074 4009/4009/4009
f 4009/4009/4009 4074/4074/4074 4075/4075/4075
f 4009/4009/4009 4075/4075/4075 4010/4010/4010
f 4010/4010/4010 4075/4075/4075 4076/4076/4076
f 4010/4010/4010 4076/4076/4076 4011/4011/4011
f 4011/4011/4011 4076/4076/4076 4077/4077/4077
f 4011/4011/4011 4077/4077/4077 4012/4012/4012
f 4012/4012/4012 4077/4077/4077 4078/4078/4078
f 4012/4012/4012 4078/4078/4078 4013/4013/4013
f 4013/4013/4013 4078/4078/4078 4079/4079/4079
f 4013/4013/4013 4079/4079/4079 4014/4014/4014
f 4014/4014/4014 4079/4079/4079 4080/4080/4080
f 4014/4014/4014 4080/4080/4080 4015/4015/4015
f 4015/4015/4015 4080/4080/4080 4081/4081/4081
f 4015/4015/4015 4081/4081/4081 4016/4016/4016
f 4016/4016/4016 4081/4081/4081 4082/4082/4082
f 4016/4016/4016 4082/4082/4082 4017/4017/4017
f 4017/4017/4017 4082/4082/4082 4083/4083/4083
f 4017/4017/4017 4083/4083/4083 4018/4018/4018
f 4018/4018/4018 4083/4083/4083 4084/4084/4084
f 4018/4018/4018 4084/4084/4084 4019/4019/4019
f 4019/4019/4019 4084/4084/4084 4085/4085/4085
f 4019/4019/4019 4085/4085/4085 4020/4020/4020
f 4020/4020/4020 4085/4085/4085 4086/4086/4086
f 4020/4020/4020 4086/4086/4086 4021/4021/4021
f 4021/4021/4021 4086/4086/4086 4087/4087/4087
f 4021/4021/4021 4087/4087/4087 4022/4022/4022
f 4022/4022/4022 4087/4087/4087 4088/4088/4088
f 4022/4022/4022 4088/4088/4088 4023/4023/4023
f 4023/4023/4023 4088/4088/4088 4089/4089/4089
f 4023/4023/4023 4089/4089/4089 4024/4024/4024
f 4024/4024/4024 4089/4089/4089 4090/4090/4090
f 4024/4024/4024 4090/4090/4090 4025/4025/4025
f 4025/4025/4025 4090/4090/4090 4091/4091/4091
f 4025/4025/4025 4091/4091/4091 4026/4026/4026
f 4026/4026/4026 4091/4091/4091 4092/4092/4092
f 4026/4026/4026 4092/4092/4092 4027/4027/4027
f 4027/4027/4027 4092/4092/4092 4093/4093/4093
f 4027/4027/4027 4093/4093/4093 4028/4028/4028
f 4028/4028/4028 4093/4093/4093 4094/4094/4094
f 4028/4028/4028 4094/4094/4094 4029/4029/4029
f 4029/4029/4029 4094/4094/4094 4095/4095/4095
f 4029/4029/4029 4095/4095/4095 4030/4030/4030
f 4031/4031/4031 4096/4096/4096 4097/4097/4097
f 4031/4031/4031 4097/4097/4097 4032/4032/4032
f 4032/4032/4032 4097/4097/4097 4098/4098/4098
f 4032/4032/4032 4098/4098/4098 4033/4033/4033
f 4033/4033/4033 4098/4098/4098 4099/4099/4099
f 4033/4033/4033 4099/4099/4099 4034/4034/4034
f 4034/4034/4034 4099/4099/4099 4100/4100/4100
f 4034/4034/4034 4100/4100/4100 4035/4035/4035
f 4035/4035/4035 4100/4100/4100 4101/4101/4101
f 4035/4035/4035 4101/4101/4101 4036/4036/4036
f 4036/4036/4036 4101/4101/4101 4102/4102/4102
f 4036/4036/4036 4102/4102/4102 4037/4037/4037
f 4037/4037/4037 4102/4102/4102 4103/4103/4103
f 4037/4037/4037 4103/4103/4103 4038/4038/4038
f 4038/4038/4038 4103/4103/4103 4104/4104/4104
f 4038/4038/4038 4104/4104/4104 4039/4039/4039
f 4039/4039/4039 4104/4104/4104 4105/4105/4105
f 4039/4039/4039 4105/4105/4105 4040/4040/4040
f 4040/4040/4040 4105/4105/4105 4106/4106/4106
f 4040/4040/4040 4106/4106/4106 4041/4041/4041
f 4041/4041/4041 4106/4106/4106 4107/4107/4107
f 4041/4041/4041 4107/4107/4107 4042/4042/4042
f 4042/4042/4042 4107/4107/4107 4108/4108/4108
f 4042/4042/4042 4108/4108/4108 4043/4043/4043
f 4043/4043/4043 4108/4108/4108 4109/4109/4109
f 4043/4043/4043 4109/4109/4109 4044/4044/4044
f 4044/4044/4044 4109/4109/4109 4110/4110/4110
f 4044/4044/4044 4110/4110/4110 4045/4045/4045
f 4045/4045/4045 4110/4110/4110 4111/4111/4111
f 4045/4045/4045 4111/4111/4111 4046/4046/4046
f 4046/4046/4046 4111/4111/4111 4112/4112/4112
f 4046/4046/4046 4112/4112/4112 4047/4047/4047
f 4047/4047/4047 4112/4112/4112 4113/4113/4113
f 4047/4047/4047 4113/4113/4113 4048/4048/4048
f 4048/4048/4048 4113/4113/4113 4114/4114/4114
f 4048/4048/4048 4114/4114/4114 4049/4049/4049
f 4049/4049/4049 4114/4114/4114 4115/4115/4115
f 4049/4049/4049 4115/4115/4115 4050/4050/4050
f 4050/4050/4050 4115/4115/4115 4116/4116/4116
f 4050/4050/4050 4116/4116/4116 4051/4051/4051
f 4051/4051/4051 4116/4116/4116 4117/4117/4117
f 4051/4051/4051 4117/4117/4117 4052/4052/4052
f 4052/4052/4052 4117/4117/4117 4118/4118/4118
f 4052/4052/4052 4118/4118/4118 4053/4053/4053
f 4053/4053/4053 4118/4118/4118 4119/4119/4119
f 4053/4053/4053 4119/4119/4119 4054/4054/4054
f 4054/4054/4054 4119/4119/4119 4120/4120/4120
f 4054/4054/4054 4120/4120/4120 4055/4055/4055
f 4055/4055/4055 4120/4120/4120 4121/4121/4121
f 4055/4055/4055 4121/4121/4121 4056/4056/4056
f 4056/4056/4056 4121/4121/4121 4122/4122/4122
f 4056/4056/4056 4122/4122/4122 4057/4057/4057
f 4057/4057/4057 4122/4122/4122 4123/4123/4123
f 4057/4057/4057 4123/4123/4123 4058/4058/4058
f 4058/4058/4058 4123/4123/4123 4124/4124/4124
f 4058/4058/4058 4124/4124/4124 4059/4059/4059
f 4059/4059/4059 4124/4124/4124 4125/4125/4125
f 4059/4059/4059 4125/4125/4125 4060/4060/4060
f 4060/4060/4060 4125/4125/4125 4126/4126/4126
f 4060/4060/4060 4126/4126/4126 4061/4061/4061
f 4061/4061/4061 4126/4126/4126 4127/4127/4127
f 4061/4061/4061 4127/4127/4127 4062/4062/4062
f 4062/4062/4062 4127/4127/4127 4128/4128/4128
f 4062/4062/4062 4128/4128/4128 4063/4063/4063
f 4063/4063/4063 4128/4128/4128 4129/4129/4129
f 4063/4063/4063 4129/4129/4129 4064/4064/4064
f 4064/4064/4064 4129/4129/4129 4130/4130/4130
f 4064/4064/4064 4130/4130/4130 4065/4065/4065
f 4065/4065/4065 4130/4130/4130 4131/4131/4131
f 4065/4065/4065 4131/4131/4131 4066/4066/4066
f 4066/4066/4066 4131/4131/4131 4132/4132/4132
f 4066/4066/4066 4132/4132/4132 4067/4067/4067
f 4067/4067/4067 4132/4132/4132 4133/4133/4133
f 4067/4067/4067 4133/4133/4133 4068/4068/4068
f 4068/4068/4068 4133/4133/4133 4134/4134/4134
f 4068/4068/4068 4134/4134/4134 4069/4069/4069
f 4069/4069/4069 4134/4134/4134 4135/4135/4135
f 4069/4069/4069 4135/4135/4135 4070/4070/4070
f 4070/4070/4070 4135/4135/4135 4136/4136/4136
f 4070/4070/4070 4136/4136/4136 4071/4071/4071
f 4071/4071/4071 4136/4136/4136 4137/4137/4137
f 4071/4071/4071 4137/4137/4137 4072/4072/4072
f 4072/4072/4072 4137/4137/4137 4138/4138/4138
f 4072/4072/4072 4138/4138/4138 4073/4073/4073
f 4073/4073/4073 4138/4138/4138 4139/4139/4139
f 4073/4073/4073 4139/4139/4139 4074/4074/4074
f 4074/4074/4074 4139/4139/4139 4140/4140/4140
f 4074/4074/4074 4140/4140/4140 4075/4075/4075
f 4075/4075/4075 4140/4140/4140 4141/4141/4141
f 4075/4075/4075 4141/4141/4141 4076/4076/4076
f 4076/4076/4076 4141/4141/4141 4142/4142/4142
f 4076/4076/4076 4142/4142/4142 4077/4077/4077
f 4077/4077/4077 4142/4142/4142 4143/4143/4143
f 4077/4077/4077 4143/4143/4143 4078/4078/4078
f 4078/4078/4078 4143/4143/4143 4144/4144/4144
f 4078/4078/4078 4144/4144/4144 4079/4079/4079
f 4079/4079/4079 4144/4144/4144 4145/4145/4145
f 4079/4079/4079 4145/4145/4145 4080/4080/4080
f 4080/4080/4080 4145/4145/4145 4146/4146/4146
f 4080/4080/4080 4146/4146/4146 4081/4081/4081
f 4081/4081/4081 4146/4146/4146 4147/4147/4147
f 4081/4081/4081 4147/4147/4147 4082/4082/4082
f 4082/4082/4082 4147/4147/4147 4148/4148/4148
f 4082/4082/4082 4148/4148/4148 4083/4083/4083
f 4083/4083/4083 4148/4148/4148 4149/4149/4149
f 4083/4083/4083 4149/4149/4149 4084/4084/4084
f 4084/4084/4084 4149/4149/4149 4150/4150/4150
f 4084/4084/4084 4150/4150/4150 4085/4085/4085
f 4085/4085/4085 4150/4150/4150 4151/4151/4151
f 4085/4085/4085 4151/4151/4151 4086/4086/4086
f 4086/4086/4086 4151/4151/4151 4152/4152/4152
f 4086/4086/4086 4152/4152/4152 4087/4087/4087
f 4087/4087/4087 4152/4152/4152 4153/4153/4153
f 4087/4087/4087 4153/4153/4153 4088/4088/4088
f 4088/4088/4088 4153/4153/4153 4154/4154/4154
f 4088/4088/4088 4154/4154/4154 4089/4089/4089
f 4089/4089/4089 4154/4154/4154 4155/4155/4155
f 4089/4089/4089 4155/4155/4155 4090/4090/4090
f 4090/4090/4090 4155/4155/4155 4156/4156/4156
f 4090/4090/4090 4156/4156/4156 4091/4091/4091
f 4091/4091/4091 4156/4156/4156 4157/4157/4157
f 4091/4091/4091 4157/4157/4157 4092/4092/4092
f 4092/4092/4092 4157/4157/4157 4158/4158/4158
f 4092/4092/4092 4158/4158/4158 4093/4093/4093
f 4093/4093/4093 4158/4158/4158 4159/4159/4159
f 4093/4093/4093 4159/4159/4159 4094/4094/4094
f 4094/4094/4094 4159/4159/4159 4160/4160/4160
f 4094/4094/4094 4160/4160/4160 4095/4095/4095
f 4096/4096/4096 4161/4161/4161 4162/4162/4162
f 4096/4096/4096 4162/4162/4162 4097/4097/4097
f 4097/4097/4097 4162/4162/4162 4163/4163/4163
f 4097/4097/4097 4163/4163/4163 4098/4098/4098
f 4098/4098/4098 4163/4163/4163 4164/4164/4164
f 4098/4098/4098 4164/4164/4164 4099/4099/4099
f 4099/4099/4099 4164/4164/4164 4165/4165/4165
f 4099/4099/4099 4165/4165/4165 4100/4100/4100
f 4100/4100/4100 4165/4165/4165 4166/4166/4166
f 4100/4100/4100 4166/4166/4166 4101/4101/4101
f 4101/4101/4101 4166/4166/4166 4167/4167/4167
f 4101/4101/4101 4167/4167/4167 4102/4102/4102
f 4102/4102/4102 4167/4167/4167 4168/4168/4168
f 4102/4102/4102 4168/4168/4168 4103/4103/4103
f 4103/4103/4103 4168/4168/4168 4169/4169/4169
f 4103/4103/4103 4169/4169/4169 4104/4104/4104
f 4104/4104/4104 4169/4169/4169 4170/4170/4170
f 4104/4104/4104 4170/4170/4170 4105/4105/4105
f 4105/4105/4105 4170/4170/4170 4171/4171/4171
f 4105/4105/4105 4171/4171/4171 4106/4106/4106
f 4106/4106/4106 4171/4171/4171 4172/4172/4172
f 4106/4106/4106 4172/4172/4172 4107/4107/4107
f 4107/4107/4107 4172/4172/4172 4173/4173/4173
f 4107/4107/4107 4173/4173/4173 4108/4108/4108
f 4108/4108/4108 4173/4173/4173 4174/4174/4174
f 4108/4108/4108 4174/4174/4174 4109/4109/4109
f 4109/4109/4109 4174/4174/4174 4175/4175/4175
f 4109/4109/4109 4175/4175/4175 4110/4110/4110
f 4110/4110/4110 4175/4175/4175 4176/4176/4176
f 4110/4110/4110 4176/4176/4176 4111/4111/4111
f 4111/4111/4111 4176/4176/4176 4177/4177/4177
f 4111/4111/4111 4177/4177/4177 4112/4112/4112
f 4112/4112/4112 4177/4177/4177 4178/4178/4178
f 4112/4112/4112 4178/4178/4178 4113/4113/4113
f 4113/4113/4113 4178/4178/4178 4179/4179/4179
f 4113/4113/4113 4179/4179/4179 4114/4114/4114
f 4114/4114/4114 4179/4179/4179 4180/4180/4180
f 4114/4114/4114 4180/4180/4180 4115/4115/4115
f 4115/4115/4115 4180/4180/4180 4181/4181/4181
f 4115/4115/4115 4181/4181/4181 4116/4116/4116
f 4116/4116/4116 4181/4181/4181 4182/4182/4182
f 4116/4116/4116 4182/4182/4182 4117/4117/4117
f 4117/4117/4117 4182/4182/4182 4183/4183/4183
f 4117/4117/4117 4183/4183/4183 4118/4118/4118
f 4118/4118/4118 4183/4183/4183 4184/4184/4184
f 4118/4118/4118 4184/4184/4184 4119/4119/4119
f 4119/4119/4119 4184/4184/4184 4185/4185/4185
f 4119/4119/4119 4185/4185/4185 4120/4120/4120
f 4120/4120/4120 4185/4185/4185 4186/4186/4186
f 4120/4120/4120 4186/4186/4186 4121/4121/4121
f 4121/4121/4121 4186/4186/4186 4187/4187/4187
f 4121/4121/4121 4187/4187/4187 4122/4122/4122
f 4122/4122/4122 4187/4187/4187 4188/4188/4188
f 4122/4122/4122 4188/4188/4188 4123/4123/4123
f 4123/4123/4123 4188/4188/4188 4189/4189/4189
f 4123/4123/4123 4189/4189/4189 4124/4124/4124
f 4124/4124/4124 4189/4189/4189 4190/4190/4190
f 4124/4124/4124 4190/4190/4190 4125/4125/4125
f 4125/4125/4125 4190/4190/4190 4191/4191/4191
f 4125/4125/4125 4191/4191/4191 4126/4126/4126
f 4126/4126/4126 4191/4191/4191 4192/4192/4192
f 4126/4126/4126 4192/4192/4192 4127/4127/4127
f 4127/4127/4127 4192/4192/4192 4193/4193/4193
f 4127/4127/4127 4193/4193/4193 4128/4128/4128
f 4128/4128/4128 4193/4193/4193 4194/4194/4194
f 4128/4128/4128 4194/4194/4194 4129/4129/4129
f 4129/4129/4129 4194/4194/4194 4195/4195/4195
f 4129/4129/4129 4195/4195/4195 4130/4130/4130
f 4130/4130/4130 4195/4195/4195 4196/4196/4196
f 4130/4130/4130 4196/4196/4196 4131/4131/4131
f 4131/4131/4131 4196/4196/4196 4197/4197/4197
f 4131/4131/4131 4197/4197/4197 4132/4132/4132
f 4132/4132/4132 4197/4197/4197 4198/4198/4198
f 4132/4132/4132 4198/4198/4198 4133/4133/4133
f 4133/4133/4133 4198/4198/4198 4199/4199/4199
f 4133/4133/4133 4199/4199/4199 4134/4134/4134
f 4134/4134/4134 4199/4199/4199 4200/4200/4200
f 4134/4134/4134 4200/4200/4200 4135/4135/4135
f 4135/4135/4135 4200/4200/4200 4201/4201/4201
f 4135/4135/4135 4201/4201/4201 4136/4136/4136
f 4136/4136/4136 4201/4201/4201 4202/4202/4202
f 4136/4136/4136 4202/4202/4202 4137/4137/4137
f 4137/4137/4137 4202/4202/4202 4203/4203/4203
f 4137/4137/4137 4203/4203/4203 4138/4138/4138
f 4138/4138/4138 4203/4203/4203 4204/4204/4204
f 4138/4138/4138 4204/4204/4204 4139/4139/4139
f 4139/4139/4139 4204/4204/4204 4205/4205/4205
f 4139/4139/4139 4205/4205/4205 4140/4140/4140
f 4140/4140/4140 4205/4205/4205 4206/4206/4206
f 4140/4140/4140 4206/4206/4206 4141/4141/4141
f 4141/4141/4141 4206/4206/4206 4207/4207/4207
f 4141/4141/4141 4207/4207/4207 4142/4142/4142
f 4142/4142/4142 4207/4207/4207 4208/4208/4208
f 4142/4142/4142 4208/4208/4208 4143/4143/4143
f 4143/4143/4143 4208/4208/4208 4209/4209/4209
f 4143/4143/4143 4209/4209/4209 4144/4144/4144
f 4144/4144/4144 4209/4209/4209 4210/4210/4210
f 4144/4144/4144 4210/4210/4210 4145/4145/4145
f 4145/4145/4145 4210/4210/4210 4211/4211/4211
f 4145/4145/4145 4211/4211/4211 4146/4146/4146
f 4146/4146/4146 4211/4211/4211 4212/4212/4212
f 4146/4146/4146 4212/4212/4212 4147/4147/4147
f 4147/4147/4147 4212/4212/4212 4213/4213/4213
f 4147/4147/4147 4213/4213/4213 4148/4148/4148
f 4148/4148/4148 4213/4213/4213 4214/4214/4214
f 4148/4148/4148 4214/4214/4214 4149/4149/4149
f 4149/4149/4149 4214/4214/4214 4215/4215/4215
f 4149/4149/4149 4215/4215/4215 4150/4150/4150
f 4150/4150/4150 4215/4215/4215 4216/4216/4216
f 4150/4150/4150 4216/4216/4216 4151/4151/4151
f 4151/4151/4151 4216/4216/4216 4217/4217/4217
f 4151/4151/4151 4217/4217/4217 4152/4152/4152
f 4152/4152/4152 4217/4217/4217 4218/4218/4218
f 4152/4152/4152 4218/4218/4218 4153/4153/4153
f 4153/4153/4153 4218/4218/4218 4219/4219/4219
f 4153/4153/4153 4219/4219/4219 4154/4154/4154
f 4154/4154/4154 4219/4219/4219 4220/4220/4220
f 4154/4154/4154 4220/4220/4220 4155/4155/4155
f 4155/4155/4155 4220/4220/4220 4221/4221/4221
f 4155/4155/4155 4221/4221/4221 4156/4156/4156
f 4156/4156/4156 4221/4221/4221 4222/4222/4222
f 4156/4156/4156 4222/4222/4222 4157/4157/4157
f 4157/4157/4157 4222/4222/4222 4223/4223/4223
f 4157/4157/4157 4223/4223/4223 4158/4158/4158
f 4158/4158/4158 4223/4223/4223 4224/4224/4224
f 4158/4158/4158 4224/4224/4224 4159/4159/4159
f 4159/4159/4159 4224/4224/4224 4225/4225/4225
f 4159/4159/4159 4225/4225/4225 4160/4160/4160
